Team,Season Start Year,Game Number,Outcome,Win Odds,Lose Odds
Atlanta Hawks,2016,1,true,-182,154
Atlanta Hawks,2016,2,true,-370,296
Atlanta Hawks,2016,3,true,-303,248
Atlanta Hawks,2016,4,false,-909,629
Atlanta Hawks,2016,5,false,-103,-114
Atlanta Hawks,2016,6,true,-156,133
Atlanta Hawks,2016,7,true,293,-370
Atlanta Hawks,2016,8,true,-161,139
Atlanta Hawks,2016,9,true,-2500,1232
Atlanta Hawks,2016,10,true,-286,234
Atlanta Hawks,2016,11,true,-222,179
Atlanta Hawks,2016,12,false,116,-137
Atlanta Hawks,2016,13,false,-185,159
Atlanta Hawks,2016,14,false,-385,304
Atlanta Hawks,2016,15,true,-116,-102
Atlanta Hawks,2016,16,false,138,-161
Atlanta Hawks,2016,17,false,-208,174
Atlanta Hawks,2016,18,false,950,-1667
Atlanta Hawks,2016,19,false,-185,154
Atlanta Hawks,2016,20,false,-125,106
Atlanta Hawks,2016,21,false,313,-400
Atlanta Hawks,2016,22,false,-179,150
Atlanta Hawks,2016,23,true,-455,351
Atlanta Hawks,2016,24,true,133,-156
Atlanta Hawks,2016,25,false,-385,308
Atlanta Hawks,2016,26,true,236,-294
Atlanta Hawks,2016,27,false,-143,121
Atlanta Hawks,2016,28,true,129,-154
Atlanta Hawks,2016,29,false,-185,158
Atlanta Hawks,2016,30,true,181,-217
Atlanta Hawks,2016,31,false,-122,102
Atlanta Hawks,2016,32,true,-204,168
Atlanta Hawks,2016,33,true,-143,121
Atlanta Hawks,2016,34,true,181,-222
Atlanta Hawks,2016,35,true,-132,110
Atlanta Hawks,2016,36,true,106,-127
Atlanta Hawks,2016,37,true,-119,100
Atlanta Hawks,2016,38,true,-385,304
Atlanta Hawks,2016,39,false,-161,136
Atlanta Hawks,2016,40,true,-179,150
Atlanta Hawks,2016,41,true,-145,122
Atlanta Hawks,2016,42,false,-130,108
Atlanta Hawks,2016,43,true,-179,152
Atlanta Hawks,2016,44,true,-625,447
Atlanta Hawks,2016,45,false,-323,258
Atlanta Hawks,2016,46,true,-123,104
Atlanta Hawks,2016,47,false,-154,131
Atlanta Hawks,2016,48,true,-256,211
Atlanta Hawks,2016,49,false,104,-122
Atlanta Hawks,2016,50,true,400,-526
Atlanta Hawks,2016,51,true,-323,266
Atlanta Hawks,2016,52,false,-114,-104
Atlanta Hawks,2016,53,true,-169,144
Atlanta Hawks,2016,54,false,-127,108
Atlanta Hawks,2016,55,true,112,-132
Atlanta Hawks,2016,56,false,137,-161
Atlanta Hawks,2016,57,false,-143,121
Atlanta Hawks,2016,58,false,-167,141
Atlanta Hawks,2016,59,true,156,-185
Atlanta Hawks,2016,60,true,-250,208
Atlanta Hawks,2016,61,false,124,-147
Atlanta Hawks,2016,62,false,-152,129
Atlanta Hawks,2016,63,false,192,-233
Atlanta Hawks,2016,64,true,-556,413
Atlanta Hawks,2016,65,true,-154,129
Atlanta Hawks,2016,66,true,220,-263
Atlanta Hawks,2016,67,false,239,-294
Atlanta Hawks,2016,68,false,-179,150
Atlanta Hawks,2016,69,false,-128,108
Atlanta Hawks,2016,70,false,195,-233
Atlanta Hawks,2016,71,false,266,-333
Atlanta Hawks,2016,72,false,225,-270
Atlanta Hawks,2016,73,false,-278,229
Atlanta Hawks,2016,74,true,-556,415
Atlanta Hawks,2016,75,true,-149,125
Atlanta Hawks,2016,76,false,187,-227
Atlanta Hawks,2016,77,false,-159,133
Atlanta Hawks,2016,78,true,-104,-115
Atlanta Hawks,2016,79,true,1008,-1667
Atlanta Hawks,2016,80,true,175,-208
Atlanta Hawks,2016,81,true,-370,288
Atlanta Hawks,2016,82,false,953,-1667
Atlanta Hawks,2017,1,true,181,-217
Atlanta Hawks,2017,2,false,161,-189
Atlanta Hawks,2017,3,false,102,-122
Atlanta Hawks,2017,4,false,523,-769
Atlanta Hawks,2017,5,false,114,-135
Atlanta Hawks,2017,6,false,231,-286
Atlanta Hawks,2017,7,false,179,-217
Atlanta Hawks,2017,8,false,256,-323
Atlanta Hawks,2017,9,false,325,-417
Atlanta Hawks,2017,10,true,592,-909
Atlanta Hawks,2017,11,false,275,-345
Atlanta Hawks,2017,12,false,271,-345
Atlanta Hawks,2017,13,false,395,-526
Atlanta Hawks,2017,14,false,316,-400
Atlanta Hawks,2017,15,true,-208,173
Atlanta Hawks,2017,16,false,199,-238
Atlanta Hawks,2017,17,false,330,-417
Atlanta Hawks,2017,18,false,127,-152
Atlanta Hawks,2017,19,true,-128,108
Atlanta Hawks,2017,20,false,218,-263
Atlanta Hawks,2017,21,false,269,-333
Atlanta Hawks,2017,22,true,168,-200
Atlanta Hawks,2017,23,false,-114,-103
Atlanta Hawks,2017,24,false,210,-250
Atlanta Hawks,2017,25,true,-196,167
Atlanta Hawks,2017,26,false,193,-233
Atlanta Hawks,2017,27,false,604,-909
Atlanta Hawks,2017,28,false,146,-172
Atlanta Hawks,2017,29,false,218,-263
Atlanta Hawks,2017,30,true,-122,104
Atlanta Hawks,2017,31,false,165,-196
Atlanta Hawks,2017,32,false,493,-667
Atlanta Hawks,2017,33,true,-101,-118
Atlanta Hawks,2017,34,true,200,-244
Atlanta Hawks,2017,35,false,487,-667
Atlanta Hawks,2017,36,true,121,-143
Atlanta Hawks,2017,37,false,-104,-114
Atlanta Hawks,2017,38,false,247,-303
Atlanta Hawks,2017,39,false,137,-161
Atlanta Hawks,2017,40,false,156,-185
Atlanta Hawks,2017,41,true,353,-455
Atlanta Hawks,2017,42,false,-154,131
Atlanta Hawks,2017,43,true,188,-227
Atlanta Hawks,2017,44,true,117,-139
Atlanta Hawks,2017,45,false,-130,110
Atlanta Hawks,2017,46,true,124,-147
Atlanta Hawks,2017,47,false,224,-270
Atlanta Hawks,2017,48,false,238,-294
Atlanta Hawks,2017,49,false,139,-164
Atlanta Hawks,2017,50,true,222,-270
Atlanta Hawks,2017,51,false,122,-145
Atlanta Hawks,2017,52,false,239,-294
Atlanta Hawks,2017,53,true,190,-233
Atlanta Hawks,2017,54,true,-152,129
Atlanta Hawks,2017,55,false,-128,106
Atlanta Hawks,2017,56,false,110,-130
Atlanta Hawks,2017,57,true,142,-169
Atlanta Hawks,2017,58,false,258,-323
Atlanta Hawks,2017,59,false,438,-588
Atlanta Hawks,2017,60,false,263,-323
Atlanta Hawks,2017,61,false,112,-133
Atlanta Hawks,2017,62,true,160,-192
Atlanta Hawks,2017,63,false,761,-1250
Atlanta Hawks,2017,64,true,-125,106
Atlanta Hawks,2017,65,false,718,-1111
Atlanta Hawks,2017,66,false,321,-400
Atlanta Hawks,2017,67,false,-130,110
Atlanta Hawks,2017,68,false,212,-256
Atlanta Hawks,2017,69,false,183,-222
Atlanta Hawks,2017,70,false,540,-769
Atlanta Hawks,2017,71,true,965,-1667
Atlanta Hawks,2017,72,false,138,-161
Atlanta Hawks,2017,73,false,559,-769
Atlanta Hawks,2017,74,false,946,-1667
Atlanta Hawks,2017,75,false,759,-1111
Atlanta Hawks,2017,76,false,293,-370
Atlanta Hawks,2017,77,true,-122,104
Atlanta Hawks,2017,78,false,794,-1250
Atlanta Hawks,2017,79,false,245,-303
Atlanta Hawks,2017,80,true,509,-714
Atlanta Hawks,2017,81,true,408,-526
Atlanta Hawks,2017,82,false,441,-588
Atlanta Hawks,2018,1,false,140,-164
Atlanta Hawks,2018,2,false,236,-286
Atlanta Hawks,2018,3,true,296,-370
Atlanta Hawks,2018,4,true,106,-125
Atlanta Hawks,2018,5,false,-233,191
Atlanta Hawks,2018,6,false,577,-833
Atlanta Hawks,2018,7,false,172,-204
Atlanta Hawks,2018,8,false,114,-135
Atlanta Hawks,2018,9,true,193,-233
Atlanta Hawks,2018,10,false,575,-833
Atlanta Hawks,2018,11,false,100,-118
Atlanta Hawks,2018,12,false,181,-217
Atlanta Hawks,2018,13,false,546,-769
Atlanta Hawks,2018,14,false,584,-833
Atlanta Hawks,2018,15,false,810,-1250
Atlanta Hawks,2018,16,false,519,-714
Atlanta Hawks,2018,17,false,224,-278
Atlanta Hawks,2018,18,false,277,-345
Atlanta Hawks,2018,19,false,272,-345
Atlanta Hawks,2018,20,true,231,-278
Atlanta Hawks,2018,21,true,269,-333
Atlanta Hawks,2018,22,false,610,-909
Atlanta Hawks,2018,23,false,746,-1250
Atlanta Hawks,2018,24,false,503,-714
Atlanta Hawks,2018,25,false,136,-161
Atlanta Hawks,2018,26,true,195,-238
Atlanta Hawks,2018,27,false,384,-500
Atlanta Hawks,2018,28,false,650,-1000
Atlanta Hawks,2018,29,false,246,-303
Atlanta Hawks,2018,30,true,131,-156
Atlanta Hawks,2018,31,true,112,-133
Atlanta Hawks,2018,32,true,365,-476
Atlanta Hawks,2018,33,false,219,-270
Atlanta Hawks,2018,34,true,361,-476
Atlanta Hawks,2018,35,true,-179,150
Atlanta Hawks,2018,36,false,788,-1250
Atlanta Hawks,2018,37,false,213,-263
Atlanta Hawks,2018,38,false,736,-1111
Atlanta Hawks,2018,39,true,225,-278
Atlanta Hawks,2018,40,false,771,-1250
Atlanta Hawks,2018,41,false,316,-400
Atlanta Hawks,2018,42,true,397,-526
Atlanta Hawks,2018,43,false,379,-500
Atlanta Hawks,2018,44,true,371,-476
Atlanta Hawks,2018,45,false,233,-286
Atlanta Hawks,2018,46,false,-135,114
Atlanta Hawks,2018,47,true,102,-120
Atlanta Hawks,2018,48,false,324,-417
Atlanta Hawks,2018,49,true,204,-244
Atlanta Hawks,2018,50,false,175,-213
Atlanta Hawks,2018,51,false,615,-909
Atlanta Hawks,2018,52,true,108,-130
Atlanta Hawks,2018,53,true,231,-286
Atlanta Hawks,2018,54,false,231,-286
Atlanta Hawks,2018,55,false,108,-130
Atlanta Hawks,2018,56,false,-101,-118
Atlanta Hawks,2018,57,true,193,-238
Atlanta Hawks,2018,58,false,-345,275
Atlanta Hawks,2018,59,false,167,-196
Atlanta Hawks,2018,60,true,-161,136
Atlanta Hawks,2018,61,false,700,-1111
Atlanta Hawks,2018,62,true,167,-200
Atlanta Hawks,2018,63,false,-111,-106
Atlanta Hawks,2018,64,true,150,-179
Atlanta Hawks,2018,65,false,424,-556
Atlanta Hawks,2018,66,false,188,-227
Atlanta Hawks,2018,67,false,159,-189
Atlanta Hawks,2018,68,true,-111,-105
Atlanta Hawks,2018,69,true,102,-120
Atlanta Hawks,2018,70,false,465,-625
Atlanta Hawks,2018,71,false,308,-385
Atlanta Hawks,2018,72,false,279,-345
Atlanta Hawks,2018,73,true,257,-312
Atlanta Hawks,2018,74,true,252,-312
Atlanta Hawks,2018,75,true,-137,117
Atlanta Hawks,2018,76,false,121,-143
Atlanta Hawks,2018,77,true,114,-135
Atlanta Hawks,2018,78,false,537,-769
Atlanta Hawks,2018,79,true,158,-189
Atlanta Hawks,2018,80,false,334,-435
Atlanta Hawks,2018,81,false,568,-833
Atlanta Hawks,2018,82,false,-222,183
Atlanta Hawks,2019,1,true,100,-120
Atlanta Hawks,2019,2,true,114,-135
Atlanta Hawks,2019,3,false,223,-270
Atlanta Hawks,2019,4,false,303,-385
Atlanta Hawks,2019,5,false,214,-263
Atlanta Hawks,2019,6,true,195,-238
Atlanta Hawks,2019,7,false,-110,-108
Atlanta Hawks,2019,8,false,125,-147
Atlanta Hawks,2019,9,false,334,-417
Atlanta Hawks,2019,10,true,455,-625
Atlanta Hawks,2019,11,false,276,-345
Atlanta Hawks,2019,12,false,363,-476
Atlanta Hawks,2019,13,false,800,-1429
Atlanta Hawks,2019,14,false,490,-714
Atlanta Hawks,2019,15,false,217,-263
Atlanta Hawks,2019,16,false,246,-312
Atlanta Hawks,2019,17,false,160,-189
Atlanta Hawks,2019,18,false,890,-1667
Atlanta Hawks,2019,19,false,480,-667
Atlanta Hawks,2019,20,false,790,-1250
Atlanta Hawks,2019,21,true,-263,214
Atlanta Hawks,2019,22,false,125,-147
Atlanta Hawks,2019,23,true,108,-128
Atlanta Hawks,2019,24,false,301,-385
Atlanta Hawks,2019,25,false,220,-270
Atlanta Hawks,2019,26,false,200,-244
Atlanta Hawks,2019,27,false,575,-833
Atlanta Hawks,2019,28,false,110,-130
Atlanta Hawks,2019,29,false,223,-270
Atlanta Hawks,2019,30,false,257,-323
Atlanta Hawks,2019,31,false,-125,104
Atlanta Hawks,2019,32,false,243,-303
Atlanta Hawks,2019,33,false,390,-526
Atlanta Hawks,2019,34,true,472,-667
Atlanta Hawks,2019,35,false,472,-667
Atlanta Hawks,2019,36,true,247,-303
Atlanta Hawks,2019,37,false,250,-312
Atlanta Hawks,2019,38,false,275,-345
Atlanta Hawks,2019,39,false,-118,-101
Atlanta Hawks,2019,40,false,343,-435
Atlanta Hawks,2019,41,true,112,-133
Atlanta Hawks,2019,42,true,301,-385
Atlanta Hawks,2019,43,false,-101,-118
Atlanta Hawks,2019,44,false,333,-435
Atlanta Hawks,2019,45,true,162,-192
Atlanta Hawks,2019,46,false,300,-385
Atlanta Hawks,2019,47,true,-115,-103
Atlanta Hawks,2019,48,false,665,-1000
Atlanta Hawks,2019,49,true,216,-263
Atlanta Hawks,2019,50,false,161,-192
Atlanta Hawks,2019,51,false,200,-244
Atlanta Hawks,2019,52,true,152,-182
Atlanta Hawks,2019,53,false,606,-909
Atlanta Hawks,2019,54,true,-208,172
Atlanta Hawks,2019,55,false,313,-400
Atlanta Hawks,2019,56,false,-145,125
Atlanta Hawks,2019,57,true,204,-250
Atlanta Hawks,2019,58,true,-127,106
Atlanta Hawks,2019,59,false,309,-400
Atlanta Hawks,2019,60,false,118,-141
Atlanta Hawks,2019,61,true,118,-139
Atlanta Hawks,2019,62,true,-139,118
Atlanta Hawks,2019,63,false,-130,110
Atlanta Hawks,2019,64,false,181,-217
Atlanta Hawks,2019,65,false,202,-244
Atlanta Hawks,2019,66,true,-200,172
Atlanta Hawks,2019,67,false,-204,172
Atlanta Hawks,2020,1,true,-125,106
Atlanta Hawks,2020,2,true,119,-139
Atlanta Hawks,2020,3,true,-526,393
Atlanta Hawks,2020,4,false,196,-233
Atlanta Hawks,2020,5,true,209,-250
Atlanta Hawks,2020,6,false,-222,188
Atlanta Hawks,2020,7,false,-303,243
Atlanta Hawks,2020,8,false,-238,196
Atlanta Hawks,2020,9,false,-192,164
Atlanta Hawks,2020,10,true,-233,194
Atlanta Hawks,2020,11,false,206,-250
Atlanta Hawks,2020,12,false,163,-192
Atlanta Hawks,2020,13,true,-303,244
Atlanta Hawks,2020,14,true,-182,156
Atlanta Hawks,2020,15,true,-244,202
Atlanta Hawks,2020,16,false,572,-833
Atlanta Hawks,2020,17,true,-222,187
Atlanta Hawks,2020,18,false,189,-222
Atlanta Hawks,2020,19,true,-161,138
Atlanta Hawks,2020,20,false,234,-286
Atlanta Hawks,2020,21,false,110,-127
Atlanta Hawks,2020,22,false,388,-500
Atlanta Hawks,2020,23,true,-103,-114
Atlanta Hawks,2020,24,false,141,-164
Atlanta Hawks,2020,25,false,-135,117
Atlanta Hawks,2020,26,false,102,-119
Atlanta Hawks,2020,27,false,-122,104
Atlanta Hawks,2020,28,true,106,-123
Atlanta Hawks,2020,29,false,165,-192
Atlanta Hawks,2020,30,true,122,-141
Atlanta Hawks,2020,31,false,-333,272
Atlanta Hawks,2020,32,true,100,-118
Atlanta Hawks,2020,33,false,-208,177
Atlanta Hawks,2020,34,false,117,-137
Atlanta Hawks,2020,35,true,112,-130
Atlanta Hawks,2020,36,true,-143,123
Atlanta Hawks,2020,37,true,-156,133
Atlanta Hawks,2020,38,true,-175,148
Atlanta Hawks,2020,39,true,-217,185
Atlanta Hawks,2020,40,true,-400,315
Atlanta Hawks,2020,41,true,-333,270
Atlanta Hawks,2020,42,true,145,-169
Atlanta Hawks,2020,43,false,200,-238
Atlanta Hawks,2020,44,false,-149,127
Atlanta Hawks,2020,45,true,-278,227
Atlanta Hawks,2020,46,false,165,-196
Atlanta Hawks,2020,47,false,191,-227
Atlanta Hawks,2020,48,true,100,-118
Atlanta Hawks,2020,49,true,-119,102
Atlanta Hawks,2020,50,true,-120,104
Atlanta Hawks,2020,51,true,-161,140
Atlanta Hawks,2020,52,false,100,-115
Atlanta Hawks,2020,53,true,-143,121
Atlanta Hawks,2020,54,true,120,-141
Atlanta Hawks,2020,55,true,102,-119
Atlanta Hawks,2020,56,false,152,-179
Atlanta Hawks,2020,57,true,-130,112
Atlanta Hawks,2020,58,true,-833,589
Atlanta Hawks,2020,59,false,-122,102
Atlanta Hawks,2020,60,true,223,-270
Atlanta Hawks,2020,61,true,188,-227
Atlanta Hawks,2020,62,false,-175,150
Atlanta Hawks,2020,63,false,387,-500
Atlanta Hawks,2020,64,false,254,-312
Atlanta Hawks,2020,65,true,-357,292
Atlanta Hawks,2020,66,true,-135,116
Atlanta Hawks,2020,67,true,-105,-111
Atlanta Hawks,2020,68,false,-244,204
Atlanta Hawks,2020,69,true,-345,286
Atlanta Hawks,2020,70,true,-278,229
Atlanta Hawks,2020,71,true,-909,647
Atlanta Hawks,2020,72,true,-303,249
Atlanta Hawks,2021,1,true,-139,120
Atlanta Hawks,2021,2,false,-357,293
Atlanta Hawks,2021,3,true,-667,494
Atlanta Hawks,2021,4,true,-204,175
Atlanta Hawks,2021,5,false,-169,147
Atlanta Hawks,2021,6,false,143,-164
Atlanta Hawks,2021,7,true,-204,175
Atlanta Hawks,2021,8,false,158,-182
Atlanta Hawks,2021,9,false,-102,-114
Atlanta Hawks,2021,10,false,137,-159
Atlanta Hawks,2021,11,false,141,-164
Atlanta Hawks,2021,12,false,316,-400
Atlanta Hawks,2021,13,false,138,-161
Atlanta Hawks,2021,14,true,-132,112
Atlanta Hawks,2021,15,true,-556,424
Atlanta Hawks,2021,16,true,-200,170
Atlanta Hawks,2021,17,true,-286,239
Atlanta Hawks,2021,18,true,-1000,659
Atlanta Hawks,2021,19,true,-167,141
Atlanta Hawks,2021,20,true,-115,-103
Atlanta Hawks,2021,21,false,-323,265
Atlanta Hawks,2021,22,true,110,-130
Atlanta Hawks,2021,23,false,-141,121
Atlanta Hawks,2021,24,false,-303,254
Atlanta Hawks,2021,25,true,106,-125
Atlanta Hawks,2021,26,false,-127,108
Atlanta Hawks,2021,27,false,-556,419
Atlanta Hawks,2021,28,true,-312,256
Atlanta Hawks,2021,29,false,-159,137
Atlanta Hawks,2021,30,false,-303,250
Atlanta Hawks,2021,31,true,480,-625
Atlanta Hawks,2021,32,false,204,-244
Atlanta Hawks,2021,33,false,138,-159
Atlanta Hawks,2021,34,false,287,-357
Atlanta Hawks,2021,35,true,108,-125
Atlanta Hawks,2021,36,false,-175,150
Atlanta Hawks,2021,37,true,100,-118
Atlanta Hawks,2021,38,false,104,-122
Atlanta Hawks,2021,39,false,-175,150
Atlanta Hawks,2021,40,false,-139,119
Atlanta Hawks,2021,41,false,175,-208
Atlanta Hawks,2021,42,false,-120,104
Atlanta Hawks,2021,43,true,167,-192
Atlanta Hawks,2021,44,true,-119,100
Atlanta Hawks,2021,45,true,-122,104
Atlanta Hawks,2021,46,true,104,-122
Atlanta Hawks,2021,47,true,-588,438
Atlanta Hawks,2021,48,true,-122,106
Atlanta Hawks,2021,49,true,-286,237
Atlanta Hawks,2021,50,false,112,-130
Atlanta Hawks,2021,51,true,129,-149
Atlanta Hawks,2021,52,false,114,-133
Atlanta Hawks,2021,53,false,-109,-106
Atlanta Hawks,2021,54,true,-909,626
Atlanta Hawks,2021,55,false,-417,332
Atlanta Hawks,2021,56,false,240,-286
Atlanta Hawks,2021,57,true,-132,114
Atlanta Hawks,2021,58,true,-217,181
Atlanta Hawks,2021,59,false,125,-145
Atlanta Hawks,2021,60,true,-175,150
Atlanta Hawks,2021,61,false,215,-256
Atlanta Hawks,2021,62,true,-125,106
Atlanta Hawks,2021,63,true,-222,187
Atlanta Hawks,2021,64,false,-312,259
Atlanta Hawks,2021,65,false,164,-192
Atlanta Hawks,2021,66,true,-303,248
Atlanta Hawks,2021,67,true,-769,566
Atlanta Hawks,2021,68,true,-1111,735
Atlanta Hawks,2021,69,false,-105,-111
Atlanta Hawks,2021,70,true,218,-263
Atlanta Hawks,2021,71,false,-204,175
Atlanta Hawks,2021,72,true,-164,142
Atlanta Hawks,2021,73,false,-196,168
Atlanta Hawks,2021,74,true,-132,114
Atlanta Hawks,2021,75,true,-323,269
Atlanta Hawks,2021,76,true,-909,652
Atlanta Hawks,2021,77,true,-250,210
Atlanta Hawks,2021,78,true,110,-130
Atlanta Hawks,2021,79,false,154,-179
Atlanta Hawks,2021,80,true,-526,416
Atlanta Hawks,2021,81,false,104,-120
Atlanta Hawks,2021,82,true,-769,541
Atlanta Hawks,2022,1,true,-500,376
Atlanta Hawks,2022,2,true,-400,308
Atlanta Hawks,2022,3,false,-476,359
Atlanta Hawks,2022,4,true,-312,248
Atlanta Hawks,2022,5,true,-238,195
Atlanta Hawks,2022,6,false,175,-227
Atlanta Hawks,2022,7,false,110,-130
Atlanta Hawks,2022,8,true,117,-139
Atlanta Hawks,2022,9,true,-128,108
Atlanta Hawks,2022,10,true,172,-213
Atlanta Hawks,2022,11,false,-182,152
Atlanta Hawks,2022,12,true,-118,-101
Atlanta Hawks,2022,13,false,123,-147
Atlanta Hawks,2022,14,true,143,-169
Atlanta Hawks,2022,15,false,-108,-112
Atlanta Hawks,2022,16,true,-213,172
Atlanta Hawks,2022,17,false,131,-156
Atlanta Hawks,2022,18,true,-185,156
Atlanta Hawks,2022,19,false,-286,227
Atlanta Hawks,2022,20,false,-164,136
Atlanta Hawks,2022,21,false,122,-145
Atlanta Hawks,2022,22,true,-250,204
Atlanta Hawks,2022,23,true,158,-192
Atlanta Hawks,2022,24,false,-244,199
Atlanta Hawks,2022,25,false,114,-137
Atlanta Hawks,2022,26,false,245,-312
Atlanta Hawks,2022,27,true,-156,131
Atlanta Hawks,2022,28,false,330,-435
Atlanta Hawks,2022,29,false,-147,123
Atlanta Hawks,2022,30,true,119,-143
Atlanta Hawks,2022,31,true,-370,290
Atlanta Hawks,2022,32,false,-200,165
Atlanta Hawks,2022,33,true,-455,337
Atlanta Hawks,2022,34,false,-125,104
Atlanta Hawks,2022,35,false,243,-303
Atlanta Hawks,2022,36,false,-244,199
Atlanta Hawks,2022,37,false,102,-120
Atlanta Hawks,2022,38,true,102,-122
Atlanta Hawks,2022,39,false,-147,122
Atlanta Hawks,2022,40,true,112,-133
Atlanta Hawks,2022,41,false,152,-182
Atlanta Hawks,2022,42,true,-161,137
Atlanta Hawks,2022,43,true,238,-294
Atlanta Hawks,2022,44,true,-115,-105
Atlanta Hawks,2022,45,true,119,-141
Atlanta Hawks,2022,46,true,-156,131
Atlanta Hawks,2022,47,false,-312,249
Atlanta Hawks,2022,48,false,100,-119
Atlanta Hawks,2022,49,true,-120,100
Atlanta Hawks,2022,50,false,-119,100
Atlanta Hawks,2022,51,false,169,-208
Atlanta Hawks,2022,52,true,-101,-116
Atlanta Hawks,2022,53,true,102,-120
Atlanta Hawks,2022,54,false,366,-476
Atlanta Hawks,2022,55,false,-105,-112
Atlanta Hawks,2022,56,true,-312,252
Atlanta Hawks,2022,57,true,-833,560
Atlanta Hawks,2022,58,false,-217,181
Atlanta Hawks,2022,59,false,-169,146
Atlanta Hawks,2022,60,true,-108,-109
Atlanta Hawks,2022,61,true,-244,202
Atlanta Hawks,2022,62,false,-286,234
Atlanta Hawks,2022,63,true,-323,250
Atlanta Hawks,2022,64,false,123,-147
Atlanta Hawks,2022,65,false,116,-137
Atlanta Hawks,2022,66,true,-147,124
Atlanta Hawks,2022,67,true,-119,100
Atlanta Hawks,2022,68,false,164,-196
Atlanta Hawks,2022,69,false,-196,163
Atlanta Hawks,2022,70,true,-156,133
Atlanta Hawks,2022,71,false,-476,362
Atlanta Hawks,2022,72,true,-909,606
Atlanta Hawks,2022,73,false,149,-172
Atlanta Hawks,2022,74,true,-500,365
Atlanta Hawks,2022,75,false,110,-130
Atlanta Hawks,2022,76,true,-143,124
Atlanta Hawks,2022,77,false,-120,102
Atlanta Hawks,2022,78,true,-154,131
Atlanta Hawks,2022,79,true,183,-222
Atlanta Hawks,2022,80,true,-769,519
Atlanta Hawks,2022,81,false,-714,492
Atlanta Hawks,2022,82,false,161,-189
Atlanta Hawks,2023,1,false,-175,149
Atlanta Hawks,2023,2,false,-104,-114
Atlanta Hawks,2023,3,true,204,-250
Atlanta Hawks,2023,4,true,114,-133
Atlanta Hawks,2023,5,true,-455,345
Atlanta Hawks,2023,6,true,110,-130
Atlanta Hawks,2023,7,false,-108,-110
Atlanta Hawks,2023,8,true,-156,136
Atlanta Hawks,2023,9,false,-303,244
Atlanta Hawks,2023,10,true,-185,158
Atlanta Hawks,2023,11,false,-116,-101
Atlanta Hawks,2023,12,false,102,-120
Atlanta Hawks,2023,13,false,-161,139
Atlanta Hawks,2023,14,true,-154,131
Atlanta Hawks,2023,15,true,-333,271
Atlanta Hawks,2023,16,false,237,-294
Atlanta Hawks,2023,17,false,152,-179
Atlanta Hawks,2023,18,true,-250,204
Atlanta Hawks,2023,19,false,209,-250
Atlanta Hawks,2023,20,false,-161,137
Atlanta Hawks,2023,21,false,305,-385
Atlanta Hawks,2023,22,false,129,-152
Atlanta Hawks,2023,23,false,114,-133
Atlanta Hawks,2023,24,true,106,-123
Atlanta Hawks,2023,25,false,156,-185
Atlanta Hawks,2023,26,true,-667,459
Atlanta Hawks,2023,27,true,122,-143
Atlanta Hawks,2023,28,false,-103,-114
Atlanta Hawks,2023,29,false,-125,106
Atlanta Hawks,2023,30,false,-133,114
Atlanta Hawks,2023,31,false,-102,-116
Atlanta Hawks,2023,32,true,-250,204
Atlanta Hawks,2023,33,true,-112,-104
Atlanta Hawks,2023,34,false,121,-141
Atlanta Hawks,2023,35,false,-137,117
Atlanta Hawks,2023,36,true,-116,-101
Atlanta Hawks,2023,37,false,-217,179
Atlanta Hawks,2023,38,false,-312,248
Atlanta Hawks,2023,39,true,-345,280
Atlanta Hawks,2023,40,true,-175,148
Atlanta Hawks,2023,41,true,225,-278
Atlanta Hawks,2023,42,false,112,-132
Atlanta Hawks,2023,43,false,270,-333
Atlanta Hawks,2023,44,false,200,-238
Atlanta Hawks,2023,45,false,-132,112
Atlanta Hawks,2023,46,true,-233,192
Atlanta Hawks,2023,47,true,-217,181
Atlanta Hawks,2023,48,true,129,-149
Atlanta Hawks,2023,49,true,-132,112
Atlanta Hawks,2023,50,false,147,-172
Atlanta Hawks,2023,51,false,505,-714
Atlanta Hawks,2023,52,true,-164,139
Atlanta Hawks,2023,53,true,-278,224
Atlanta Hawks,2023,54,false,-192,161
Atlanta Hawks,2023,55,false,-270,220
Atlanta Hawks,2023,56,false,-294,238
Atlanta Hawks,2023,57,true,-128,108
Atlanta Hawks,2023,58,true,-125,106
Atlanta Hawks,2023,59,false,-103,-114
Atlanta Hawks,2023,60,false,-112,-105
Atlanta Hawks,2023,61,true,104,-123
Atlanta Hawks,2023,62,true,-147,125
Atlanta Hawks,2023,63,true,-154,134
Atlanta Hawks,2023,64,false,202,-238
Atlanta Hawks,2023,65,false,-185,156
Atlanta Hawks,2023,66,false,-115,-102
Atlanta Hawks,2023,67,true,353,-455
Atlanta Hawks,2023,68,false,354,-455
Atlanta Hawks,2023,69,false,325,-435
Atlanta Hawks,2023,70,true,-294,236
Atlanta Hawks,2023,71,true,394,-526
Atlanta Hawks,2023,72,true,-667,482
Atlanta Hawks,2023,73,true,726,-1250
Atlanta Hawks,2023,74,false,166,-196
Atlanta Hawks,2023,75,true,108,-128
Atlanta Hawks,2023,76,true,-667,467
Atlanta Hawks,2023,77,false,499,-714
Atlanta Hawks,2023,78,false,449,-625
Atlanta Hawks,2023,79,false,135,-159
Atlanta Hawks,2023,80,false,-400,316
Atlanta Hawks,2023,81,false,520,-769
Atlanta Hawks,2023,82,false,622,-909
Atlanta Hawks,2024,1,true,-286,229
Atlanta Hawks,2024,2,true,-233,186
Atlanta Hawks,2024,3,false,395,-526
Atlanta Hawks,2024,4,false,-312,242
Atlanta Hawks,2024,5,false,-213,175
Atlanta Hawks,2024,6,false,193,-238
Atlanta Hawks,2024,7,true,-118,-102
Atlanta Hawks,2024,8,false,380,-526
Atlanta Hawks,2024,9,true,225,-286
Atlanta Hawks,2024,10,false,114,-137
Atlanta Hawks,2024,11,false,-141,118
Atlanta Hawks,2024,12,true,849,-1429
Atlanta Hawks,2024,13,true,-417,320
Atlanta Hawks,2024,14,false,-182,149
Atlanta Hawks,2024,15,true,147,-179
Atlanta Hawks,2024,16,false,264,-333
Atlanta Hawks,2024,17,false,-130,110
Atlanta Hawks,2024,18,false,-141,119
Atlanta Hawks,2024,19,true,312,-400
Atlanta Hawks,2024,20,true,188,-233
Atlanta Hawks,2024,21,true,-227,185
Atlanta Hawks,2024,22,true,-417,325
Atlanta Hawks,2024,23,true,154,-185
Atlanta Hawks,2024,24,true,-164,139
Atlanta Hawks,2024,25,false,-115,-103
Atlanta Hawks,2024,26,false,-104,-114
Atlanta Hawks,2024,27,false,108,-128
Atlanta Hawks,2024,28,true,133,-159
Atlanta Hawks,2024,29,true,-200,166
Atlanta Hawks,2024,30,true,-110,-108
Atlanta Hawks,2024,31,true,-109,-111
Atlanta Hawks,2024,32,false,278,-357
Atlanta Hawks,2024,33,false,119,-141
Atlanta Hawks,2024,34,false,227,-278
Atlanta Hawks,2024,35,true,-213,175
Atlanta Hawks,2024,36,false,196,-238
Atlanta Hawks,2024,37,true,112,-135
Atlanta Hawks,2024,38,true,196,-238
Atlanta Hawks,2024,39,true,338,-435
Atlanta Hawks,2024,40,false,243,-312
Atlanta Hawks,2024,41,false,-175,146
Atlanta Hawks,2024,42,false,-208,174
Atlanta Hawks,2024,43,false,-222,185
Atlanta Hawks,2024,44,false,386,-526
Atlanta Hawks,2024,45,false,156,-189
Atlanta Hawks,2024,46,false,430,-588
Atlanta Hawks,2024,47,false,315,-417
Atlanta Hawks,2024,48,true,159,-192
Atlanta Hawks,2024,49,false,150,-182
Atlanta Hawks,2024,50,true,118,-141
Atlanta Hawks,2024,51,true,-286,225
Atlanta Hawks,2024,52,true,191,-233
Atlanta Hawks,2024,53,false,254,-323
Atlanta Hawks,2024,54,false,-103,-116
Atlanta Hawks,2024,55,false,110,-132
Atlanta Hawks,2024,56,true,-135,112
Atlanta Hawks,2024,57,false,127,-152
Atlanta Hawks,2024,58,false,403,-556
Atlanta Hawks,2024,59,true,248,-312
Atlanta Hawks,2024,60,false,174,-208
Atlanta Hawks,2024,61,true,-128,110
Atlanta Hawks,2024,62,true,-108,-111
Atlanta Hawks,2024,63,true,-435,338
Atlanta Hawks,2024,64,true,-294,238
Atlanta Hawks,2024,65,false,169,-204
Atlanta Hawks,2024,66,false,-238,197
Atlanta Hawks,2024,67,true,-345,264
Atlanta Hawks,2024,68,true,120,-141
Atlanta Hawks,2024,69,true,-500,374
Atlanta Hawks,2024,70,false,257,-323
Atlanta Hawks,2024,71,false,-102,-118
Atlanta Hawks,2024,72,true,150,-179
Atlanta Hawks,2024,73,false,-227,184
Atlanta Hawks,2024,74,false,136,-161
Atlanta Hawks,2024,75,false,100,-122
Atlanta Hawks,2024,76,true,-1000,621
Atlanta Hawks,2024,77,false,166,-208
Atlanta Hawks,2024,78,true,-909,593
Atlanta Hawks,2024,79,true,-714,468
Atlanta Hawks,2024,80,true,131,-159
Atlanta Hawks,2025,1,false,-222,185
Atlanta Hawks,2025,2,true,185,-222
Atlanta Hawks,2025,3,false,275,-345
Atlanta Hawks,2025,4,false,-135,114
Atlanta Hawks,2025,5,true,-333,265
Atlanta Hawks,2025,6,true,-133,114
Atlanta Hawks,2025,7,false,200,-244
Atlanta Hawks,2025,8,true,145,-169
Atlanta Hawks,2025,9,false,-133,114
Atlanta Hawks,2025,10,true,185,-227
Atlanta Hawks,2025,11,true,165,-189
Atlanta Hawks,2025,12,true,-179,150
Atlanta Hawks,2025,13,true,-125,104
Atlanta Hawks,2025,14,true,100,-120
Atlanta Hawks,2025,15,false,104,-120
Atlanta Hawks,2025,16,false,-102,-110
Atlanta Hawks,2025,17,true,-455,350
Atlanta Hawks,2025,18,true,-312,260
Atlanta Hawks,2025,19,false,-556,400
Atlanta Hawks,2025,20,true,210,-250
Atlanta Hawks,2025,21,true,125,-143
Atlanta Hawks,2025,22,false,320,-385
Atlanta Hawks,2025,23,false,-125,110
Atlanta Hawks,2025,24,false,136,-159
Atlanta Hawks,2025,25,true,-400,340
Atlanta Hawks,2025,26,false,235,-278
Atlanta Hawks,2025,27,true,-179,164
Atlanta Hawks,2025,28,false,-185,154
Atlanta Hawks,2025,29,false,145,-159
Atlanta Hawks,2025,30,false,-169,148
Atlanta Hawks,2025,31,false,-154,129
Atlanta Hawks,2025,32,false,-149,134
Atlanta Hawks,2025,33,false,185,-208
Atlanta Hawks,2025,34,false,750,-1250
Atlanta Hawks,2025,35,true,179,-208
Atlanta Hawks,2025,36,true,160,-185
Atlanta Hawks,2025,37,false,172,-200
Atlanta Hawks,2025,38,false,120,-141
Atlanta Hawks,2025,39,true,-455,350
Atlanta Hawks,2025,40,true,-135,125
Atlanta Hawks,2025,41,true,229,-270
Atlanta Hawks,2025,42,false,102,-105
Atlanta Hawks,2025,43,false,-167,150
Atlanta Hawks,2025,44,false,140,-159
Atlanta Hawks,2025,45,false,-116,100
Atlanta Hawks,2025,46,true,104,-120
Atlanta Hawks,2025,47,true,125,-145
Atlanta Hawks,2025,48,true,-208,179
Atlanta Hawks,2025,49,true,172,-200
Atlanta Hawks,2025,50,false,225,-250
Atlanta Hawks,2025,51,false,-118,104
Atlanta Hawks,2025,52,true,100,-110
Atlanta Hawks,2025,53,true,-294,250
Atlanta Hawks,2025,54,false,104,-116
Atlanta Hawks,2025,55,false,265,-333
Atlanta Hawks,2025,56,false,114,-130
Atlanta Hawks,2025,57,true,-104,-112
Atlanta Hawks,2025,58,false,125,-143
Atlanta Hawks,2025,59,true,-400,325
Atlanta Hawks,2025,60,true,-667,490
Atlanta Hawks,2025,61,true,-500,390
Atlanta Hawks,2025,62,true,-233,194
Atlanta Hawks,2025,63,true,-105,-110
Atlanta Hawks,2025,64,true,-256,225
Atlanta Hawks,2025,65,true,-417,340
Atlanta Hawks,2025,66,true,-1250,750
Atlanta Hawks,2025,67,true,-476,384
Atlanta Hawks,2025,68,true,-159,136
Atlanta Hawks,2025,69,true,-333,270
Atlanta Hawks,2025,70,false,125,-145
Atlanta Hawks,2025,71,true,-303,265
Atlanta Hawks,2025,72,true,-833,600
Atlanta Hawks,2025,73,true,125,-141
Atlanta Hawks,2025,74,false,179,-208
Atlanta Hawks,2025,75,true,-769,560
Atlanta Hawks,2025,76,true,-143,125
Atlanta Hawks,2025,77,true,-141,120
Atlanta Hawks,2025,78,true,-1667,1000
Atlanta Hawks,2025,79,false,-118,104
Atlanta Hawks,2025,80,false,145,-167
Atlanta Hawks,2025,81,true,-357,290
Atlanta Hawks,2025,82,false,370,-455
Boston Celtics,2016,1,true,-909,640
Boston Celtics,2016,2,false,-102,-116
Boston Celtics,2016,3,true,-147,125
Boston Celtics,2016,4,true,-154,131
Boston Celtics,2016,5,false,520,-714
Boston Celtics,2016,6,false,-303,248
Boston Celtics,2016,7,false,102,-122
Boston Celtics,2016,8,true,-208,173
Boston Celtics,2016,9,true,-130,110
Boston Celtics,2016,10,false,-164,140
Boston Celtics,2016,11,true,-263,219
Boston Celtics,2016,12,false,338,-435
Boston Celtics,2016,13,true,110,-132
Boston Celtics,2016,14,true,-123,104
Boston Celtics,2016,15,true,-323,259
Boston Celtics,2016,16,false,131,-154
Boston Celtics,2016,17,true,-182,152
Boston Celtics,2016,18,false,-278,229
Boston Celtics,2016,19,true,-256,211
Boston Celtics,2016,20,true,-556,408
Boston Celtics,2016,21,false,187,-227
Boston Celtics,2016,22,true,-122,102
Boston Celtics,2016,23,false,-133,114
Boston Celtics,2016,24,false,133,-156
Boston Celtics,2016,25,false,222,-270
Boston Celtics,2016,26,true,-270,222
Boston Celtics,2016,27,true,-185,156
Boston Celtics,2016,28,true,-139,118
Boston Celtics,2016,29,true,-114,-105
Boston Celtics,2016,30,false,-217,181
Boston Celtics,2016,31,true,-139,117
Boston Celtics,2016,32,true,-333,266
Boston Celtics,2016,33,false,218,-263
Boston Celtics,2016,34,true,-526,387
Boston Celtics,2016,35,true,-227,187
Boston Celtics,2016,36,true,-667,486
Boston Celtics,2016,37,true,-263,215
Boston Celtics,2016,38,false,184,-222
Boston Celtics,2016,39,true,-233,195
Boston Celtics,2016,40,true,136,-161
Boston Celtics,2016,41,true,-213,177
Boston Celtics,2016,42,false,-476,371
Boston Celtics,2016,43,false,-357,281
Boston Celtics,2016,44,false,-115,-103
Boston Celtics,2016,45,true,149,-175
Boston Celtics,2016,46,true,-323,260
Boston Celtics,2016,47,true,119,-141
Boston Celtics,2016,48,true,-227,187
Boston Celtics,2016,49,true,-270,221
Boston Celtics,2016,50,true,-714,504
Boston Celtics,2016,51,true,-222,186
Boston Celtics,2016,52,false,-417,325
Boston Celtics,2016,53,true,131,-156
Boston Celtics,2016,54,true,219,-263
Boston Celtics,2016,55,true,-125,106
Boston Celtics,2016,56,true,-556,419
Boston Celtics,2016,57,false,-114,-104
Boston Celtics,2016,58,false,106,-125
Boston Celtics,2016,59,true,-133,112
Boston Celtics,2016,60,false,-185,156
Boston Celtics,2016,61,true,-118,100
Boston Celtics,2016,62,true,-312,254
Boston Celtics,2016,63,false,-200,168
Boston Celtics,2016,64,false,248,-303
Boston Celtics,2016,65,true,289,-370
Boston Celtics,2016,66,false,-137,114
Boston Celtics,2016,67,true,-333,265
Boston Celtics,2016,68,true,-244,200
Boston Celtics,2016,69,true,-417,321
Boston Celtics,2016,70,false,-204,170
Boston Celtics,2016,71,true,-169,146
Boston Celtics,2016,72,true,-278,229
Boston Celtics,2016,73,true,-3333,1510
Boston Celtics,2016,74,true,-250,206
Boston Celtics,2016,75,false,-333,271
Boston Celtics,2016,76,true,-625,462
Boston Celtics,2016,77,true,-345,276
Boston Celtics,2016,78,false,-179,150
Boston Celtics,2016,79,false,-115,-104
Boston Celtics,2016,80,true,-105,-114
Boston Celtics,2016,81,true,-714,516
Boston Celtics,2016,82,true,-1429,850
Boston Celtics,2017,1,false,162,-192
Boston Celtics,2017,2,false,-130,110
Boston Celtics,2017,3,true,123,-145
Boston Celtics,2017,4,true,-294,241
Boston Celtics,2017,5,true,156,-185
Boston Celtics,2017,6,true,-161,131
Boston Celtics,2017,7,true,-164,139
Boston Celtics,2017,8,true,-909,590
Boston Celtics,2017,9,true,210,-256
Boston Celtics,2017,10,true,-161,136
Boston Celtics,2017,11,true,-345,275
Boston Celtics,2017,12,true,-278,227
Boston Celtics,2017,13,true,-149,125
Boston Celtics,2017,14,true,136,-161
Boston Celtics,2017,15,true,-270,221
Boston Celtics,2017,16,true,237,-294
Boston Celtics,2017,17,true,-238,199
Boston Celtics,2017,18,true,-286,227
Boston Celtics,2017,19,false,-125,104
Boston Celtics,2017,20,true,-294,239
Boston Celtics,2017,21,true,-156,134
Boston Celtics,2017,22,false,-256,215
Boston Celtics,2017,23,true,-357,290
Boston Celtics,2017,24,true,-909,621
Boston Celtics,2017,25,true,-200,167
Boston Celtics,2017,26,true,-333,271
Boston Celtics,2017,27,false,118,-137
Boston Celtics,2017,28,true,-120,100
Boston Celtics,2017,29,false,-222,183
Boston Celtics,2017,30,true,-244,202
Boston Celtics,2017,31,false,-200,168
Boston Celtics,2017,32,true,-233,192
Boston Celtics,2017,33,true,-139,118
Boston Celtics,2017,34,false,-455,353
Boston Celtics,2017,35,false,-147,125
Boston Celtics,2017,36,true,-357,282
Boston Celtics,2017,37,false,-182,154
Boston Celtics,2017,38,true,-112,-106
Boston Celtics,2017,39,true,108,-127
Boston Celtics,2017,40,true,-526,386
Boston Celtics,2017,41,true,-154,129
Boston Celtics,2017,42,true,-149,127
Boston Celtics,2017,43,true,-161,136
Boston Celtics,2017,44,true,-132,110
Boston Celtics,2017,45,false,-227,188
Boston Celtics,2017,46,false,-149,125
Boston Celtics,2017,47,false,-667,475
Boston Celtics,2017,48,false,-213,175
Boston Celtics,2017,49,true,140,-164
Boston Celtics,2017,50,false,517,-714
Boston Celtics,2017,51,true,104,-125
Boston Celtics,2017,52,true,-238,200
Boston Celtics,2017,53,true,-294,239
Boston Celtics,2017,54,true,102,-123
Boston Celtics,2017,55,false,177,-213
Boston Celtics,2017,56,true,-132,110
Boston Celtics,2017,57,false,-172,149
Boston Celtics,2017,58,false,-196,163
Boston Celtics,2017,59,false,-200,168
Boston Celtics,2017,60,true,-132,110
Boston Celtics,2017,61,true,-227,185
Boston Celtics,2017,62,true,-909,624
Boston Celtics,2017,63,true,-357,286
Boston Celtics,2017,64,false,300,-370
Boston Celtics,2017,65,true,-323,254
Boston Celtics,2017,66,true,-139,117
Boston Celtics,2017,67,false,-189,161
Boston Celtics,2017,68,false,150,-182
Boston Celtics,2017,69,true,-270,225
Boston Celtics,2017,70,false,129,-152
Boston Celtics,2017,71,true,167,-200
Boston Celtics,2017,72,true,275,-345
Boston Celtics,2017,73,true,-278,229
Boston Celtics,2017,74,true,-625,474
Boston Celtics,2017,75,true,422,-556
Boston Celtics,2017,76,true,165,-196
Boston Celtics,2017,77,false,160,-189
Boston Celtics,2017,78,false,265,-323
Boston Celtics,2017,79,true,-286,236
Boston Celtics,2017,80,false,-526,408
Boston Celtics,2017,81,false,267,-333
Boston Celtics,2017,82,true,152,-179
Boston Celtics,2018,1,true,-213,177
Boston Celtics,2018,2,false,127,-149
Boston Celtics,2018,3,true,-500,376
Boston Celtics,2018,4,false,-833,599
Boston Celtics,2018,5,true,-110,-108
Boston Celtics,2018,6,true,-164,138
Boston Celtics,2018,7,true,-417,324
Boston Celtics,2018,8,true,-139,119
Boston Celtics,2018,9,false,-161,136
Boston Celtics,2018,10,false,102,-120
Boston Celtics,2018,11,true,-526,392
Boston Celtics,2018,12,false,197,-238
Boston Celtics,2018,13,false,110,-128
Boston Celtics,2018,14,true,-1111,743
Boston Celtics,2018,15,true,-128,108
Boston Celtics,2018,16,false,-175,148
Boston Celtics,2018,17,false,-161,136
Boston Celtics,2018,18,false,-1667,936
Boston Celtics,2018,19,true,-345,272
Boston Celtics,2018,20,false,-147,124
Boston Celtics,2018,21,true,114,-135
Boston Celtics,2018,22,true,-1111,715
Boston Celtics,2018,23,true,106,-127
Boston Celtics,2018,24,true,-1250,797
Boston Celtics,2018,25,true,-357,281
Boston Celtics,2018,26,true,-133,112
Boston Celtics,2018,27,true,-172,144
Boston Celtics,2018,28,true,-1000,650
Boston Celtics,2018,29,false,-133,112
Boston Celtics,2018,30,false,-909,600
Boston Celtics,2018,31,false,106,-125
Boston Celtics,2018,32,true,-303,248
Boston Celtics,2018,33,true,-204,169
Boston Celtics,2018,34,false,-143,121
Boston Celtics,2018,35,true,-169,142
Boston Celtics,2018,36,false,-119,100
Boston Celtics,2018,37,true,-263,211
Boston Celtics,2018,38,true,-172,147
Boston Celtics,2018,39,true,-625,461
Boston Celtics,2018,40,true,-303,243
Boston Celtics,2018,41,false,-141,118
Boston Celtics,2018,42,false,-294,241
Boston Celtics,2018,43,false,-137,116
Boston Celtics,2018,44,true,-147,125
Boston Celtics,2018,45,true,-588,441
Boston Celtics,2018,46,true,-286,233
Boston Celtics,2018,47,true,-400,313
Boston Celtics,2018,48,true,-1667,985
Boston Celtics,2018,49,false,140,-167
Boston Celtics,2018,50,true,-455,346
Boston Celtics,2018,51,true,-312,256
Boston Celtics,2018,52,true,-1429,828
Boston Celtics,2018,53,true,-179,150
Boston Celtics,2018,54,true,-667,471
Boston Celtics,2018,55,false,-417,332
Boston Celtics,2018,56,false,-833,576
Boston Celtics,2018,57,true,239,-294
Boston Celtics,2018,58,true,-169,143
Boston Celtics,2018,59,false,212,-263
Boston Celtics,2018,60,false,-556,428
Boston Celtics,2018,61,false,136,-161
Boston Celtics,2018,62,false,-141,119
Boston Celtics,2018,63,true,-556,413
Boston Celtics,2018,64,false,-130,110
Boston Celtics,2018,65,true,223,-270
Boston Celtics,2018,66,true,-130,110
Boston Celtics,2018,67,true,-312,254
Boston Celtics,2018,68,false,-125,106
Boston Celtics,2018,69,true,-323,265
Boston Celtics,2018,70,true,-625,465
Boston Celtics,2018,71,false,-172,146
Boston Celtics,2018,72,false,138,-161
Boston Celtics,2018,73,false,-172,144
Boston Celtics,2018,74,false,106,-127
Boston Celtics,2018,75,true,-238,199
Boston Celtics,2018,76,true,-294,241
Boston Celtics,2018,77,false,147,-172
Boston Celtics,2018,78,true,-286,233
Boston Celtics,2018,79,true,-108,-110
Boston Celtics,2018,80,true,-119,100
Boston Celtics,2018,81,false,-175,149
Boston Celtics,2018,82,true,167,-200
Boston Celtics,2019,1,false,200,-244
Boston Celtics,2019,2,true,-141,120
Boston Celtics,2019,3,true,-213,175
Boston Celtics,2019,4,true,135,-161
Boston Celtics,2019,5,true,-526,391
Boston Celtics,2019,6,true,-250,204
Boston Celtics,2019,7,true,-303,243
Boston Celtics,2019,8,true,110,-132
Boston Celtics,2019,9,true,-152,129
Boston Celtics,2019,10,true,-312,252
Boston Celtics,2019,11,true,-294,239
Boston Celtics,2019,12,false,-145,124
Boston Celtics,2019,13,true,121,-143
Boston Celtics,2019,14,false,247,-303
Boston Celtics,2019,15,false,179,-217
Boston Celtics,2019,16,true,-250,208
Boston Celtics,2019,17,true,-385,303
Boston Celtics,2019,18,false,-192,161
Boston Celtics,2019,19,true,-333,265
Boston Celtics,2019,20,true,-222,187
Boston Celtics,2019,21,true,-164,139
Boston Celtics,2019,22,true,-1250,748
Boston Celtics,2019,23,false,102,-120
Boston Celtics,2019,24,false,-110,-108
Boston Celtics,2019,25,true,-120,102
Boston Celtics,2019,26,true,-455,344
Boston Celtics,2019,27,true,-909,626
Boston Celtics,2019,28,true,-175,150
Boston Celtics,2019,29,true,-1429,873
Boston Celtics,2019,30,false,-303,243
Boston Celtics,2019,31,true,-345,273
Boston Celtics,2019,32,true,-667,472
Boston Celtics,2019,33,true,-106,-112
Boston Celtics,2019,34,false,-400,318
Boston Celtics,2019,35,false,-294,237
Boston Celtics,2019,36,false,-108,-111
Boston Celtics,2019,37,true,-769,533
Boston Celtics,2019,38,true,-500,380
Boston Celtics,2019,39,false,-476,375
Boston Celtics,2019,40,false,488,-667
Boston Celtics,2019,41,false,-185,156
Boston Celtics,2019,42,true,125,-149
Boston Celtics,2019,43,true,-294,239
Boston Celtics,2019,44,true,114,-135
Boston Celtics,2019,45,false,-104,-114
Boston Celtics,2019,46,true,106,-125
Boston Celtics,2019,47,true,-1111,685
Boston Celtics,2019,48,true,-105,-114
Boston Celtics,2019,49,true,-244,200
Boston Celtics,2019,50,true,-233,192
Boston Celtics,2019,51,true,-909,606
Boston Celtics,2019,52,true,-123,104
Boston Celtics,2019,53,false,114,-137
Boston Celtics,2019,54,true,-116,-101
Boston Celtics,2019,55,true,-385,301
Boston Celtics,2019,56,false,259,-323
Boston Celtics,2019,57,true,-286,235
Boston Celtics,2019,58,true,171,-204
Boston Celtics,2019,59,false,-101,-116
Boston Celtics,2019,60,false,-270,222
Boston Celtics,2019,61,true,-172,147
Boston Celtics,2019,62,false,-118,100
Boston Celtics,2019,63,false,-244,204
Boston Celtics,2019,64,true,-147,127
Boston Celtics,2019,65,false,150,-172
Boston Celtics,2019,66,true,-175,150
Boston Celtics,2019,67,false,-192,168
Boston Celtics,2019,68,true,-417,341
Boston Celtics,2019,69,true,104,-120
Boston Celtics,2019,70,true,-385,309
Boston Celtics,2019,71,true,-185,161
Boston Celtics,2019,72,false,108,-123
Boston Celtics,2020,1,true,159,-182
Boston Celtics,2020,2,false,129,-152
Boston Celtics,2020,3,false,-143,123
Boston Celtics,2020,4,true,100,-119
Boston Celtics,2020,5,true,-303,244
Boston Celtics,2020,6,false,-385,307
Boston Celtics,2020,7,true,-357,285
Boston Celtics,2020,8,true,197,-238
Boston Celtics,2020,9,true,120,-143
Boston Celtics,2020,10,true,-167,143
Boston Celtics,2020,11,true,-175,149
Boston Celtics,2020,12,false,-303,249
Boston Celtics,2020,13,false,165,-192
Boston Celtics,2020,14,false,163,-189
Boston Celtics,2020,15,true,-244,204
Boston Celtics,2020,16,true,-169,145
Boston Celtics,2020,17,false,-182,158
Boston Celtics,2020,18,false,141,-161
Boston Celtics,2020,19,true,-141,121
Boston Celtics,2020,20,false,-103,-114
Boston Celtics,2020,21,true,185,-217
Boston Celtics,2020,22,false,120,-139
Boston Celtics,2020,23,false,185,-217
Boston Celtics,2020,24,true,-137,118
Boston Celtics,2020,25,false,-303,249
Boston Celtics,2020,26,false,-286,237
Boston Celtics,2020,27,true,-127,108
Boston Celtics,2020,28,false,-123,106
Boston Celtics,2020,29,true,-192,165
Boston Celtics,2020,30,false,-133,116
Boston Celtics,2020,31,false,-137,118
Boston Celtics,2020,32,false,-118,100
Boston Celtics,2020,33,true,-139,120
Boston Celtics,2020,34,true,-256,217
Boston Celtics,2020,35,true,172,-200
Boston Celtics,2020,36,true,-345,286
Boston Celtics,2020,37,false,118,-137
Boston Celtics,2020,38,true,-667,480
Boston Celtics,2020,39,false,138,-159
Boston Celtics,2020,40,false,-323,262
Boston Celtics,2020,41,false,-286,235
Boston Celtics,2020,42,true,-400,316
Boston Celtics,2020,43,false,154,-182
Boston Celtics,2020,44,false,223,-263
Boston Celtics,2020,45,true,190,-227
Boston Celtics,2020,46,true,-263,216
Boston Celtics,2020,47,false,-145,124
Boston Celtics,2020,48,false,-112,-104
Boston Celtics,2020,49,true,-769,542
Boston Celtics,2020,50,true,-455,365
Boston Celtics,2020,51,false,-104,-112
Boston Celtics,2020,52,true,-156,134
Boston Celtics,2020,53,true,-400,313
Boston Celtics,2020,54,true,139,-161
Boston Celtics,2020,55,true,-102,-115
Boston Celtics,2020,56,true,-303,250
Boston Celtics,2020,57,true,-147,125
Boston Celtics,2020,58,false,-192,164
Boston Celtics,2020,59,true,131,-141
Boston Celtics,2020,60,false,138,-159
Boston Celtics,2020,61,false,-345,277
Boston Celtics,2020,62,false,-714,514
Boston Celtics,2020,63,true,-250,206
Boston Celtics,2020,64,true,-192,165
Boston Celtics,2020,65,false,-102,-115
Boston Celtics,2020,66,true,-833,597
Boston Celtics,2020,67,false,-175,150
Boston Celtics,2020,68,false,-112,-103
Boston Celtics,2020,69,false,102,-119
Boston Celtics,2020,70,false,-238,199
Boston Celtics,2020,71,true,167,-196
Boston Celtics,2020,72,false,594,-833
Boston Celtics,2021,1,false,116,-133
Boston Celtics,2021,2,false,-278,233
Boston Celtics,2021,3,true,-213,179
Boston Celtics,2021,4,true,-125,108
Boston Celtics,2021,5,false,-175,152
Boston Celtics,2021,6,false,112,-130
Boston Celtics,2021,7,false,-145,127
Boston Celtics,2021,8,true,-286,236
Boston Celtics,2021,9,true,216,-256
Boston Celtics,2021,10,false,137,-159
Boston Celtics,2021,11,true,-152,129
Boston Celtics,2021,12,true,-213,181
Boston Celtics,2021,13,false,-110,-106
Boston Celtics,2021,14,true,-175,150
Boston Celtics,2021,15,false,170,-200
Boston Celtics,2021,16,true,-111,-105
Boston Celtics,2021,17,true,-455,363
Boston Celtics,2021,18,true,-667,496
Boston Celtics,2021,19,false,-120,102
Boston Celtics,2021,20,false,-185,156
Boston Celtics,2021,21,true,-122,106
Boston Celtics,2021,22,true,-147,127
Boston Celtics,2021,23,false,285,-345
Boston Celtics,2021,24,true,-102,-115
Boston Celtics,2021,25,false,123,-143
Boston Celtics,2021,26,false,106,-123
Boston Celtics,2021,27,false,134,-154
Boston Celtics,2021,28,true,-105,-110
Boston Celtics,2021,29,false,154,-179
Boston Celtics,2021,30,true,-227,193
Boston Celtics,2021,31,false,-164,143
Boston Celtics,2021,32,true,-250,210
Boston Celtics,2021,33,false,258,-312
Boston Celtics,2021,34,false,-200,171
Boston Celtics,2021,35,false,-233,195
Boston Celtics,2021,36,true,139,-161
Boston Celtics,2021,37,true,-526,415
Boston Celtics,2021,38,false,-323,261
Boston Celtics,2021,39,false,-133,114
Boston Celtics,2021,40,true,-323,263
Boston Celtics,2021,41,true,-385,309
Boston Celtics,2021,42,true,-102,-115
Boston Celtics,2021,43,false,131,-154
Boston Celtics,2021,44,true,-294,246
Boston Celtics,2021,45,true,-175,150
Boston Celtics,2021,46,false,-145,124
Boston Celtics,2021,47,false,-323,268
Boston Celtics,2021,48,true,-135,116
Boston Celtics,2021,49,true,-435,345
Boston Celtics,2021,50,false,106,-122
Boston Celtics,2021,51,true,-263,223
Boston Celtics,2021,52,true,-244,206
Boston Celtics,2021,53,true,-244,206
Boston Celtics,2021,54,true,-476,376
Boston Celtics,2021,55,true,-455,363
Boston Celtics,2021,56,true,-435,357
Boston Celtics,2021,57,true,-250,211
Boston Celtics,2021,58,true,-286,240
Boston Celtics,2021,59,true,-127,108
Boston Celtics,2021,60,false,-769,568
Boston Celtics,2021,61,true,-385,309
Boston Celtics,2021,62,true,-769,555
Boston Celtics,2021,63,false,-417,336
Boston Celtics,2021,64,true,-256,215
Boston Celtics,2021,65,true,-127,110
Boston Celtics,2021,66,true,-222,191
Boston Celtics,2021,67,true,-278,227
Boston Celtics,2021,68,true,-1111,743
Boston Celtics,2021,69,false,-270,227
Boston Celtics,2021,70,true,106,-123
Boston Celtics,2021,71,true,-526,413
Boston Celtics,2021,72,true,-145,125
Boston Celtics,2021,73,true,-909,656
Boston Celtics,2021,74,true,-189,162
Boston Celtics,2021,75,true,-227,206
Boston Celtics,2021,76,false,294,-370
Boston Celtics,2021,77,false,-200,172
Boston Celtics,2021,78,true,-1429,900
Boston Celtics,2021,79,true,-1000,680
Boston Celtics,2021,80,true,-312,256
Boston Celtics,2021,81,false,294,-357
Boston Celtics,2021,82,true,-385,311
Boston Celtics,2022,1,true,-152,127
Boston Celtics,2022,2,true,-132,110
Boston Celtics,2022,3,true,-400,305
Boston Celtics,2022,4,false,-217,175
Boston Celtics,2022,5,false,-278,223
Boston Celtics,2022,6,true,-455,337
Boston Celtics,2022,7,false,-122,102
Boston Celtics,2022,8,true,-278,225
Boston Celtics,2022,9,true,-175,147
Boston Celtics,2022,10,true,-169,141
Boston Celtics,2022,11,true,-909,578
Boston Celtics,2022,12,true,-182,152
Boston Celtics,2022,13,true,-370,283
Boston Celtics,2022,14,true,-714,497
Boston Celtics,2022,15,true,-112,-108
Boston Celtics,2022,16,true,-149,125
Boston Celtics,2022,17,false,-213,175
Boston Celtics,2022,18,true,-222,181
Boston Celtics,2022,19,true,-323,252
Boston Celtics,2022,20,true,-333,264
Boston Celtics,2022,21,true,-667,454
Boston Celtics,2022,22,true,-435,326
Boston Celtics,2022,23,false,-270,221
Boston Celtics,2022,24,true,-133,112
Boston Celtics,2022,25,true,104,-122
Boston Celtics,2022,26,true,110,-130
Boston Celtics,2022,27,false,-137,116
Boston Celtics,2022,28,false,-179,150
Boston Celtics,2022,29,true,-172,145
Boston Celtics,2022,30,false,-1111,644
Boston Celtics,2022,31,false,-526,388
Boston Celtics,2022,32,false,-455,334
Boston Celtics,2022,33,true,-455,338
Boston Celtics,2022,34,true,-213,177
Boston Celtics,2022,35,true,-1429,857
Boston Celtics,2022,36,true,-270,219
Boston Celtics,2022,37,false,-161,136
Boston Celtics,2022,38,false,-625,443
Boston Celtics,2022,39,true,-154,127
Boston Celtics,2022,40,true,-1429,778
Boston Celtics,2022,41,true,-400,308
Boston Celtics,2022,42,true,-417,316
Boston Celtics,2022,43,true,-116,-104
Boston Celtics,2022,44,true,-323,252
Boston Celtics,2022,45,true,-345,274
Boston Celtics,2022,46,true,-278,222
Boston Celtics,2022,47,true,-154,129
Boston Celtics,2022,48,false,-323,254
Boston Celtics,2022,49,false,116,-137
Boston Celtics,2022,50,false,-357,282
Boston Celtics,2022,51,true,-312,243
Boston Celtics,2022,52,true,-385,294
Boston Celtics,2022,53,false,-455,355
Boston Celtics,2022,54,true,-435,344
Boston Celtics,2022,55,true,-133,114
Boston Celtics,2022,56,true,-588,433
Boston Celtics,2022,57,true,-154,133
Boston Celtics,2022,58,false,348,-455
Boston Celtics,2022,59,true,-714,501
Boston Celtics,2022,60,true,-333,269
Boston Celtics,2022,61,true,-111,-105
Boston Celtics,2022,62,false,-132,112
Boston Celtics,2022,63,true,-196,167
Boston Celtics,2022,64,false,-526,384
Boston Celtics,2022,65,false,-278,225
Boston Celtics,2022,66,false,263,-333
Boston Celtics,2022,67,true,-455,341
Boston Celtics,2022,68,true,-196,164
Boston Celtics,2022,69,false,-1000,621
Boston Celtics,2022,70,true,-182,154
Boston Celtics,2022,71,true,-256,210
Boston Celtics,2022,72,false,-192,163
Boston Celtics,2022,73,true,-213,175
Boston Celtics,2022,74,true,-667,447
Boston Celtics,2022,75,true,-1429,844
Boston Celtics,2022,76,false,-625,438
Boston Celtics,2022,77,true,114,-133
Boston Celtics,2022,78,true,-833,571
Boston Celtics,2022,79,false,139,-164
Boston Celtics,2022,80,true,-108,-108
Boston Celtics,2022,81,true,110,-130
Boston Celtics,2022,82,true,-189,161
Boston Celtics,2023,1,true,-169,146
Boston Celtics,2023,2,true,-357,284
Boston Celtics,2023,3,true,-500,380
Boston Celtics,2023,4,true,-769,524
Boston Celtics,2023,5,true,-476,363
Boston Celtics,2023,6,false,-154,135
Boston Celtics,2023,7,false,-143,122
Boston Celtics,2023,8,true,-667,457
Boston Celtics,2023,9,true,-385,304
Boston Celtics,2023,10,true,-435,329
Boston Celtics,2023,11,true,-116,-104
Boston Celtics,2023,12,true,-370,297
Boston Celtics,2023,13,true,-667,458
Boston Celtics,2023,14,false,-357,283
Boston Celtics,2023,15,true,-238,195
Boston Celtics,2023,16,false,-213,179
Boston Celtics,2023,17,true,-294,237
Boston Celtics,2023,18,true,-714,515
Boston Celtics,2023,19,true,-667,463
Boston Celtics,2023,20,true,-312,250
Boston Celtics,2023,21,true,-667,472
Boston Celtics,2023,22,true,-370,297
Boston Celtics,2023,23,true,-222,181
Boston Celtics,2023,24,true,-357,282
Boston Celtics,2023,25,false,-196,165
Boston Celtics,2023,26,true,136,-159
Boston Celtics,2023,27,true,-182,150
Boston Celtics,2023,28,true,-169,148
Boston Celtics,2023,29,true,-1429,827
Boston Celtics,2023,30,true,-192,163
Boston Celtics,2023,31,true,-1111,711
Boston Celtics,2023,32,false,-172,145
Boston Celtics,2023,33,true,-1111,694
Boston Celtics,2023,34,true,-270,217
Boston Celtics,2023,35,false,-156,134
Boston Celtics,2023,36,true,-526,401
Boston Celtics,2023,37,false,112,-132
Boston Celtics,2023,38,true,-1111,687
Boston Celtics,2023,39,true,-263,216
Boston Celtics,2023,40,true,-1250,742
Boston Celtics,2023,41,false,-278,225
Boston Celtics,2023,42,true,-714,494
Boston Celtics,2023,43,true,-139,120
Boston Celtics,2023,44,true,-323,265
Boston Celtics,2023,45,false,-278,222
Boston Celtics,2023,46,true,-323,256
Boston Celtics,2023,47,true,-333,272
Boston Celtics,2023,48,false,-1429,840
Boston Celtics,2023,49,true,-2500,1305
Boston Celtics,2023,50,true,-714,505
Boston Celtics,2023,51,true,-2500,1247
Boston Celtics,2023,52,true,-303,241
Boston Celtics,2023,53,true,-333,270
Boston Celtics,2023,54,true,-714,503
Boston Celtics,2023,55,true,-345,282
Boston Celtics,2023,56,true,-238,195
Boston Celtics,2023,57,true,-625,457
Boston Celtics,2023,58,true,-385,307
Boston Celtics,2023,59,true,-345,277
Boston Celtics,2023,60,false,-385,300
Boston Celtics,2023,61,false,-128,108
Boston Celtics,2023,62,true,-217,181
Boston Celtics,2023,63,true,-625,459
Boston Celtics,2023,64,true,-263,214
Boston Celtics,2023,65,true,-233,185
Boston Celtics,2023,66,true,-1429,784
Boston Celtics,2023,67,true,-1667,899
Boston Celtics,2023,68,true,-526,396
Boston Celtics,2023,69,true,-909,617
Boston Celtics,2023,70,true,-213,177
Boston Celtics,2023,71,false,-526,394
Boston Celtics,2023,72,false,-1250,726
Boston Celtics,2023,73,true,-238,193
Boston Celtics,2023,74,true,-2500,1142
Boston Celtics,2023,75,true,-769,511
Boston Celtics,2023,76,true,-417,317
Boston Celtics,2023,77,true,-1667,949
Boston Celtics,2023,78,false,138,-161
Boston Celtics,2023,79,false,-149,127
Boston Celtics,2023,80,true,-278,227
Boston Celtics,2023,81,true,-455,355
Boston Celtics,2024,1,true,-250,199
Boston Celtics,2024,2,true,-1111,677
Boston Celtics,2024,3,true,-909,587
Boston Celtics,2024,4,true,-400,307
Boston Celtics,2024,5,false,-278,221
Boston Celtics,2024,6,true,-526,390
Boston Celtics,2024,7,true,-556,398
Boston Celtics,2024,8,true,-526,380
Boston Celtics,2024,9,false,-270,217
Boston Celtics,2024,10,true,-909,590
Boston Celtics,2024,11,true,-196,164
Boston Celtics,2024,12,false,-1429,849
Boston Celtics,2024,13,true,-500,368
Boston Celtics,2024,14,true,-1667,894
Boston Celtics,2024,15,true,-270,215
Boston Celtics,2024,16,true,-1429,819
Boston Celtics,2024,17,true,-345,279
Boston Celtics,2024,18,true,-526,382
Boston Celtics,2024,19,true,-714,509
Boston Celtics,2024,20,false,100,-120
Boston Celtics,2024,21,true,-435,333
Boston Celtics,2024,22,true,-833,575
Boston Celtics,2024,23,true,-333,263
Boston Celtics,2024,24,false,-286,229
Boston Celtics,2024,25,true,-667,466
Boston Celtics,2024,26,true,-2000,1024
Boston Celtics,2024,27,false,-1250,732
Boston Celtics,2024,28,true,-714,501
Boston Celtics,2024,29,false,-476,362
Boston Celtics,2024,30,false,-455,337
Boston Celtics,2024,31,true,-667,468
Boston Celtics,2024,32,false,-556,404
Boston Celtics,2024,33,true,-1667,911
Boston Celtics,2024,34,true,-141,119
Boston Celtics,2024,35,true,-159,133
Boston Celtics,2024,36,false,-109,-109
Boston Celtics,2024,37,true,-435,338
Boston Celtics,2024,38,false,-667,479
Boston Celtics,2024,39,true,-1250,731
Boston Celtics,2024,40,false,-1111,670
Boston Celtics,2024,41,true,-1111,716
Boston Celtics,2024,42,false,-435,338
Boston Celtics,2024,43,true,-417,318
Boston Celtics,2024,44,true,-714,497
Boston Celtics,2024,45,false,-244,199
Boston Celtics,2024,46,true,-385,296
Boston Celtics,2024,47,false,-227,185
Boston Celtics,2024,48,true,-909,645
Boston Celtics,2024,49,true,-667,484
Boston Celtics,2024,50,true,-667,478
Boston Celtics,2024,51,true,-101,-119
Boston Celtics,2024,52,false,-769,556
Boston Celtics,2024,53,true,-152,127
Boston Celtics,2024,54,true,-312,252
Boston Celtics,2024,55,true,-323,254
Boston Celtics,2024,56,true,-250,204
Boston Celtics,2024,57,true,-303,250
Boston Celtics,2024,58,true,-588,425
Boston Celtics,2024,59,false,-192,158
Boston Celtics,2024,60,false,-118,-101
Boston Celtics,2024,61,true,-227,188
Boston Celtics,2024,62,true,-400,323
Boston Celtics,2024,63,true,-909,643
Boston Celtics,2024,64,true,-244,200
Boston Celtics,2024,65,true,-1250,803
Boston Celtics,2024,66,false,-147,127
Boston Celtics,2024,67,true,-323,254
Boston Celtics,2024,68,true,-588,430
Boston Celtics,2024,69,true,-833,561
Boston Celtics,2024,70,true,-1250,714
Boston Celtics,2024,71,true,-256,206
Boston Celtics,2024,72,true,-204,168
Boston Celtics,2024,73,true,-200,165
Boston Celtics,2024,74,true,-769,521
Boston Celtics,2024,75,true,-175,147
Boston Celtics,2024,76,false,-500,375
Boston Celtics,2024,77,true,-1250,691
Boston Celtics,2024,78,true,-2500,1134
Boston Celtics,2024,79,true,-133,110
Boston Celtics,2024,80,false,268,-357
Boston Celtics,2024,81,true,-3333,1265
Boston Celtics,2024,82,true,-500,368
Boston Celtics,2025,1,false,-208,175
Boston Celtics,2025,2,false,145,-169
Boston Celtics,2025,3,false,114,-135
Boston Celtics,2025,4,true,-189,160
Boston Celtics,2025,5,true,145,-161
Boston Celtics,2025,6,true,-120,104
Boston Celtics,2025,7,false,160,-189
Boston Celtics,2025,8,false,-455,375
Boston Celtics,2025,9,true,-667,525
Boston Celtics,2025,10,false,140,-164
Boston Celtics,2025,11,true,135,-159
Boston Celtics,2025,12,false,-128,110
Boston Celtics,2025,13,true,-323,260
Boston Celtics,2025,14,true,-208,175
Boston Celtics,2025,15,true,-588,425
Boston Celtics,2025,16,false,-909,600
Boston Celtics,2025,17,true,-185,154
Boston Celtics,2025,18,true,110,-128
Boston Celtics,2025,19,false,194,-233
Boston Celtics,2025,20,true,240,-294
Boston Celtics,2025,21,true,100,-115
Boston Celtics,2025,22,true,-455,375
Boston Celtics,2025,23,true,-333,280
Boston Celtics,2025,24,true,-154,129
Boston Celtics,2025,25,false,-400,325
Boston Celtics,2025,26,false,-120,104
Boston Celtics,2025,27,true,-303,245
Boston Celtics,2025,28,true,108,-120
Boston Celtics,2025,29,true,-588,450
Boston Celtics,2025,30,true,-333,270
Boston Celtics,2025,31,false,-256,220
Boston Celtics,2025,32,true,-278,245
Boston Celtics,2025,33,true,-400,340
Boston Celtics,2025,34,true,110,-122
Boston Celtics,2025,35,true,-455,359
Boston Celtics,2025,36,false,-385,309
Boston Celtics,2025,37,true,-357,290
Boston Celtics,2025,38,false,-102,-112
Boston Celtics,2025,39,false,-204,172
Boston Celtics,2025,40,true,-149,127
Boston Celtics,2025,41,true,-159,140
Boston Celtics,2025,42,false,120,-133
Boston Celtics,2025,43,true,-455,350
Boston Celtics,2025,44,true,-345,285
Boston Celtics,2025,45,false,-154,135
Boston Celtics,2025,46,true,-333,270
Boston Celtics,2025,47,false,-200,172
Boston Celtics,2025,48,true,-500,400
Boston Celtics,2025,49,true,-588,459
Boston Celtics,2025,50,true,-250,220
Boston Celtics,2025,51,true,265,-294
Boston Celtics,2025,52,true,-227,194
Boston Celtics,2025,53,false,-149,131
Boston Celtics,2025,54,true,-667,500
Boston Celtics,2025,55,true,-204,195
Boston Celtics,2025,56,true,-110,-105
Boston Celtics,2025,57,true,-200,175
Boston Celtics,2025,58,false,129,-152
Boston Celtics,2025,59,true,-1429,869
Boston Celtics,2025,60,true,-323,280
Boston Celtics,2025,61,true,-133,114
Boston Celtics,2025,62,false,-250,210
Boston Celtics,2025,63,true,-1111,750
Boston Celtics,2025,64,true,108,-118
Boston Celtics,2025,65,false,140,-154
Boston Celtics,2025,66,false,290,-345
Boston Celtics,2025,67,true,-2500,1500
Boston Celtics,2025,68,true,-400,320
Boston Celtics,2025,69,true,-588,475
Boston Celtics,2025,70,true,-1250,810
Boston Celtics,2025,71,false,-417,359
Boston Celtics,2025,72,true,118,-130
Boston Celtics,2025,73,true,-208,179
Boston Celtics,2025,74,true,116,-135
Boston Celtics,2025,75,false,125,-143
Boston Celtics,2025,76,true,-189,165
Boston Celtics,2025,77,true,-2000,1150
Boston Celtics,2025,78,true,-400,340
Boston Celtics,2025,79,true,-185,170
Boston Celtics,2025,80,false,145,-167
Boston Celtics,2025,81,true,-2000,1200
Boston Celtics,2025,82,true,570,-769
Brooklyn Nets,2016,1,false,640,-909
Brooklyn Nets,2016,2,true,199,-244
Brooklyn Nets,2016,3,false,270,-400
Brooklyn Nets,2016,4,false,236,-294
Brooklyn Nets,2016,5,true,152,-182
Brooklyn Nets,2016,6,false,231,-286
Brooklyn Nets,2016,7,true,154,-185
Brooklyn Nets,2016,8,false,289,-370
Brooklyn Nets,2016,9,true,171,-204
Brooklyn Nets,2016,10,false,1528,-3333
Brooklyn Nets,2016,11,false,252,-312
Brooklyn Nets,2016,12,false,401,-526
Brooklyn Nets,2016,13,false,159,-189
Brooklyn Nets,2016,14,false,259,-323
Brooklyn Nets,2016,15,false,196,-233
Brooklyn Nets,2016,16,false,172,-204
Brooklyn Nets,2016,17,true,513,-714
Brooklyn Nets,2016,18,false,186,-227
Brooklyn Nets,2016,19,false,399,-526
Brooklyn Nets,2016,20,false,222,-270
Brooklyn Nets,2016,21,true,159,-189
Brooklyn Nets,2016,22,false,1168,-2500
Brooklyn Nets,2016,23,false,718,-1111
Brooklyn Nets,2016,24,true,100,-120
Brooklyn Nets,2016,25,false,240,-294
Brooklyn Nets,2016,26,false,100,-119
Brooklyn Nets,2016,27,false,1260,-2500
Brooklyn Nets,2016,28,false,831,-1429
Brooklyn Nets,2016,29,false,1553,-3333
Brooklyn Nets,2016,30,true,225,-278
Brooklyn Nets,2016,31,false,384,-500
Brooklyn Nets,2016,32,false,281,-357
Brooklyn Nets,2016,33,false,240,-294
Brooklyn Nets,2016,34,false,462,-625
Brooklyn Nets,2016,35,false,746,-1111
Brooklyn Nets,2016,36,false,-118,-102
Brooklyn Nets,2016,37,false,304,-385
Brooklyn Nets,2016,38,false,-132,112
Brooklyn Nets,2016,39,false,1244,-2500
Brooklyn Nets,2016,40,false,967,-1667
Brooklyn Nets,2016,41,false,376,-476
Brooklyn Nets,2016,42,true,409,-556
Brooklyn Nets,2016,43,false,615,-909
Brooklyn Nets,2016,44,false,305,-385
Brooklyn Nets,2016,45,false,120,-141
Brooklyn Nets,2016,46,false,1630,-5000
Brooklyn Nets,2016,47,false,517,-714
Brooklyn Nets,2016,48,false,296,-370
Brooklyn Nets,2016,49,false,121,-143
Brooklyn Nets,2016,50,false,212,-250
Brooklyn Nets,2016,51,false,234,-278
Brooklyn Nets,2016,52,false,429,-588
Brooklyn Nets,2016,53,false,391,-500
Brooklyn Nets,2016,54,false,189,-227
Brooklyn Nets,2016,55,false,315,-400
Brooklyn Nets,2016,56,false,173,-204
Brooklyn Nets,2016,57,false,404,-526
Brooklyn Nets,2016,58,false,2056,-10000
Brooklyn Nets,2016,59,true,119,-139
Brooklyn Nets,2016,60,false,785,-1250
Brooklyn Nets,2016,61,false,501,-714
Brooklyn Nets,2016,62,true,515,-714
Brooklyn Nets,2016,63,false,413,-556
Brooklyn Nets,2016,64,false,429,-588
Brooklyn Nets,2016,65,true,-114,-105
Brooklyn Nets,2016,66,false,216,-263
Brooklyn Nets,2016,67,true,177,-213
Brooklyn Nets,2016,68,false,321,-417
Brooklyn Nets,2016,69,false,168,-200
Brooklyn Nets,2016,70,true,189,-227
Brooklyn Nets,2016,71,true,-222,186
Brooklyn Nets,2016,72,false,500,-714
Brooklyn Nets,2016,73,true,229,-278
Brooklyn Nets,2016,74,false,-185,156
Brooklyn Nets,2016,75,false,227,-278
Brooklyn Nets,2016,76,true,-172,147
Brooklyn Nets,2016,77,true,133,-159
Brooklyn Nets,2016,78,true,-128,106
Brooklyn Nets,2016,79,false,-101,-116
Brooklyn Nets,2016,80,true,146,-172
Brooklyn Nets,2016,81,false,516,-714
Brooklyn Nets,2016,82,false,1021,-1667
Brooklyn Nets,2017,1,false,129,-154
Brooklyn Nets,2017,2,true,-133,112
Brooklyn Nets,2017,3,true,-122,102
Brooklyn Nets,2017,4,false,165,-196
Brooklyn Nets,2017,5,true,257,-323
Brooklyn Nets,2017,6,false,114,-137
Brooklyn Nets,2017,7,false,172,-208
Brooklyn Nets,2017,8,false,-185,158
Brooklyn Nets,2017,9,false,125,-147
Brooklyn Nets,2017,10,true,-112,-105
Brooklyn Nets,2017,11,false,572,-833
Brooklyn Nets,2017,12,true,309,-400
Brooklyn Nets,2017,13,false,238,-294
Brooklyn Nets,2017,14,false,221,-270
Brooklyn Nets,2017,15,true,-128,108
Brooklyn Nets,2017,16,false,546,-769
Brooklyn Nets,2017,17,false,533,-714
Brooklyn Nets,2017,18,false,156,-182
Brooklyn Nets,2017,19,true,177,-213
Brooklyn Nets,2017,20,false,1460,-3333
Brooklyn Nets,2017,21,true,175,-208
Brooklyn Nets,2017,22,false,-200,168
Brooklyn Nets,2017,23,true,-103,-114
Brooklyn Nets,2017,24,true,238,-286
Brooklyn Nets,2017,25,false,114,-135
Brooklyn Nets,2017,26,true,131,-156
Brooklyn Nets,2017,27,false,-119,102
Brooklyn Nets,2017,28,false,699,-1111
Brooklyn Nets,2017,29,false,136,-161
Brooklyn Nets,2017,30,false,-227,186
Brooklyn Nets,2017,31,true,200,-244
Brooklyn Nets,2017,32,false,366,-476
Brooklyn Nets,2017,33,false,577,-833
Brooklyn Nets,2017,34,false,350,-455
Brooklyn Nets,2017,35,true,202,-244
Brooklyn Nets,2017,36,false,386,-526
Brooklyn Nets,2017,37,true,-123,104
Brooklyn Nets,2017,38,true,219,-263
Brooklyn Nets,2017,39,false,136,-161
Brooklyn Nets,2017,40,false,250,-312
Brooklyn Nets,2017,41,false,110,-132
Brooklyn Nets,2017,42,true,131,-154
Brooklyn Nets,2017,43,false,368,-476
Brooklyn Nets,2017,44,false,-164,138
Brooklyn Nets,2017,45,false,167,-200
Brooklyn Nets,2017,46,true,131,-156
Brooklyn Nets,2017,47,true,200,-244
Brooklyn Nets,2017,48,false,413,-556
Brooklyn Nets,2017,49,false,213,-256
Brooklyn Nets,2017,50,false,532,-769
Brooklyn Nets,2017,51,false,192,-233
Brooklyn Nets,2017,52,true,254,-312
Brooklyn Nets,2017,53,false,-116,-102
Brooklyn Nets,2017,54,false,163,-196
Brooklyn Nets,2017,55,false,503,-714
Brooklyn Nets,2017,56,false,369,-500
Brooklyn Nets,2017,57,false,114,-137
Brooklyn Nets,2017,58,false,163,-196
Brooklyn Nets,2017,59,false,144,-169
Brooklyn Nets,2017,60,false,293,-370
Brooklyn Nets,2017,61,true,-192,162
Brooklyn Nets,2017,62,false,484,-667
Brooklyn Nets,2017,63,false,-141,118
Brooklyn Nets,2017,64,false,268,-345
Brooklyn Nets,2017,65,false,1041,-2000
Brooklyn Nets,2017,66,true,248,-303
Brooklyn Nets,2017,67,false,193,-233
Brooklyn Nets,2017,68,false,358,-476
Brooklyn Nets,2017,69,false,316,-417
Brooklyn Nets,2017,70,true,-185,154
Brooklyn Nets,2017,71,true,-357,281
Brooklyn Nets,2017,72,false,-103,-114
Brooklyn Nets,2017,73,false,577,-833
Brooklyn Nets,2017,74,false,243,-294
Brooklyn Nets,2017,75,true,-147,125
Brooklyn Nets,2017,76,true,318,-400
Brooklyn Nets,2017,77,false,-109,-109
Brooklyn Nets,2017,78,false,326,-417
Brooklyn Nets,2017,79,true,376,-500
Brooklyn Nets,2017,80,true,-250,204
Brooklyn Nets,2017,81,true,-303,244
Brooklyn Nets,2017,82,false,-179,152
Brooklyn Nets,2018,1,false,208,-256
Brooklyn Nets,2018,2,true,-172,145
Brooklyn Nets,2018,3,false,305,-385
Brooklyn Nets,2018,4,true,127,-149
Brooklyn Nets,2018,5,false,336,-435
Brooklyn Nets,2018,6,false,416,-556
Brooklyn Nets,2018,7,false,-103,-114
Brooklyn Nets,2018,8,true,-141,119
Brooklyn Nets,2018,9,false,152,-179
Brooklyn Nets,2018,10,true,152,-179
Brooklyn Nets,2018,11,true,-137,114
Brooklyn Nets,2018,12,true,343,-435
Brooklyn Nets,2018,13,false,284,-357
Brooklyn Nets,2018,14,false,150,-175
Brooklyn Nets,2018,15,false,112,-133
Brooklyn Nets,2018,16,true,211,-256
Brooklyn Nets,2018,17,false,156,-189
Brooklyn Nets,2018,18,true,127,-149
Brooklyn Nets,2018,19,false,177,-213
Brooklyn Nets,2018,20,false,108,-128
Brooklyn Nets,2018,21,false,165,-196
Brooklyn Nets,2018,22,false,134,-159
Brooklyn Nets,2018,23,false,121,-143
Brooklyn Nets,2018,24,false,222,-270
Brooklyn Nets,2018,25,false,-250,206
Brooklyn Nets,2018,26,false,220,-270
Brooklyn Nets,2018,27,true,334,-435
Brooklyn Nets,2018,28,true,108,-130
Brooklyn Nets,2018,29,true,208,-250
Brooklyn Nets,2018,30,true,-147,124
Brooklyn Nets,2018,31,true,-303,246
Brooklyn Nets,2018,32,true,104,-123
Brooklyn Nets,2018,33,true,-120,100
Brooklyn Nets,2018,34,false,125,-149
Brooklyn Nets,2018,35,true,-435,333
Brooklyn Nets,2018,36,true,-119,100
Brooklyn Nets,2018,37,false,165,-196
Brooklyn Nets,2018,38,false,473,-667
Brooklyn Nets,2018,39,true,104,-122
Brooklyn Nets,2018,40,true,147,-175
Brooklyn Nets,2018,41,true,-132,110
Brooklyn Nets,2018,42,false,461,-625
Brooklyn Nets,2018,43,true,-400,316
Brooklyn Nets,2018,44,false,426,-588
Brooklyn Nets,2018,45,true,116,-137
Brooklyn Nets,2018,46,true,192,-238
Brooklyn Nets,2018,47,true,112,-133
Brooklyn Nets,2018,48,true,-169,141
Brooklyn Nets,2018,49,true,-208,172
Brooklyn Nets,2018,50,true,-435,342
Brooklyn Nets,2018,51,false,346,-455
Brooklyn Nets,2018,52,true,-270,221
Brooklyn Nets,2018,53,false,264,-333
Brooklyn Nets,2018,54,false,127,-152
Brooklyn Nets,2018,55,false,245,-303
Brooklyn Nets,2018,56,true,133,-159
Brooklyn Nets,2018,57,false,-370,292
Brooklyn Nets,2018,58,false,434,-588
Brooklyn Nets,2018,59,true,-323,259
Brooklyn Nets,2018,60,false,127,-149
Brooklyn Nets,2018,61,true,136,-161
Brooklyn Nets,2018,62,true,-123,104
Brooklyn Nets,2018,63,false,-213,177
Brooklyn Nets,2018,64,false,-145,123
Brooklyn Nets,2018,65,false,117,-137
Brooklyn Nets,2018,66,true,-233,191
Brooklyn Nets,2018,67,true,-500,379
Brooklyn Nets,2018,68,true,-189,159
Brooklyn Nets,2018,69,true,-135,114
Brooklyn Nets,2018,70,false,243,-303
Brooklyn Nets,2018,71,false,329,-435
Brooklyn Nets,2018,72,false,191,-233
Brooklyn Nets,2018,73,true,131,-156
Brooklyn Nets,2018,74,true,-141,118
Brooklyn Nets,2018,75,false,209,-250
Brooklyn Nets,2018,76,false,256,-312
Brooklyn Nets,2018,77,true,-172,147
Brooklyn Nets,2018,78,false,-119,100
Brooklyn Nets,2018,79,false,112,-133
Brooklyn Nets,2018,80,true,133,-156
Brooklyn Nets,2018,81,true,118,-139
Brooklyn Nets,2018,82,true,-200,169
Brooklyn Nets,2019,1,false,-159,133
Brooklyn Nets,2019,2,true,-357,278
Brooklyn Nets,2019,3,false,-182,152
Brooklyn Nets,2019,4,false,-152,129
Brooklyn Nets,2019,5,true,159,-189
Brooklyn Nets,2019,6,false,-182,150
Brooklyn Nets,2019,7,true,-167,141
Brooklyn Nets,2019,8,true,134,-159
Brooklyn Nets,2019,9,false,122,-143
Brooklyn Nets,2019,10,false,229,-278
Brooklyn Nets,2019,11,false,272,-333
Brooklyn Nets,2019,12,true,145,-172
Brooklyn Nets,2019,13,false,-135,114
Brooklyn Nets,2019,14,true,-182,154
Brooklyn Nets,2019,15,true,-128,108
Brooklyn Nets,2019,16,true,-137,114
Brooklyn Nets,2019,17,true,-102,-118
Brooklyn Nets,2019,18,false,303,-385
Brooklyn Nets,2019,19,true,161,-192
Brooklyn Nets,2019,20,false,152,-182
Brooklyn Nets,2019,21,true,-147,125
Brooklyn Nets,2019,22,true,-152,129
Brooklyn Nets,2019,23,true,156,-185
Brooklyn Nets,2019,24,false,-556,413
Brooklyn Nets,2019,25,false,256,-323
Brooklyn Nets,2019,26,true,145,-172
Brooklyn Nets,2019,27,true,-128,108
Brooklyn Nets,2019,28,false,150,-179
Brooklyn Nets,2019,29,true,-323,257
Brooklyn Nets,2019,30,false,-312,256
Brooklyn Nets,2019,31,false,359,-455
Brooklyn Nets,2019,32,false,-189,160
Brooklyn Nets,2019,33,false,298,-370
Brooklyn Nets,2019,34,false,-125,104
Brooklyn Nets,2019,35,false,166,-196
Brooklyn Nets,2019,36,false,-110,-109
Brooklyn Nets,2019,37,true,150,-175
Brooklyn Nets,2019,38,true,-435,343
Brooklyn Nets,2019,39,false,125,-149
Brooklyn Nets,2019,40,false,216,-263
Brooklyn Nets,2019,41,false,434,-588
Brooklyn Nets,2019,42,false,119,-141
Brooklyn Nets,2019,43,false,186,-222
Brooklyn Nets,2019,44,true,-139,118
Brooklyn Nets,2019,45,false,108,-128
Brooklyn Nets,2019,46,true,-244,202
Brooklyn Nets,2019,47,true,-227,187
Brooklyn Nets,2019,48,false,-130,110
Brooklyn Nets,2019,49,true,-135,114
Brooklyn Nets,2019,50,true,-278,227
Brooklyn Nets,2019,51,false,213,-263
Brooklyn Nets,2019,52,true,222,-270
Brooklyn Nets,2019,53,true,144,-169
Brooklyn Nets,2019,54,false,231,-286
Brooklyn Nets,2019,55,true,-179,152
Brooklyn Nets,2019,56,false,-164,138
Brooklyn Nets,2019,57,false,-123,104
Brooklyn Nets,2019,58,false,-139,118
Brooklyn Nets,2019,59,false,256,-312
Brooklyn Nets,2019,60,true,222,-270
Brooklyn Nets,2019,61,false,-119,100
Brooklyn Nets,2019,62,true,-149,125
Brooklyn Nets,2019,63,true,-244,202
Brooklyn Nets,2019,64,true,575,-833
Brooklyn Nets,2019,65,false,267,-323
Brooklyn Nets,2019,66,true,-167,146
Brooklyn Nets,2019,67,true,1564,-3333
Brooklyn Nets,2019,68,false,341,-417
Brooklyn Nets,2019,69,true,179,-208
Brooklyn Nets,2019,70,true,348,-435
Brooklyn Nets,2019,71,true,167,-192
Brooklyn Nets,2019,72,false,423,-526
Brooklyn Nets,2020,1,true,-323,260
Brooklyn Nets,2020,2,true,-152,129
Brooklyn Nets,2020,3,false,-625,459
Brooklyn Nets,2020,4,false,112,-133
Brooklyn Nets,2020,5,true,-233,196
Brooklyn Nets,2020,6,false,-250,209
Brooklyn Nets,2020,7,false,-323,259
Brooklyn Nets,2020,8,true,156,-185
Brooklyn Nets,2020,9,true,154,-182
Brooklyn Nets,2020,10,false,-114,-104
Brooklyn Nets,2020,11,false,-333,265
Brooklyn Nets,2020,12,true,-123,104
Brooklyn Nets,2020,13,true,-149,127
Brooklyn Nets,2020,14,true,-435,345
Brooklyn Nets,2020,15,true,148,-172
Brooklyn Nets,2020,16,false,-588,442
Brooklyn Nets,2020,17,false,-263,222
Brooklyn Nets,2020,18,true,-323,267
Brooklyn Nets,2020,19,true,-323,263
Brooklyn Nets,2020,20,true,-222,189
Brooklyn Nets,2020,21,true,-270,225
Brooklyn Nets,2020,22,false,-256,214
Brooklyn Nets,2020,23,true,106,-122
Brooklyn Nets,2020,24,false,-222,188
Brooklyn Nets,2020,25,false,217,-256
Brooklyn Nets,2020,26,false,-227,193
Brooklyn Nets,2020,27,true,100,-119
Brooklyn Nets,2020,28,true,-156,136
Brooklyn Nets,2020,29,true,-189,163
Brooklyn Nets,2020,30,true,268,-333
Brooklyn Nets,2020,31,true,125,-145
Brooklyn Nets,2020,32,true,218,-256
Brooklyn Nets,2020,33,true,-233,196
Brooklyn Nets,2020,34,true,-385,313
Brooklyn Nets,2020,35,false,-106,-109
Brooklyn Nets,2020,36,true,-172,150
Brooklyn Nets,2020,37,true,-556,425
Brooklyn Nets,2020,38,true,-137,118
Brooklyn Nets,2020,39,true,-667,492
Brooklyn Nets,2020,40,true,-357,296
Brooklyn Nets,2020,41,true,106,-125
Brooklyn Nets,2020,42,false,-588,437
Brooklyn Nets,2020,43,true,-400,316
Brooklyn Nets,2020,44,true,119,-139
Brooklyn Nets,2020,45,false,674,-1000
Brooklyn Nets,2020,46,true,-270,222
Brooklyn Nets,2020,47,true,-625,459
Brooklyn Nets,2020,48,true,-1000,678
Brooklyn Nets,2020,49,true,-143,122
Brooklyn Nets,2020,50,false,-132,110
Brooklyn Nets,2020,51,true,-250,209
Brooklyn Nets,2020,52,true,-385,316
Brooklyn Nets,2020,53,false,-714,536
Brooklyn Nets,2020,54,true,-294,247
Brooklyn Nets,2020,55,false,315,-400
Brooklyn Nets,2020,56,true,-833,574
Brooklyn Nets,2020,57,false,-204,173
Brooklyn Nets,2020,58,true,124,-145
Brooklyn Nets,2020,59,false,154,-179
Brooklyn Nets,2020,60,true,-159,138
Brooklyn Nets,2020,61,true,-115,-101
Brooklyn Nets,2020,62,true,-200,167
Brooklyn Nets,2020,63,true,-213,181
Brooklyn Nets,2020,64,false,129,-152
Brooklyn Nets,2020,65,false,119,-137
Brooklyn Nets,2020,66,false,110,-128
Brooklyn Nets,2020,67,false,-147,125
Brooklyn Nets,2020,68,true,-156,135
Brooklyn Nets,2020,69,true,-189,162
Brooklyn Nets,2020,70,true,-200,168
Brooklyn Nets,2020,71,true,-714,517
Brooklyn Nets,2020,72,true,-1111,709
Brooklyn Nets,2021,1,false,100,-116
Brooklyn Nets,2021,2,true,-116,100
Brooklyn Nets,2021,3,false,-435,349
Brooklyn Nets,2021,4,true,-233,198
Brooklyn Nets,2021,5,false,-154,136
Brooklyn Nets,2021,6,true,-400,324
Brooklyn Nets,2021,7,true,-769,569
Brooklyn Nets,2021,8,true,-182,158
Brooklyn Nets,2021,9,true,-500,388
Brooklyn Nets,2021,10,true,-156,136
Brooklyn Nets,2021,11,false,-111,-104
Brooklyn Nets,2021,12,true,-455,365
Brooklyn Nets,2021,13,true,-455,353
Brooklyn Nets,2021,14,true,-417,334
Brooklyn Nets,2021,15,false,-141,121
Brooklyn Nets,2021,16,true,-500,384
Brooklyn Nets,2021,17,true,-476,375
Brooklyn Nets,2021,18,true,-217,183
Brooklyn Nets,2021,19,true,102,-120
Brooklyn Nets,2021,20,false,-125,106
Brooklyn Nets,2021,21,true,-250,212
Brooklyn Nets,2021,22,true,-400,324
Brooklyn Nets,2021,23,false,-141,122
Brooklyn Nets,2021,24,true,-123,106
Brooklyn Nets,2021,25,false,-167,144
Brooklyn Nets,2021,26,true,108,-127
Brooklyn Nets,2021,27,true,-303,252
Brooklyn Nets,2021,28,true,-164,140
Brooklyn Nets,2021,29,true,117,-135
Brooklyn Nets,2021,30,false,-208,177
Brooklyn Nets,2021,31,true,120,-139
Brooklyn Nets,2021,32,true,-164,140
Brooklyn Nets,2021,33,false,-204,173
Brooklyn Nets,2021,34,false,-1111,753
Brooklyn Nets,2021,35,false,-250,209
Brooklyn Nets,2021,36,true,-385,305
Brooklyn Nets,2021,37,false,-185,159
Brooklyn Nets,2021,38,true,-500,388
Brooklyn Nets,2021,39,false,-357,287
Brooklyn Nets,2021,40,true,-123,106
Brooklyn Nets,2021,41,false,-227,193
Brooklyn Nets,2021,42,true,-227,189
Brooklyn Nets,2021,43,false,152,-179
Brooklyn Nets,2021,44,true,-106,-112
Brooklyn Nets,2021,45,true,-111,-106
Brooklyn Nets,2021,46,false,123,-143
Brooklyn Nets,2021,47,false,139,-161
Brooklyn Nets,2021,48,false,181,-213
Brooklyn Nets,2021,49,false,396,-500
Brooklyn Nets,2021,50,false,229,-270
Brooklyn Nets,2021,51,false,-196,169
Brooklyn Nets,2021,52,false,186,-217
Brooklyn Nets,2021,53,false,287,-345
Brooklyn Nets,2021,54,false,357,-435
Brooklyn Nets,2021,55,false,-104,-112
Brooklyn Nets,2021,56,false,490,-667
Brooklyn Nets,2021,57,true,108,-125
Brooklyn Nets,2021,58,true,163,-189
Brooklyn Nets,2021,59,false,-192,165
Brooklyn Nets,2021,60,false,309,-385
Brooklyn Nets,2021,61,true,361,-455
Brooklyn Nets,2021,62,false,131,-152
Brooklyn Nets,2021,63,false,269,-323
Brooklyn Nets,2021,64,false,-149,129
Brooklyn Nets,2021,65,false,191,-222
Brooklyn Nets,2021,66,true,-189,160
Brooklyn Nets,2021,67,true,148,-169
Brooklyn Nets,2021,68,true,-222,189
Brooklyn Nets,2021,69,true,-500,386
Brooklyn Nets,2021,70,false,124,-143
Brooklyn Nets,2021,71,true,-1429,830
Brooklyn Nets,2021,72,true,112,-130
Brooklyn Nets,2021,73,false,-106,-109
Brooklyn Nets,2021,74,true,-139,119
Brooklyn Nets,2021,75,false,-278,229
Brooklyn Nets,2021,76,true,-1111,731
Brooklyn Nets,2021,77,false,-128,110
Brooklyn Nets,2021,78,false,-130,110
Brooklyn Nets,2021,79,true,-2000,1064
Brooklyn Nets,2021,80,true,-278,234
Brooklyn Nets,2021,81,true,-357,292
Brooklyn Nets,2021,82,true,-2000,1070
Brooklyn Nets,2022,1,false,-149,125
Brooklyn Nets,2022,2,true,-147,122
Brooklyn Nets,2022,3,false,-101,-118
Brooklyn Nets,2022,4,false,127,-152
Brooklyn Nets,2022,5,false,119,-141
Brooklyn Nets,2022,6,false,-714,480
Brooklyn Nets,2022,7,true,-323,252
Brooklyn Nets,2022,8,false,-135,114
Brooklyn Nets,2022,9,true,127,-152
Brooklyn Nets,2022,10,true,-164,139
Brooklyn Nets,2022,11,false,188,-233
Brooklyn Nets,2022,12,true,-154,129
Brooklyn Nets,2022,13,true,102,-122
Brooklyn Nets,2022,14,false,-200,167
Brooklyn Nets,2022,15,false,106,-127
Brooklyn Nets,2022,16,true,125,-149
Brooklyn Nets,2022,17,true,-303,239
Brooklyn Nets,2022,18,false,-323,254
Brooklyn Nets,2022,19,true,-141,119
Brooklyn Nets,2022,20,false,-169,139
Brooklyn Nets,2022,21,true,-323,252
Brooklyn Nets,2022,22,true,-714,478
Brooklyn Nets,2022,23,true,-222,183
Brooklyn Nets,2022,24,true,-125,106
Brooklyn Nets,2022,25,false,112,-133
Brooklyn Nets,2022,26,true,-526,387
Brooklyn Nets,2022,27,true,-312,245
Brooklyn Nets,2022,28,true,258,-323
Brooklyn Nets,2022,29,true,-217,179
Brooklyn Nets,2022,30,true,-118,-102
Brooklyn Nets,2022,31,true,-345,273
Brooklyn Nets,2022,32,true,-588,428
Brooklyn Nets,2022,33,true,-132,112
Brooklyn Nets,2022,34,true,110,-132
Brooklyn Nets,2022,35,true,-303,243
Brooklyn Nets,2022,36,true,-244,200
Brooklyn Nets,2022,37,true,-769,532
Brooklyn Nets,2022,38,false,-204,169
Brooklyn Nets,2022,39,true,-189,156
Brooklyn Nets,2022,40,true,-130,110
Brooklyn Nets,2022,41,false,-104,-116
Brooklyn Nets,2022,42,false,-185,156
Brooklyn Nets,2022,43,false,-135,114
Brooklyn Nets,2022,44,false,-167,139
Brooklyn Nets,2022,45,true,163,-192
Brooklyn Nets,2022,46,true,242,-303
Brooklyn Nets,2022,47,false,229,-278
Brooklyn Nets,2022,48,false,-333,259
Brooklyn Nets,2022,49,true,-108,-111
Brooklyn Nets,2022,50,true,-400,307
Brooklyn Nets,2022,51,false,294,-385
Brooklyn Nets,2022,52,true,-101,-115
Brooklyn Nets,2022,53,false,279,-345
Brooklyn Nets,2022,54,false,220,-263
Brooklyn Nets,2022,55,true,127,-149
Brooklyn Nets,2022,56,false,106,-123
Brooklyn Nets,2022,57,false,129,-149
Brooklyn Nets,2022,58,true,-125,106
Brooklyn Nets,2022,59,false,110,-128
Brooklyn Nets,2022,60,false,202,-244
Brooklyn Nets,2022,61,false,204,-244
Brooklyn Nets,2022,62,false,254,-312
Brooklyn Nets,2022,63,true,384,-526
Brooklyn Nets,2022,64,true,-333,265
Brooklyn Nets,2022,65,true,-256,209
Brooklyn Nets,2022,66,false,347,-476
Brooklyn Nets,2022,67,true,152,-182
Brooklyn Nets,2022,68,true,299,-385
Brooklyn Nets,2022,69,false,-102,-118
Brooklyn Nets,2022,70,false,-154,129
Brooklyn Nets,2022,71,false,125,-147
Brooklyn Nets,2022,72,false,144,-169
Brooklyn Nets,2022,73,false,135,-159
Brooklyn Nets,2022,74,true,183,-222
Brooklyn Nets,2022,75,false,106,-125
Brooklyn Nets,2022,76,true,-588,424
Brooklyn Nets,2022,77,true,102,-120
Brooklyn Nets,2022,78,true,-303,239
Brooklyn Nets,2022,79,false,125,-145
Brooklyn Nets,2022,80,true,-625,429
Brooklyn Nets,2022,81,true,-500,370
Brooklyn Nets,2022,82,false,-122,104
Brooklyn Nets,2023,1,false,106,-125
Brooklyn Nets,2023,2,false,193,-233
Brooklyn Nets,2023,3,true,-123,104
Brooklyn Nets,2023,4,true,219,-270
Brooklyn Nets,2023,5,true,146,-172
Brooklyn Nets,2023,6,false,363,-476
Brooklyn Nets,2023,7,false,162,-192
Brooklyn Nets,2023,8,true,177,-208
Brooklyn Nets,2023,9,false,457,-667
Brooklyn Nets,2023,10,true,-278,223
Brooklyn Nets,2023,11,true,-143,122
Brooklyn Nets,2023,12,false,139,-161
Brooklyn Nets,2023,13,false,140,-161
Brooklyn Nets,2023,14,false,131,-154
Brooklyn Nets,2023,15,true,-286,231
Brooklyn Nets,2023,16,true,-147,127
Brooklyn Nets,2023,17,true,-123,104
Brooklyn Nets,2023,18,false,-370,299
Brooklyn Nets,2023,19,true,-137,117
Brooklyn Nets,2023,20,true,137,-161
Brooklyn Nets,2023,21,true,-417,315
Brooklyn Nets,2023,22,false,159,-192
Brooklyn Nets,2023,23,true,160,-189
Brooklyn Nets,2023,24,false,322,-417
Brooklyn Nets,2023,25,false,134,-156
Brooklyn Nets,2023,26,false,-156,133
Brooklyn Nets,2023,27,false,-104,-114
Brooklyn Nets,2023,28,false,160,-192
Brooklyn Nets,2023,29,true,-455,347
Brooklyn Nets,2023,30,true,-256,206
Brooklyn Nets,2023,31,false,354,-476
Brooklyn Nets,2023,32,false,-238,194
Brooklyn Nets,2023,33,false,243,-303
Brooklyn Nets,2023,34,false,181,-227
Brooklyn Nets,2023,35,false,145,-172
Brooklyn Nets,2023,36,true,161,-189
Brooklyn Nets,2023,37,false,-370,292
Brooklyn Nets,2023,38,false,138,-161
Brooklyn Nets,2023,39,false,-104,-114
Brooklyn Nets,2023,40,false,-208,175
Brooklyn Nets,2023,41,true,227,-278
Brooklyn Nets,2023,42,false,374,-500
Brooklyn Nets,2023,43,false,136,-159
Brooklyn Nets,2023,44,false,141,-167
Brooklyn Nets,2023,45,true,-169,146
Brooklyn Nets,2023,46,true,-108,-109
Brooklyn Nets,2023,47,false,139,-161
Brooklyn Nets,2023,48,true,104,-123
Brooklyn Nets,2023,49,false,-106,-111
Brooklyn Nets,2023,50,false,124,-145
Brooklyn Nets,2023,51,false,243,-303
Brooklyn Nets,2023,52,true,-233,189
Brooklyn Nets,2023,53,false,270,-333
Brooklyn Nets,2023,54,false,503,-714
Brooklyn Nets,2023,55,false,-101,-116
Brooklyn Nets,2023,56,false,266,-333
Brooklyn Nets,2023,57,true,-141,120
Brooklyn Nets,2023,58,false,202,-250
Brooklyn Nets,2023,59,true,-114,-103
Brooklyn Nets,2023,60,true,-105,-112
Brooklyn Nets,2023,61,false,-455,349
Brooklyn Nets,2023,62,true,-108,-110
Brooklyn Nets,2023,63,false,-135,114
Brooklyn Nets,2023,64,false,-238,200
Brooklyn Nets,2023,65,true,218,-256
Brooklyn Nets,2023,66,false,198,-244
Brooklyn Nets,2023,67,false,260,-312
Brooklyn Nets,2023,68,false,108,-127
Brooklyn Nets,2023,69,false,220,-278
Brooklyn Nets,2023,70,false,379,-500
Brooklyn Nets,2023,71,false,229,-294
Brooklyn Nets,2023,72,true,-256,206
Brooklyn Nets,2023,73,true,-167,142
Brooklyn Nets,2023,74,true,125,-147
Brooklyn Nets,2023,75,false,218,-270
Brooklyn Nets,2023,76,false,520,-769
Brooklyn Nets,2023,77,true,220,-270
Brooklyn Nets,2023,78,true,-500,373
Brooklyn Nets,2023,79,false,398,-526
Brooklyn Nets,2023,80,true,-714,470
Brooklyn Nets,2023,81,false,472,-714
Brooklyn Nets,2023,82,false,558,-769
Brooklyn Nets,2024,1,false,229,-286
Brooklyn Nets,2024,2,false,455,-625
Brooklyn Nets,2024,3,true,292,-385
Brooklyn Nets,2024,4,false,181,-217
Brooklyn Nets,2024,5,true,487,-714
Brooklyn Nets,2024,6,true,-122,100
Brooklyn Nets,2024,7,false,-154,129
Brooklyn Nets,2024,8,true,148,-179
Brooklyn Nets,2024,9,false,590,-909
Brooklyn Nets,2024,10,false,568,-833
Brooklyn Nets,2024,11,true,-122,102
Brooklyn Nets,2024,12,false,368,-500
Brooklyn Nets,2024,13,false,296,-385
Brooklyn Nets,2024,14,false,368,-500
Brooklyn Nets,2024,15,true,-122,102
Brooklyn Nets,2024,16,false,139,-164
Brooklyn Nets,2024,17,true,374,-500
Brooklyn Nets,2024,18,true,608,-909
Brooklyn Nets,2024,19,true,317,-417
Brooklyn Nets,2024,20,false,242,-303
Brooklyn Nets,2024,21,false,218,-270
Brooklyn Nets,2024,22,false,241,-303
Brooklyn Nets,2024,23,true,129,-154
Brooklyn Nets,2024,24,false,199,-244
Brooklyn Nets,2024,25,false,368,-500
Brooklyn Nets,2024,26,false,379,-500
Brooklyn Nets,2024,27,true,114,-135
Brooklyn Nets,2024,28,false,-123,102
Brooklyn Nets,2024,29,false,328,-435
Brooklyn Nets,2024,30,true,206,-250
Brooklyn Nets,2024,31,false,261,-323
Brooklyn Nets,2024,32,false,274,-345
Brooklyn Nets,2024,33,false,100,-120
Brooklyn Nets,2024,34,true,530,-769
Brooklyn Nets,2024,35,false,305,-400
Brooklyn Nets,2024,36,false,417,-556
Brooklyn Nets,2024,37,false,313,-400
Brooklyn Nets,2024,38,false,717,-1250
Brooklyn Nets,2024,39,false,127,-154
Brooklyn Nets,2024,40,true,143,-172
Brooklyn Nets,2024,41,false,694,-1111
Brooklyn Nets,2024,42,false,370,-500
Brooklyn Nets,2024,43,false,871,-1667
Brooklyn Nets,2024,44,false,490,-714
Brooklyn Nets,2024,45,false,555,-833
Brooklyn Nets,2024,46,false,229,-286
Brooklyn Nets,2024,47,false,509,-714
Brooklyn Nets,2024,48,true,102,-120
Brooklyn Nets,2024,49,true,556,-833
Brooklyn Nets,2024,50,true,313,-400
Brooklyn Nets,2024,51,false,-217,179
Brooklyn Nets,2024,52,true,175,-213
Brooklyn Nets,2024,53,true,-200,168
Brooklyn Nets,2024,54,true,-125,104
Brooklyn Nets,2024,55,false,522,-769
Brooklyn Nets,2024,56,true,404,-556
Brooklyn Nets,2024,57,false,-147,123
Brooklyn Nets,2024,58,false,869,-1667
Brooklyn Nets,2024,59,false,102,-120
Brooklyn Nets,2024,60,false,483,-667
Brooklyn Nets,2024,61,false,136,-159
Brooklyn Nets,2024,62,false,422,-588
Brooklyn Nets,2024,63,false,-227,186
Brooklyn Nets,2024,64,true,188,-227
Brooklyn Nets,2024,65,false,671,-1111
Brooklyn Nets,2024,66,false,104,-122
Brooklyn Nets,2024,67,false,430,-588
Brooklyn Nets,2024,68,true,197,-238
Brooklyn Nets,2024,69,false,561,-833
Brooklyn Nets,2024,70,false,263,-333
Brooklyn Nets,2024,71,false,513,-769
Brooklyn Nets,2024,72,false,129,-154
Brooklyn Nets,2024,73,false,-139,117
Brooklyn Nets,2024,74,false,553,-769
Brooklyn Nets,2024,75,true,112,-132
Brooklyn Nets,2024,76,true,345,-476
Brooklyn Nets,2024,77,false,614,-1000
Brooklyn Nets,2024,78,false,114,-137
Brooklyn Nets,2024,79,true,-123,100
Brooklyn Nets,2024,80,false,593,-909
Brooklyn Nets,2024,81,false,1437,-5000
Brooklyn Nets,2024,82,false,163,-196
Brooklyn Nets,2025,1,false,170,-204
Brooklyn Nets,2025,2,false,500,-625
Brooklyn Nets,2025,3,false,400,-500
Brooklyn Nets,2025,4,false,800,-1250
Brooklyn Nets,2025,5,false,265,-333
Brooklyn Nets,2025,6,false,160,-189
Brooklyn Nets,2025,7,false,340,-417
Brooklyn Nets,2025,8,true,210,-250
Brooklyn Nets,2025,9,false,375,-500
Brooklyn Nets,2025,10,false,800,-1250
Brooklyn Nets,2025,11,false,350,-455
Brooklyn Nets,2025,12,false,650,-909
Brooklyn Nets,2025,13,true,120,-141
Brooklyn Nets,2025,14,false,425,-588
Brooklyn Nets,2025,15,true,600,-909
Brooklyn Nets,2025,16,false,450,-588
Brooklyn Nets,2025,17,false,525,-769
Brooklyn Nets,2025,18,false,220,-263
Brooklyn Nets,2025,19,false,440,-588
Brooklyn Nets,2025,20,true,168,-185
Brooklyn Nets,2025,21,true,265,-323
Brooklyn Nets,2025,22,false,166,-196
Brooklyn Nets,2025,23,true,-167,145
Brooklyn Nets,2025,24,false,245,-294
Brooklyn Nets,2025,25,true,102,-115
Brooklyn Nets,2025,26,false,229,-278
Brooklyn Nets,2025,27,true,135,-154
Brooklyn Nets,2025,28,true,320,-370
Brooklyn Nets,2025,29,true,500,-588
Brooklyn Nets,2025,30,false,190,-222
Brooklyn Nets,2025,31,false,475,-556
Brooklyn Nets,2025,32,false,125,-147
Brooklyn Nets,2025,33,true,120,-141
Brooklyn Nets,2025,34,false,108,-125
Brooklyn Nets,2025,35,false,185,-222
Brooklyn Nets,2025,36,false,235,-270
Brooklyn Nets,2025,37,false,129,-154
Brooklyn Nets,2025,38,false,-102,-110
Brooklyn Nets,2025,39,true,-110,-104
Brooklyn Nets,2025,40,false,220,-250
Brooklyn Nets,2025,41,false,320,-385
Brooklyn Nets,2025,42,false,500,-625
Brooklyn Nets,2025,43,false,285,-345
Brooklyn Nets,2025,44,false,370,-455
Brooklyn Nets,2025,45,false,280,-312
Brooklyn Nets,2025,46,false,200,-238
Brooklyn Nets,2025,47,true,140,-159
Brooklyn Nets,2025,48,false,520,-714
Brooklyn Nets,2025,49,false,265,-323
Brooklyn Nets,2025,50,false,300,-357
Brooklyn Nets,2025,51,true,-294,245
Brooklyn Nets,2025,52,true,135,-154
Brooklyn Nets,2025,53,false,-227,190
Brooklyn Nets,2025,54,false,700,-909
Brooklyn Nets,2025,55,false,810,-1250
Brooklyn Nets,2025,56,false,325,-400
Brooklyn Nets,2025,57,false,106,-123
Brooklyn Nets,2025,58,false,425,-556
Brooklyn Nets,2025,59,false,869,-1429
Brooklyn Nets,2025,60,false,450,-526
Brooklyn Nets,2025,61,false,525,-667
Brooklyn Nets,2025,62,false,610,-769
Brooklyn Nets,2025,63,true,575,-769
Brooklyn Nets,2025,64,true,-116,104
Brooklyn Nets,2025,65,false,750,-1111
Brooklyn Nets,2025,66,false,750,-1250
Brooklyn Nets,2025,67,false,320,-385
Brooklyn Nets,2025,68,false,409,-500
Brooklyn Nets,2025,69,false,1200,-2000
Brooklyn Nets,2025,70,false,1200,-2000
Brooklyn Nets,2025,71,false,204,-244
Brooklyn Nets,2025,72,false,700,-1111
Brooklyn Nets,2025,73,false,500,-625
Brooklyn Nets,2025,74,false,1300,-2000
Brooklyn Nets,2025,75,true,-120,110
Brooklyn Nets,2025,76,false,1200,-2000
Brooklyn Nets,2025,77,false,1000,-1667
Brooklyn Nets,2025,78,true,-159,142
Brooklyn Nets,2025,79,true,108,-120
Brooklyn Nets,2025,80,false,135,-154
Brooklyn Nets,2025,81,false,390,-500
Brooklyn Nets,2025,82,false,3000,-10000
Charlotte Hornets,2016,1,true,-119,100
Charlotte Hornets,2016,2,true,-115,-103
Charlotte Hornets,2016,3,false,125,-147
Charlotte Hornets,2016,4,true,-1250,785
Charlotte Hornets,2016,5,true,-286,231
Charlotte Hornets,2016,6,true,-147,125
Charlotte Hornets,2016,7,true,-149,127
Charlotte Hornets,2016,8,false,-108,-111
Charlotte Hornets,2016,9,false,272,-345
Charlotte Hornets,2016,10,true,-115,-104
Charlotte Hornets,2016,11,true,-137,116
Charlotte Hornets,2016,12,false,-132,112
Charlotte Hornets,2016,13,false,-217,179
Charlotte Hornets,2016,14,false,191,-233
Charlotte Hornets,2016,15,false,-128,108
Charlotte Hornets,2016,16,true,-238,195
Charlotte Hornets,2016,17,true,-116,-101
Charlotte Hornets,2016,18,false,-167,140
Charlotte Hornets,2016,19,true,-909,604
Charlotte Hornets,2016,20,false,-244,199
Charlotte Hornets,2016,21,true,-164,141
Charlotte Hornets,2016,22,true,-227,188
Charlotte Hornets,2016,23,true,-323,254
Charlotte Hornets,2016,24,false,267,-333
Charlotte Hornets,2016,25,false,-119,100
Charlotte Hornets,2016,26,false,-132,110
Charlotte Hornets,2016,27,false,222,-270
Charlotte Hornets,2016,28,true,121,-143
Charlotte Hornets,2016,29,true,-417,328
Charlotte Hornets,2016,30,true,-189,160
Charlotte Hornets,2016,31,false,-278,225
Charlotte Hornets,2016,32,true,-185,158
Charlotte Hornets,2016,33,true,-278,225
Charlotte Hornets,2016,34,false,100,-119
Charlotte Hornets,2016,35,false,-120,102
Charlotte Hornets,2016,36,true,-133,114
Charlotte Hornets,2016,37,false,173,-208
Charlotte Hornets,2016,38,false,501,-714
Charlotte Hornets,2016,39,false,348,-455
Charlotte Hornets,2016,40,false,-217,181
Charlotte Hornets,2016,41,false,177,-213
Charlotte Hornets,2016,42,true,-233,193
Charlotte Hornets,2016,43,true,-116,-101
Charlotte Hornets,2016,44,true,-909,615
Charlotte Hornets,2016,45,false,-227,192
Charlotte Hornets,2016,46,false,416,-556
Charlotte Hornets,2016,47,false,-116,-103
Charlotte Hornets,2016,48,false,-303,249
Charlotte Hornets,2016,49,false,143,-169
Charlotte Hornets,2016,50,false,1108,-2000
Charlotte Hornets,2016,51,false,272,-333
Charlotte Hornets,2016,52,true,-588,429
Charlotte Hornets,2016,53,false,118,-139
Charlotte Hornets,2016,54,false,-143,122
Charlotte Hornets,2016,55,false,-345,279
Charlotte Hornets,2016,56,false,211,-256
Charlotte Hornets,2016,57,false,169,-204
Charlotte Hornets,2016,58,true,-175,150
Charlotte Hornets,2016,59,false,476,-667
Charlotte Hornets,2016,60,true,-192,163
Charlotte Hornets,2016,61,false,-167,141
Charlotte Hornets,2016,62,true,188,-227
Charlotte Hornets,2016,63,true,-179,152
Charlotte Hornets,2016,64,false,148,-175
Charlotte Hornets,2016,65,true,-455,351
Charlotte Hornets,2016,66,false,-167,142
Charlotte Hornets,2016,67,false,-303,248
Charlotte Hornets,2016,68,false,125,-147
Charlotte Hornets,2016,69,true,-167,143
Charlotte Hornets,2016,70,true,-233,195
Charlotte Hornets,2016,71,true,-192,162
Charlotte Hornets,2016,72,false,140,-164
Charlotte Hornets,2016,73,true,-1111,742
Charlotte Hornets,2016,74,false,-182,154
Charlotte Hornets,2016,75,true,202,-244
Charlotte Hornets,2016,76,true,-139,117
Charlotte Hornets,2016,77,true,171,-204
Charlotte Hornets,2016,78,false,129,-152
Charlotte Hornets,2016,79,false,-149,125
Charlotte Hornets,2016,80,false,-114,-105
Charlotte Hornets,2016,81,false,222,-270
Charlotte Hornets,2016,82,false,288,-370
Charlotte Hornets,2017,1,false,127,-149
Charlotte Hornets,2017,2,true,-189,161
Charlotte Hornets,2017,3,false,223,-270
Charlotte Hornets,2017,4,true,117,-139
Charlotte Hornets,2017,5,false,125,-147
Charlotte Hornets,2017,6,true,-172,147
Charlotte Hornets,2017,7,true,171,-208
Charlotte Hornets,2017,8,true,-169,144
Charlotte Hornets,2017,9,false,165,-196
Charlotte Hornets,2017,10,false,165,-196
Charlotte Hornets,2017,11,false,-135,114
Charlotte Hornets,2017,12,false,125,-149
Charlotte Hornets,2017,13,false,-108,-111
Charlotte Hornets,2017,14,false,-263,217
Charlotte Hornets,2017,15,true,-200,171
Charlotte Hornets,2017,16,true,-139,118
Charlotte Hornets,2017,17,true,-143,121
Charlotte Hornets,2017,18,false,186,-222
Charlotte Hornets,2017,19,false,-120,102
Charlotte Hornets,2017,20,false,258,-312
Charlotte Hornets,2017,21,false,108,-127
Charlotte Hornets,2017,22,true,-303,247
Charlotte Hornets,2017,23,false,131,-154
Charlotte Hornets,2017,24,false,-500,383
Charlotte Hornets,2017,25,false,-164,141
Charlotte Hornets,2017,26,true,264,-323
Charlotte Hornets,2017,27,false,585,-833
Charlotte Hornets,2017,28,false,-208,174
Charlotte Hornets,2017,29,false,-161,137
Charlotte Hornets,2017,30,true,-333,272
Charlotte Hornets,2017,31,false,110,-132
Charlotte Hornets,2017,32,false,170,-204
Charlotte Hornets,2017,33,true,-192,162
Charlotte Hornets,2017,34,false,-106,-112
Charlotte Hornets,2017,35,true,417,-556
Charlotte Hornets,2017,36,false,108,-127
Charlotte Hornets,2017,37,true,-175,150
Charlotte Hornets,2017,38,true,-133,114
Charlotte Hornets,2017,39,false,-278,225
Charlotte Hornets,2017,40,true,-185,158
Charlotte Hornets,2017,41,false,110,-132
Charlotte Hornets,2017,42,true,123,-147
Charlotte Hornets,2017,43,true,-128,108
Charlotte Hornets,2017,44,false,-286,234
Charlotte Hornets,2017,45,true,-588,446
Charlotte Hornets,2017,46,false,-133,112
Charlotte Hornets,2017,47,true,-294,238
Charlotte Hornets,2017,48,false,149,-175
Charlotte Hornets,2017,49,false,110,-130
Charlotte Hornets,2017,50,true,-145,122
Charlotte Hornets,2017,51,true,-161,138
Charlotte Hornets,2017,52,true,-263,215
Charlotte Hornets,2017,53,false,150,-179
Charlotte Hornets,2017,54,false,133,-156
Charlotte Hornets,2017,55,false,202,-244
Charlotte Hornets,2017,56,false,136,-161
Charlotte Hornets,2017,57,true,-244,202
Charlotte Hornets,2017,58,true,-370,293
Charlotte Hornets,2017,59,true,140,-164
Charlotte Hornets,2017,60,true,-189,159
Charlotte Hornets,2017,61,true,-714,520
Charlotte Hornets,2017,62,false,286,-357
Charlotte Hornets,2017,63,false,140,-164
Charlotte Hornets,2017,64,false,330,-435
Charlotte Hornets,2017,65,false,102,-120
Charlotte Hornets,2017,66,false,-303,248
Charlotte Hornets,2017,67,true,-1111,727
Charlotte Hornets,2017,68,false,170,-204
Charlotte Hornets,2017,69,true,-222,183
Charlotte Hornets,2017,70,false,-263,222
Charlotte Hornets,2017,71,false,333,-435
Charlotte Hornets,2017,72,true,-114,-103
Charlotte Hornets,2017,73,true,-435,334
Charlotte Hornets,2017,74,true,-141,122
Charlotte Hornets,2017,75,true,-833,586
Charlotte Hornets,2017,76,false,-133,114
Charlotte Hornets,2017,77,false,213,-256
Charlotte Hornets,2017,78,false,125,-147
Charlotte Hornets,2017,79,false,-222,184
Charlotte Hornets,2017,80,true,-323,261
Charlotte Hornets,2017,81,false,-101,-116
Charlotte Hornets,2017,82,true,108,-127
Charlotte Hornets,2018,1,false,137,-161
Charlotte Hornets,2018,2,true,-120,102
Charlotte Hornets,2018,3,true,139,-164
Charlotte Hornets,2018,4,false,332,-417
Charlotte Hornets,2018,5,false,-192,164
Charlotte Hornets,2018,6,true,-588,446
Charlotte Hornets,2018,7,false,229,-278
Charlotte Hornets,2018,8,true,-159,135
Charlotte Hornets,2018,9,false,-116,-102
Charlotte Hornets,2018,10,true,-556,424
Charlotte Hornets,2018,11,true,-833,575
Charlotte Hornets,2018,12,false,199,-238
Charlotte Hornets,2018,13,true,117,-137
Charlotte Hornets,2018,14,false,-435,342
Charlotte Hornets,2018,15,false,-145,124
Charlotte Hornets,2018,16,true,136,-161
Charlotte Hornets,2018,17,true,-169,143
Charlotte Hornets,2018,18,false,222,-270
Charlotte Hornets,2018,19,false,-278,231
Charlotte Hornets,2018,20,true,163,-196
Charlotte Hornets,2018,21,true,-909,610
Charlotte Hornets,2018,22,false,-137,114
Charlotte Hornets,2018,23,false,-147,125
Charlotte Hornets,2018,24,false,163,-192
Charlotte Hornets,2018,25,true,-116,-102
Charlotte Hornets,2018,26,true,-250,202
Charlotte Hornets,2018,27,true,-238,197
Charlotte Hornets,2018,28,false,-588,438
Charlotte Hornets,2018,29,false,100,-119
Charlotte Hornets,2018,30,true,-1111,743
Charlotte Hornets,2018,31,true,-179,152
Charlotte Hornets,2018,32,false,248,-303
Charlotte Hornets,2018,33,false,100,-119
Charlotte Hornets,2018,34,true,-196,165
Charlotte Hornets,2018,35,false,-161,137
Charlotte Hornets,2018,36,true,-357,288
Charlotte Hornets,2018,37,false,-120,102
Charlotte Hornets,2018,38,false,348,-435
Charlotte Hornets,2018,39,true,102,-122
Charlotte Hornets,2018,40,false,211,-263
Charlotte Hornets,2018,41,false,218,-270
Charlotte Hornets,2018,42,false,188,-227
Charlotte Hornets,2018,43,true,265,-323
Charlotte Hornets,2018,44,true,-145,123
Charlotte Hornets,2018,45,true,-303,241
Charlotte Hornets,2018,46,false,279,-345
Charlotte Hornets,2018,47,true,100,-119
Charlotte Hornets,2018,48,false,546,-769
Charlotte Hornets,2018,49,true,-909,622
Charlotte Hornets,2018,50,false,256,-312
Charlotte Hornets,2018,51,true,-357,283
Charlotte Hornets,2018,52,true,-286,229
Charlotte Hornets,2018,53,false,-159,135
Charlotte Hornets,2018,54,false,190,-233
Charlotte Hornets,2018,55,true,-130,108
Charlotte Hornets,2018,56,false,179,-217
Charlotte Hornets,2018,57,false,146,-172
Charlotte Hornets,2018,58,true,-213,175
Charlotte Hornets,2018,59,false,-161,136
Charlotte Hornets,2018,60,false,317,-417
Charlotte Hornets,2018,61,false,181,-222
Charlotte Hornets,2018,62,true,123,-145
Charlotte Hornets,2018,63,false,116,-137
Charlotte Hornets,2018,64,false,-159,135
Charlotte Hornets,2018,65,true,-182,154
Charlotte Hornets,2018,66,false,601,-909
Charlotte Hornets,2018,67,false,399,-526
Charlotte Hornets,2018,68,true,129,-154
Charlotte Hornets,2018,69,false,133,-159
Charlotte Hornets,2018,70,false,-119,100
Charlotte Hornets,2018,71,true,-238,197
Charlotte Hornets,2018,72,true,144,-172
Charlotte Hornets,2018,73,true,542,-769
Charlotte Hornets,2018,74,true,159,-185
Charlotte Hornets,2018,75,false,-130,110
Charlotte Hornets,2018,76,false,538,-769
Charlotte Hornets,2018,77,false,512,-714
Charlotte Hornets,2018,78,true,-196,165
Charlotte Hornets,2018,79,true,204,-250
Charlotte Hornets,2018,80,true,229,-278
Charlotte Hornets,2018,81,true,-417,321
Charlotte Hornets,2018,82,false,-175,150
Charlotte Hornets,2019,1,true,138,-161
Charlotte Hornets,2019,2,false,177,-213
Charlotte Hornets,2019,3,false,771,-1250
Charlotte Hornets,2019,4,false,1109,-2000
Charlotte Hornets,2019,5,true,252,-312
Charlotte Hornets,2019,6,true,-250,200
Charlotte Hornets,2019,7,true,117,-139
Charlotte Hornets,2019,8,false,243,-303
Charlotte Hornets,2019,9,false,108,-127
Charlotte Hornets,2019,10,false,788,-1250
Charlotte Hornets,2019,11,false,-139,118
Charlotte Hornets,2019,12,true,141,-167
Charlotte Hornets,2019,13,true,147,-175
Charlotte Hornets,2019,14,false,303,-385
Charlotte Hornets,2019,15,false,154,-182
Charlotte Hornets,2019,16,false,192,-233
Charlotte Hornets,2019,17,false,108,-127
Charlotte Hornets,2019,18,false,447,-625
Charlotte Hornets,2019,19,true,150,-175
Charlotte Hornets,2019,20,true,288,-357
Charlotte Hornets,2019,21,false,783,-1250
Charlotte Hornets,2019,22,false,142,-169
Charlotte Hornets,2019,23,true,-137,117
Charlotte Hornets,2019,24,false,129,-152
Charlotte Hornets,2019,25,false,-128,108
Charlotte Hornets,2019,26,true,104,-125
Charlotte Hornets,2019,27,true,413,-556
Charlotte Hornets,2019,28,true,240,-294
Charlotte Hornets,2019,29,false,527,-769
Charlotte Hornets,2019,30,true,172,-208
Charlotte Hornets,2019,31,false,121,-143
Charlotte Hornets,2019,32,false,231,-286
Charlotte Hornets,2019,33,false,626,-909
Charlotte Hornets,2019,34,false,-110,-108
Charlotte Hornets,2019,35,false,125,-147
Charlotte Hornets,2019,36,false,273,-345
Charlotte Hornets,2019,37,true,110,-130
Charlotte Hornets,2019,38,true,539,-769
Charlotte Hornets,2019,39,false,199,-238
Charlotte Hornets,2019,40,false,119,-141
Charlotte Hornets,2019,41,false,603,-909
Charlotte Hornets,2019,42,false,303,-385
Charlotte Hornets,2019,43,false,345,-455
Charlotte Hornets,2019,44,false,527,-769
Charlotte Hornets,2019,45,false,142,-167
Charlotte Hornets,2019,46,false,746,-1111
Charlotte Hornets,2019,47,true,-106,-111
Charlotte Hornets,2019,48,false,139,-164
Charlotte Hornets,2019,49,false,309,-400
Charlotte Hornets,2019,50,false,169,-204
Charlotte Hornets,2019,51,false,667,-1000
Charlotte Hornets,2019,52,false,127,-152
Charlotte Hornets,2019,53,true,137,-161
Charlotte Hornets,2019,54,true,202,-244
Charlotte Hornets,2019,55,true,152,-179
Charlotte Hornets,2019,56,false,152,-179
Charlotte Hornets,2019,57,false,509,-714
Charlotte Hornets,2019,58,true,104,-123
Charlotte Hornets,2019,59,true,748,-1250
Charlotte Hornets,2019,60,false,646,-909
Charlotte Hornets,2019,61,false,143,-167
Charlotte Hornets,2019,62,false,367,-476
Charlotte Hornets,2019,63,true,278,-345
Charlotte Hornets,2019,64,false,172,-200
Charlotte Hornets,2019,65,true,495,-667
Charlotte Hornets,2020,1,false,-152,129
Charlotte Hornets,2020,2,false,-145,123
Charlotte Hornets,2020,3,true,459,-625
Charlotte Hornets,2020,4,true,289,-370
Charlotte Hornets,2020,5,false,-185,159
Charlotte Hornets,2020,6,false,384,-500
Charlotte Hornets,2020,7,false,285,-357
Charlotte Hornets,2020,8,true,196,-238
Charlotte Hornets,2020,9,true,237,-286
Charlotte Hornets,2020,10,true,164,-192
Charlotte Hornets,2020,11,true,-192,164
Charlotte Hornets,2020,12,false,125,-147
Charlotte Hornets,2020,13,false,355,-455
Charlotte Hornets,2020,14,false,221,-263
Charlotte Hornets,2020,15,false,-152,131
Charlotte Hornets,2020,16,true,-128,108
Charlotte Hornets,2020,17,false,-102,-115
Charlotte Hornets,2020,18,false,125,-147
Charlotte Hornets,2020,19,true,142,-164
Charlotte Hornets,2020,20,true,338,-417
Charlotte Hornets,2020,21,true,256,-312
Charlotte Hornets,2020,22,false,242,-294
Charlotte Hornets,2020,23,false,281,-345
Charlotte Hornets,2020,24,true,100,-116
Charlotte Hornets,2020,25,true,104,-123
Charlotte Hornets,2020,26,false,122,-143
Charlotte Hornets,2020,27,true,-141,121
Charlotte Hornets,2020,28,false,146,-169
Charlotte Hornets,2020,29,true,114,-133
Charlotte Hornets,2020,30,false,605,-909
Charlotte Hornets,2020,31,true,338,-435
Charlotte Hornets,2020,32,false,211,-250
Charlotte Hornets,2020,33,true,139,-161
Charlotte Hornets,2020,34,false,274,-333
Charlotte Hornets,2020,35,true,-133,114
Charlotte Hornets,2020,36,true,-185,159
Charlotte Hornets,2020,37,true,-137,118
Charlotte Hornets,2020,38,true,-152,131
Charlotte Hornets,2020,39,false,218,-263
Charlotte Hornets,2020,40,false,249,-303
Charlotte Hornets,2020,41,false,359,-455
Charlotte Hornets,2020,42,true,173,-204
Charlotte Hornets,2020,43,true,-172,146
Charlotte Hornets,2020,44,true,106,-125
Charlotte Hornets,2020,45,false,211,-250
Charlotte Hornets,2020,46,true,-185,158
Charlotte Hornets,2020,47,false,122,-143
Charlotte Hornets,2020,48,true,171,-200
Charlotte Hornets,2020,49,false,365,-455
Charlotte Hornets,2020,50,true,-213,179
Charlotte Hornets,2020,51,true,-147,125
Charlotte Hornets,2020,52,false,-141,120
Charlotte Hornets,2020,53,false,100,-118
Charlotte Hornets,2020,54,false,-152,131
Charlotte Hornets,2020,55,false,574,-833
Charlotte Hornets,2020,56,true,156,-182
Charlotte Hornets,2020,57,false,170,-200
Charlotte Hornets,2020,58,false,106,-123
Charlotte Hornets,2020,59,true,-120,102
Charlotte Hornets,2020,60,true,277,-345
Charlotte Hornets,2020,61,false,334,-417
Charlotte Hornets,2020,62,false,206,-250
Charlotte Hornets,2020,63,true,-333,274
Charlotte Hornets,2020,64,false,179,-213
Charlotte Hornets,2020,65,true,-182,156
Charlotte Hornets,2020,66,false,154,-179
Charlotte Hornets,2020,67,true,-323,260
Charlotte Hornets,2020,68,false,-152,131
Charlotte Hornets,2020,69,false,200,-238
Charlotte Hornets,2020,70,false,305,-385
Charlotte Hornets,2020,71,false,190,-227
Charlotte Hornets,2020,72,false,227,-278
Charlotte Hornets,2021,1,true,-104,-110
Charlotte Hornets,2021,2,true,-133,114
Charlotte Hornets,2021,3,true,349,-435
Charlotte Hornets,2021,4,false,108,-125
Charlotte Hornets,2021,5,true,-222,189
Charlotte Hornets,2021,6,false,223,-263
Charlotte Hornets,2021,7,true,110,-127
Charlotte Hornets,2021,8,false,-200,172
Charlotte Hornets,2021,9,false,202,-244
Charlotte Hornets,2021,10,false,110,-128
Charlotte Hornets,2021,11,false,206,-244
Charlotte Hornets,2021,12,false,116,-133
Charlotte Hornets,2021,13,true,159,-185
Charlotte Hornets,2021,14,true,125,-145
Charlotte Hornets,2021,15,true,181,-213
Charlotte Hornets,2021,16,true,-112,-105
Charlotte Hornets,2021,17,true,-105,-112
Charlotte Hornets,2021,18,false,239,-286
Charlotte Hornets,2021,19,true,161,-189
Charlotte Hornets,2021,20,true,-323,264
Charlotte Hornets,2021,21,true,-132,112
Charlotte Hornets,2021,22,false,-208,177
Charlotte Hornets,2021,23,false,175,-208
Charlotte Hornets,2021,24,false,311,-385
Charlotte Hornets,2021,25,true,254,-303
Charlotte Hornets,2021,26,false,261,-323
Charlotte Hornets,2021,27,false,210,-250
Charlotte Hornets,2021,28,true,104,-122
Charlotte Hornets,2021,29,false,122,-143
Charlotte Hornets,2021,30,true,133,-156
Charlotte Hornets,2021,31,false,106,-125
Charlotte Hornets,2021,32,false,312,-385
Charlotte Hornets,2021,33,false,615,-909
Charlotte Hornets,2021,34,true,116,-135
Charlotte Hornets,2021,35,true,-345,278
Charlotte Hornets,2021,36,true,140,-164
Charlotte Hornets,2021,37,false,110,-127
Charlotte Hornets,2021,38,false,108,-127
Charlotte Hornets,2021,39,true,-556,419
Charlotte Hornets,2021,40,true,-119,102
Charlotte Hornets,2021,41,true,121,-141
Charlotte Hornets,2021,42,true,177,-208
Charlotte Hornets,2021,43,false,-667,480
Charlotte Hornets,2021,44,true,114,-133
Charlotte Hornets,2021,45,true,124,-145
Charlotte Hornets,2021,46,true,-400,317
Charlotte Hornets,2021,47,false,-122,104
Charlotte Hornets,2021,48,false,-118,100
Charlotte Hornets,2021,49,true,-133,114
Charlotte Hornets,2021,50,true,-435,340
Charlotte Hornets,2021,51,false,-233,197
Charlotte Hornets,2021,52,false,206,-244
Charlotte Hornets,2021,53,false,-238,202
Charlotte Hornets,2021,54,false,127,-147
Charlotte Hornets,2021,55,false,-103,-114
Charlotte Hornets,2021,56,false,108,-127
Charlotte Hornets,2021,57,true,-244,204
Charlotte Hornets,2021,58,false,239,-286
Charlotte Hornets,2021,59,false,204,-244
Charlotte Hornets,2021,60,false,150,-175
Charlotte Hornets,2021,61,true,110,-127
Charlotte Hornets,2021,62,false,-526,415
Charlotte Hornets,2021,63,false,409,-526
Charlotte Hornets,2021,64,true,152,-179
Charlotte Hornets,2021,65,true,-167,144
Charlotte Hornets,2021,66,false,160,-189
Charlotte Hornets,2021,67,false,227,-278
Charlotte Hornets,2021,68,true,-156,135
Charlotte Hornets,2021,69,true,-625,479
Charlotte Hornets,2021,70,true,-111,-105
Charlotte Hornets,2021,71,true,-139,120
Charlotte Hornets,2021,72,true,-217,183
Charlotte Hornets,2021,73,false,-357,289
Charlotte Hornets,2021,74,true,145,-169
Charlotte Hornets,2021,75,true,229,-278
Charlotte Hornets,2021,76,false,135,-154
Charlotte Hornets,2021,77,true,-141,121
Charlotte Hornets,2021,78,false,188,-222
Charlotte Hornets,2021,79,false,160,-185
Charlotte Hornets,2021,80,true,-1250,776
Charlotte Hornets,2021,81,true,118,-137
Charlotte Hornets,2021,82,true,-833,604
Charlotte Hornets,2022,1,true,-115,-106
Charlotte Hornets,2022,2,false,218,-270
Charlotte Hornets,2022,3,true,359,-476
Charlotte Hornets,2022,4,false,249,-323
Charlotte Hornets,2022,5,false,-122,102
Charlotte Hornets,2022,6,true,372,-500
Charlotte Hornets,2022,7,false,136,-161
Charlotte Hornets,2022,8,false,198,-244
Charlotte Hornets,2022,9,false,470,-667
Charlotte Hornets,2022,10,false,139,-164
Charlotte Hornets,2022,11,false,-128,108
Charlotte Hornets,2022,12,false,104,-125
Charlotte Hornets,2022,13,false,405,-556
Charlotte Hornets,2022,14,false,272,-345
Charlotte Hornets,2022,15,true,-123,104
Charlotte Hornets,2022,16,false,-112,-105
Charlotte Hornets,2022,17,false,382,-526
Charlotte Hornets,2022,18,false,165,-196
Charlotte Hornets,2022,19,true,-179,150
Charlotte Hornets,2022,20,true,200,-250
Charlotte Hornets,2022,21,false,454,-667
Charlotte Hornets,2022,22,true,143,-172
Charlotte Hornets,2022,23,false,102,-122
Charlotte Hornets,2022,24,false,202,-250
Charlotte Hornets,2022,25,false,387,-526
Charlotte Hornets,2022,26,false,146,-172
Charlotte Hornets,2022,27,false,388,-526
Charlotte Hornets,2022,28,false,-182,152
Charlotte Hornets,2022,29,false,-143,119
Charlotte Hornets,2022,30,false,303,-385
Charlotte Hornets,2022,31,true,361,-476
Charlotte Hornets,2022,32,false,297,-385
Charlotte Hornets,2022,33,true,123,-145
Charlotte Hornets,2022,34,false,173,-208
Charlotte Hornets,2022,35,false,170,-204
Charlotte Hornets,2022,36,true,-139,118
Charlotte Hornets,2022,37,false,200,-244
Charlotte Hornets,2022,38,false,-130,108
Charlotte Hornets,2022,39,false,229,-286
Charlotte Hornets,2022,40,true,365,-500
Charlotte Hornets,2022,41,false,171,-208
Charlotte Hornets,2022,42,false,241,-303
Charlotte Hornets,2022,43,false,241,-303
Charlotte Hornets,2022,44,false,252,-323
Charlotte Hornets,2022,45,false,274,-345
Charlotte Hornets,2022,46,true,-147,124
Charlotte Hornets,2022,47,true,249,-312
Charlotte Hornets,2022,48,false,299,-385
Charlotte Hornets,2022,49,false,242,-303
Charlotte Hornets,2022,50,true,139,-164
Charlotte Hornets,2022,51,true,185,-227
Charlotte Hornets,2022,52,false,437,-625
Charlotte Hornets,2022,53,false,206,-244
Charlotte Hornets,2022,54,false,-116,-101
Charlotte Hornets,2022,55,false,-127,108
Charlotte Hornets,2022,56,false,148,-172
Charlotte Hornets,2022,57,false,433,-588
Charlotte Hornets,2022,58,false,227,-278
Charlotte Hornets,2022,59,true,181,-217
Charlotte Hornets,2022,60,true,-208,177
Charlotte Hornets,2022,61,true,222,-270
Charlotte Hornets,2022,62,true,202,-244
Charlotte Hornets,2022,63,true,-286,231
Charlotte Hornets,2022,64,false,384,-500
Charlotte Hornets,2022,65,false,143,-169
Charlotte Hornets,2022,66,false,265,-333
Charlotte Hornets,2022,67,true,351,-476
Charlotte Hornets,2022,68,true,-161,136
Charlotte Hornets,2022,69,false,-104,-115
Charlotte Hornets,2022,70,false,373,-500
Charlotte Hornets,2022,71,false,174,-213
Charlotte Hornets,2022,72,false,379,-500
Charlotte Hornets,2022,73,true,110,-130
Charlotte Hornets,2022,74,false,312,-400
Charlotte Hornets,2022,75,true,785,-1429
Charlotte Hornets,2022,76,true,519,-769
Charlotte Hornets,2022,77,true,330,-455
Charlotte Hornets,2022,78,false,437,-625
Charlotte Hornets,2022,79,false,780,-1429
Charlotte Hornets,2022,80,false,861,-1429
Charlotte Hornets,2022,81,false,171,-204
Charlotte Hornets,2022,82,true,202,-250
Charlotte Hornets,2023,1,true,149,-175
Charlotte Hornets,2023,2,false,-182,156
Charlotte Hornets,2023,3,false,104,-123
Charlotte Hornets,2023,4,false,125,-147
Charlotte Hornets,2023,5,true,165,-196
Charlotte Hornets,2023,6,false,429,-588
Charlotte Hornets,2023,7,false,-133,112
Charlotte Hornets,2023,8,true,129,-149
Charlotte Hornets,2023,9,false,391,-526
Charlotte Hornets,2023,10,false,200,-238
Charlotte Hornets,2023,11,false,280,-345
Charlotte Hornets,2023,12,false,209,-256
Charlotte Hornets,2023,13,true,283,-357
Charlotte Hornets,2023,14,true,-167,143
Charlotte Hornets,2023,15,false,209,-263
Charlotte Hornets,2023,16,false,445,-588
Charlotte Hornets,2023,17,true,299,-370
Charlotte Hornets,2023,18,false,174,-208
Charlotte Hornets,2023,19,false,167,-200
Charlotte Hornets,2023,20,true,173,-204
Charlotte Hornets,2023,21,false,147,-172
Charlotte Hornets,2023,22,false,256,-312
Charlotte Hornets,2023,23,false,329,-417
Charlotte Hornets,2023,24,false,468,-667
Charlotte Hornets,2023,25,false,551,-769
Charlotte Hornets,2023,26,false,376,-500
Charlotte Hornets,2023,27,false,399,-526
Charlotte Hornets,2023,28,false,392,-526
Charlotte Hornets,2023,29,false,583,-833
Charlotte Hornets,2023,30,false,750,-1250
Charlotte Hornets,2023,31,false,911,-1667
Charlotte Hornets,2023,32,true,772,-1250
Charlotte Hornets,2023,33,false,297,-370
Charlotte Hornets,2023,34,false,215,-263
Charlotte Hornets,2023,35,false,269,-333
Charlotte Hornets,2023,36,false,116,-135
Charlotte Hornets,2023,37,false,300,-385
Charlotte Hornets,2023,38,false,501,-714
Charlotte Hornets,2023,39,true,-189,160
Charlotte Hornets,2023,40,false,455,-625
Charlotte Hornets,2023,41,true,647,-909
Charlotte Hornets,2023,42,false,118,-139
Charlotte Hornets,2023,43,false,164,-196
Charlotte Hornets,2023,44,false,362,-476
Charlotte Hornets,2023,45,false,343,-455
Charlotte Hornets,2023,46,false,185,-222
Charlotte Hornets,2023,47,false,798,-1429
Charlotte Hornets,2023,48,false,454,-625
Charlotte Hornets,2023,49,false,586,-833
Charlotte Hornets,2023,50,false,224,-270
Charlotte Hornets,2023,51,false,943,-1667
Charlotte Hornets,2023,52,true,168,-200
Charlotte Hornets,2023,53,true,374,-500
Charlotte Hornets,2023,54,true,220,-270
Charlotte Hornets,2023,55,true,334,-455
Charlotte Hornets,2023,56,false,516,-714
Charlotte Hornets,2023,57,true,137,-161
Charlotte Hornets,2023,58,false,697,-1111
Charlotte Hornets,2023,59,false,449,-667
Charlotte Hornets,2023,60,false,487,-714
Charlotte Hornets,2023,61,false,241,-303
Charlotte Hornets,2023,62,false,285,-357
Charlotte Hornets,2023,63,false,120,-137
Charlotte Hornets,2023,64,true,200,-238
Charlotte Hornets,2023,65,false,166,-196
Charlotte Hornets,2023,66,true,-135,116
Charlotte Hornets,2023,67,false,401,-526
Charlotte Hornets,2023,68,false,363,-476
Charlotte Hornets,2023,69,false,574,-909
Charlotte Hornets,2023,70,false,236,-294
Charlotte Hornets,2023,71,false,446,-625
Charlotte Hornets,2023,72,true,351,-455
Charlotte Hornets,2023,73,false,581,-833
Charlotte Hornets,2023,74,false,735,-1250
Charlotte Hornets,2023,75,false,1142,-2500
Charlotte Hornets,2023,76,false,-123,104
Charlotte Hornets,2023,77,true,511,-714
Charlotte Hornets,2023,78,false,249,-312
Charlotte Hornets,2023,79,false,532,-769
Charlotte Hornets,2023,80,true,316,-400
Charlotte Hornets,2023,81,false,227,-278
Charlotte Hornets,2023,82,true,641,-1000
Charlotte Hornets,2024,1,true,269,-333
Charlotte Hornets,2024,2,false,186,-233
Charlotte Hornets,2024,3,false,196,-244
Charlotte Hornets,2024,4,true,-250,204
Charlotte Hornets,2024,5,false,390,-526
Charlotte Hornets,2024,6,false,398,-556
Charlotte Hornets,2024,7,false,426,-588
Charlotte Hornets,2024,8,true,-101,-119
Charlotte Hornets,2024,9,true,218,-278
Charlotte Hornets,2024,10,false,161,-196
Charlotte Hornets,2024,11,false,296,-385
Charlotte Hornets,2024,12,true,141,-169
Charlotte Hornets,2024,13,false,361,-476
Charlotte Hornets,2024,14,false,102,-122
Charlotte Hornets,2024,15,true,122,-143
Charlotte Hornets,2024,16,false,260,-323
Charlotte Hornets,2024,17,false,156,-189
Charlotte Hornets,2024,18,false,150,-182
Charlotte Hornets,2024,19,false,564,-833
Charlotte Hornets,2024,20,false,185,-227
Charlotte Hornets,2024,21,false,163,-196
Charlotte Hornets,2024,22,false,709,-1250
Charlotte Hornets,2024,23,false,592,-909
Charlotte Hornets,2024,24,true,473,-667
Charlotte Hornets,2024,25,false,179,-222
Charlotte Hornets,2024,26,false,116,-137
Charlotte Hornets,2024,27,false,-169,142
Charlotte Hornets,2024,28,false,515,-714
Charlotte Hornets,2024,29,false,194,-238
Charlotte Hornets,2024,30,false,-196,159
Charlotte Hornets,2024,31,false,650,-1000
Charlotte Hornets,2024,32,false,150,-182
Charlotte Hornets,2024,33,false,241,-303
Charlotte Hornets,2024,34,false,843,-1429
Charlotte Hornets,2024,35,true,166,-200
Charlotte Hornets,2024,36,false,225,-278
Charlotte Hornets,2024,37,true,-222,183
Charlotte Hornets,2024,38,true,152,-182
Charlotte Hornets,2024,39,true,150,-179
Charlotte Hornets,2024,40,false,463,-667
Charlotte Hornets,2024,41,false,-103,-114
Charlotte Hornets,2024,42,true,106,-127
Charlotte Hornets,2024,43,false,169,-204
Charlotte Hornets,2024,44,false,-120,102
Charlotte Hornets,2024,45,false,600,-909
Charlotte Hornets,2024,46,false,548,-833
Charlotte Hornets,2024,47,false,-189,156
Charlotte Hornets,2024,48,false,405,-556
Charlotte Hornets,2024,49,true,337,-435
Charlotte Hornets,2024,50,false,469,-667
Charlotte Hornets,2024,51,false,168,-200
Charlotte Hornets,2024,52,false,516,-769
Charlotte Hornets,2024,53,true,543,-833
Charlotte Hornets,2024,54,false,1014,-2000
Charlotte Hornets,2024,55,false,181,-217
Charlotte Hornets,2024,56,false,399,-556
Charlotte Hornets,2024,57,false,916,-1667
Charlotte Hornets,2024,58,false,415,-588
Charlotte Hornets,2024,59,false,-172,145
Charlotte Hornets,2024,60,false,548,-769
Charlotte Hornets,2024,61,false,301,-370
Charlotte Hornets,2024,62,false,833,-1429
Charlotte Hornets,2024,63,true,186,-227
Charlotte Hornets,2024,64,true,315,-400
Charlotte Hornets,2024,65,false,238,-294
Charlotte Hornets,2024,66,true,119,-141
Charlotte Hornets,2024,67,false,575,-833
Charlotte Hornets,2024,68,false,264,-345
Charlotte Hornets,2024,69,true,242,-303
Charlotte Hornets,2024,70,false,1256,-2500
Charlotte Hornets,2024,71,false,229,-286
Charlotte Hornets,2024,72,false,161,-192
Charlotte Hornets,2024,73,false,190,-233
Charlotte Hornets,2024,74,false,117,-137
Charlotte Hornets,2024,75,true,-185,154
Charlotte Hornets,2024,76,false,727,-1250
Charlotte Hornets,2024,77,false,450,-625
Charlotte Hornets,2024,78,false,287,-370
Charlotte Hornets,2024,79,false,672,-1111
Charlotte Hornets,2024,80,false,409,-588
Charlotte Hornets,2024,81,false,1265,-3333
Charlotte Hornets,2024,82,false,368,-500
Charlotte Hornets,2025,1,true,-204,170
Charlotte Hornets,2025,2,false,160,-189
Charlotte Hornets,2025,3,true,104,-125
Charlotte Hornets,2025,4,false,160,-189
Charlotte Hornets,2025,5,false,135,-159
Charlotte Hornets,2025,6,false,154,-185
Charlotte Hornets,2025,7,true,100,-118
Charlotte Hornets,2025,8,false,125,-149
Charlotte Hornets,2025,9,false,220,-270
Charlotte Hornets,2025,10,false,275,-345
Charlotte Hornets,2025,11,true,120,-141
Charlotte Hornets,2025,12,false,309,-385
Charlotte Hornets,2025,13,false,1000,-1667
Charlotte Hornets,2025,14,false,280,-357
Charlotte Hornets,2025,15,false,-125,104
Charlotte Hornets,2025,16,false,-110,-105
Charlotte Hornets,2025,17,false,260,-312
Charlotte Hornets,2025,18,false,220,-263
Charlotte Hornets,2025,19,true,125,-139
Charlotte Hornets,2025,20,true,235,-294
Charlotte Hornets,2025,21,false,-185,168
Charlotte Hornets,2025,22,false,320,-400
Charlotte Hornets,2025,23,true,225,-278
Charlotte Hornets,2025,24,false,375,-476
Charlotte Hornets,2025,25,false,120,-141
Charlotte Hornets,2025,26,true,490,-588
Charlotte Hornets,2025,27,true,154,-185
Charlotte Hornets,2025,28,false,375,-476
Charlotte Hornets,2025,29,false,300,-345
Charlotte Hornets,2025,30,true,-244,220
Charlotte Hornets,2025,31,true,195,-233
Charlotte Hornets,2025,32,false,134,-154
Charlotte Hornets,2025,33,false,240,-294
Charlotte Hornets,2025,34,false,204,-227
Charlotte Hornets,2025,35,true,110,-130
Charlotte Hornets,2025,36,true,730,-1111
Charlotte Hornets,2025,37,false,124,-141
Charlotte Hornets,2025,38,false,-179,154
Charlotte Hornets,2025,39,true,-208,185
Charlotte Hornets,2025,40,false,175,-189
Charlotte Hornets,2025,41,true,138,-159
Charlotte Hornets,2025,42,false,240,-270
Charlotte Hornets,2025,43,true,-135,118
Charlotte Hornets,2025,44,false,136,-154
Charlotte Hornets,2025,45,true,140,-164
Charlotte Hornets,2025,46,true,-500,390
Charlotte Hornets,2025,47,true,-125,108
Charlotte Hornets,2025,48,true,-130,116
Charlotte Hornets,2025,49,true,-149,127
Charlotte Hornets,2025,50,true,142,-159
Charlotte Hornets,2025,51,true,-250,204
Charlotte Hornets,2025,52,true,154,-179
Charlotte Hornets,2025,53,true,-116,104
Charlotte Hornets,2025,54,false,120,-133
Charlotte Hornets,2025,55,true,-130,114
Charlotte Hornets,2025,56,false,164,-185
Charlotte Hornets,2025,57,false,179,-208
Charlotte Hornets,2025,58,true,-500,380
Charlotte Hornets,2025,59,true,-323,265
Charlotte Hornets,2025,60,true,-625,525
Charlotte Hornets,2025,61,true,-270,235
Charlotte Hornets,2025,62,true,-714,530
Charlotte Hornets,2025,63,true,210,-250
Charlotte Hornets,2025,64,false,-278,235
Charlotte Hornets,2025,65,false,-189,172
Charlotte Hornets,2025,66,true,-149,129
Charlotte Hornets,2025,67,true,-909,675
Charlotte Hornets,2025,68,false,200,-238
Charlotte Hornets,2025,69,true,-204,175
Charlotte Hornets,2025,70,true,-222,188
Charlotte Hornets,2025,71,true,-1667,1100
Charlotte Hornets,2025,72,true,-1667,1000
Charlotte Hornets,2025,73,true,-130,114
Charlotte Hornets,2025,74,false,-250,210
Charlotte Hornets,2025,75,false,-135,116
Charlotte Hornets,2025,76,true,-2000,1200
Charlotte Hornets,2025,77,true,-222,194
Charlotte Hornets,2025,78,true,-1429,900
Charlotte Hornets,2025,79,true,-175,154
Charlotte Hornets,2025,80,false,170,-185
Charlotte Hornets,2025,81,false,-208,179
Charlotte Hornets,2025,82,true,-909,640
Chicago Bulls,2016,1,true,-116,-102
Chicago Bulls,2016,2,true,-167,125
Chicago Bulls,2016,3,true,-294,236
Chicago Bulls,2016,4,false,131,-154
Chicago Bulls,2016,5,false,-345,269
Chicago Bulls,2016,6,false,137,-161
Chicago Bulls,2016,7,true,-294,238
Chicago Bulls,2016,8,false,139,-161
Chicago Bulls,2016,9,true,-102,-116
Chicago Bulls,2016,10,true,-588,432
Chicago Bulls,2016,11,true,156,-185
Chicago Bulls,2016,12,true,124,-147
Chicago Bulls,2016,13,false,281,-357
Chicago Bulls,2016,14,true,114,-133
Chicago Bulls,2016,15,false,-127,106
Chicago Bulls,2016,16,true,-476,359
Chicago Bulls,2016,17,false,-625,450
Chicago Bulls,2016,18,true,108,-128
Chicago Bulls,2016,19,false,-161,137
Chicago Bulls,2016,20,false,-167,142
Chicago Bulls,2016,21,false,195,-233
Chicago Bulls,2016,22,true,138,-164
Chicago Bulls,2016,23,true,-476,367
Chicago Bulls,2016,24,false,-233,195
Chicago Bulls,2016,25,false,-108,-110
Chicago Bulls,2016,26,false,-227,189
Chicago Bulls,2016,27,true,-141,120
Chicago Bulls,2016,28,false,-179,150
Chicago Bulls,2016,29,false,160,-189
Chicago Bulls,2016,30,false,344,-455
Chicago Bulls,2016,31,true,-132,110
Chicago Bulls,2016,32,true,-500,384
Chicago Bulls,2016,33,false,150,-175
Chicago Bulls,2016,34,false,-147,125
Chicago Bulls,2016,35,true,102,-120
Chicago Bulls,2016,36,true,139,-161
Chicago Bulls,2016,37,true,-101,-118
Chicago Bulls,2016,38,false,-106,-111
Chicago Bulls,2016,39,false,573,-833
Chicago Bulls,2016,40,false,129,-152
Chicago Bulls,2016,41,true,-164,140
Chicago Bulls,2016,42,true,300,-370
Chicago Bulls,2016,43,false,-208,174
Chicago Bulls,2016,44,false,152,-179
Chicago Bulls,2016,45,true,-270,222
Chicago Bulls,2016,46,true,-156,131
Chicago Bulls,2016,47,false,104,-123
Chicago Bulls,2016,48,false,-312,254
Chicago Bulls,2016,49,true,-294,239
Chicago Bulls,2016,50,true,125,-149
Chicago Bulls,2016,51,false,409,-556
Chicago Bulls,2016,52,true,148,-175
Chicago Bulls,2016,53,false,1525,-3333
Chicago Bulls,2016,54,false,-159,135
Chicago Bulls,2016,55,false,227,-270
Chicago Bulls,2016,56,true,154,-182
Chicago Bulls,2016,57,true,-104,-114
Chicago Bulls,2016,58,true,-238,199
Chicago Bulls,2016,59,true,213,-256
Chicago Bulls,2016,60,false,-141,120
Chicago Bulls,2016,61,true,270,-333
Chicago Bulls,2016,62,false,129,-152
Chicago Bulls,2016,63,false,204,-250
Chicago Bulls,2016,64,false,-111,-106
Chicago Bulls,2016,65,false,209,-256
Chicago Bulls,2016,66,false,265,-333
Chicago Bulls,2016,67,true,248,-303
Chicago Bulls,2016,68,false,112,-133
Chicago Bulls,2016,69,false,260,-323
Chicago Bulls,2016,70,true,210,-256
Chicago Bulls,2016,71,false,258,-323
Chicago Bulls,2016,72,true,108,-128
Chicago Bulls,2016,73,false,-278,227
Chicago Bulls,2016,74,true,223,-270
Chicago Bulls,2016,75,true,188,-227
Chicago Bulls,2016,76,true,-227,187
Chicago Bulls,2016,77,true,300,-385
Chicago Bulls,2016,78,false,-196,164
Chicago Bulls,2016,79,true,-227,186
Chicago Bulls,2016,80,false,-172,146
Chicago Bulls,2016,81,true,-400,308
Chicago Bulls,2016,82,true,-1667,1021
Chicago Bulls,2017,1,false,739,-1250
Chicago Bulls,2017,2,false,428,-588
Chicago Bulls,2017,3,false,1056,-2000
Chicago Bulls,2017,4,true,-135,114
Chicago Bulls,2017,5,false,652,-769
Chicago Bulls,2017,6,false,424,-556
Chicago Bulls,2017,7,true,268,-333
Chicago Bulls,2017,8,false,177,-217
Chicago Bulls,2017,9,false,504,-714
Chicago Bulls,2017,10,false,131,-156
Chicago Bulls,2017,11,false,421,-556
Chicago Bulls,2017,12,false,676,-1000
Chicago Bulls,2017,13,true,217,-263
Chicago Bulls,2017,14,false,117,-137
Chicago Bulls,2017,15,false,186,-222
Chicago Bulls,2017,16,false,321,-400
Chicago Bulls,2017,17,false,969,-1667
Chicago Bulls,2017,18,false,237,-294
Chicago Bulls,2017,19,false,-116,-101
Chicago Bulls,2017,20,false,468,-625
Chicago Bulls,2017,21,false,-108,-111
Chicago Bulls,2017,22,false,353,-455
Chicago Bulls,2017,23,false,408,-526
Chicago Bulls,2017,24,true,383,-500
Chicago Bulls,2017,25,true,139,-161
Chicago Bulls,2017,26,true,183,-222
Chicago Bulls,2017,27,true,186,-227
Chicago Bulls,2017,28,true,309,-385
Chicago Bulls,2017,29,true,106,-127
Chicago Bulls,2017,30,true,-200,167
Chicago Bulls,2017,31,false,475,-667
Chicago Bulls,2017,32,false,282,-357
Chicago Bulls,2017,33,true,240,-294
Chicago Bulls,2017,34,true,-125,106
Chicago Bulls,2017,35,true,-152,127
Chicago Bulls,2017,36,false,277,-345
Chicago Bulls,2017,37,false,-152,127
Chicago Bulls,2017,38,false,162,-189
Chicago Bulls,2017,39,true,152,-179
Chicago Bulls,2017,40,false,198,-244
Chicago Bulls,2017,41,false,197,-238
Chicago Bulls,2017,42,true,171,-204
Chicago Bulls,2017,43,true,-102,-115
Chicago Bulls,2017,44,true,-119,100
Chicago Bulls,2017,45,false,307,-400
Chicago Bulls,2017,46,true,110,-130
Chicago Bulls,2017,47,false,224,-270
Chicago Bulls,2017,48,false,194,-233
Chicago Bulls,2017,49,false,-175,150
Chicago Bulls,2017,50,false,116,-137
Chicago Bulls,2017,51,false,287,-370
Chicago Bulls,2017,52,false,294,-370
Chicago Bulls,2017,53,false,110,-132
Chicago Bulls,2017,54,true,254,-312
Chicago Bulls,2017,55,false,181,-217
Chicago Bulls,2017,56,true,-189,160
Chicago Bulls,2017,57,false,238,-294
Chicago Bulls,2017,58,false,248,-303
Chicago Bulls,2017,59,false,247,-303
Chicago Bulls,2017,60,false,162,-192
Chicago Bulls,2017,61,false,520,-714
Chicago Bulls,2017,62,true,112,-133
Chicago Bulls,2017,63,false,254,-323
Chicago Bulls,2017,64,true,-167,140
Chicago Bulls,2017,65,false,276,-345
Chicago Bulls,2017,66,true,110,-130
Chicago Bulls,2017,67,false,271,-345
Chicago Bulls,2017,68,true,117,-137
Chicago Bulls,2017,69,false,252,-312
Chicago Bulls,2017,70,false,175,-213
Chicago Bulls,2017,71,false,376,-476
Chicago Bulls,2017,72,false,165,-192
Chicago Bulls,2017,73,false,811,-1250
Chicago Bulls,2017,74,false,856,-1429
Chicago Bulls,2017,75,false,824,-1429
Chicago Bulls,2017,76,true,217,-263
Chicago Bulls,2017,77,true,272,-333
Chicago Bulls,2017,78,true,184,-222
Chicago Bulls,2017,79,false,236,-286
Chicago Bulls,2017,80,false,204,-250
Chicago Bulls,2017,81,false,244,-303
Chicago Bulls,2017,82,false,171,-204
Chicago Bulls,2018,1,false,684,-1000
Chicago Bulls,2018,2,false,163,-192
Chicago Bulls,2018,3,false,174,-208
Chicago Bulls,2018,4,true,164,-192
Chicago Bulls,2018,5,false,446,-588
Chicago Bulls,2018,6,true,191,-233
Chicago Bulls,2018,7,false,571,-833
Chicago Bulls,2018,8,false,300,-370
Chicago Bulls,2018,9,false,256,-312
Chicago Bulls,2018,10,false,315,-400
Chicago Bulls,2018,11,true,121,-143
Chicago Bulls,2018,12,false,518,-714
Chicago Bulls,2018,13,true,-196,163
Chicago Bulls,2018,14,false,118,-139
Chicago Bulls,2018,15,false,743,-1111
Chicago Bulls,2018,16,false,961,-1667
Chicago Bulls,2018,17,false,395,-526
Chicago Bulls,2018,18,true,100,-119
Chicago Bulls,2018,19,false,143,-169
Chicago Bulls,2018,20,false,535,-769
Chicago Bulls,2018,21,false,217,-263
Chicago Bulls,2018,22,false,946,-1667
Chicago Bulls,2018,23,false,330,-417
Chicago Bulls,2018,24,false,800,-1250
Chicago Bulls,2018,25,false,289,-370
Chicago Bulls,2018,26,true,344,-435
Chicago Bulls,2018,27,false,281,-357
Chicago Bulls,2018,28,false,112,-133
Chicago Bulls,2018,29,false,193,-233
Chicago Bulls,2018,30,true,426,-556
Chicago Bulls,2018,31,false,700,-1111
Chicago Bulls,2018,32,false,100,-120
Chicago Bulls,2018,33,true,131,-154
Chicago Bulls,2018,34,true,-106,-112
Chicago Bulls,2018,35,false,148,-175
Chicago Bulls,2018,36,true,161,-192
Chicago Bulls,2018,37,false,480,-667
Chicago Bulls,2018,38,false,100,-118
Chicago Bulls,2018,39,false,242,-303
Chicago Bulls,2018,40,false,110,-132
Chicago Bulls,2018,41,false,401,-556
Chicago Bulls,2018,42,false,1062,-2000
Chicago Bulls,2018,43,false,576,-833
Chicago Bulls,2018,44,false,238,-294
Chicago Bulls,2018,45,false,927,-1667
Chicago Bulls,2018,46,false,145,-172
Chicago Bulls,2018,47,true,-139,118
Chicago Bulls,2018,48,false,-120,102
Chicago Bulls,2018,49,false,168,-200
Chicago Bulls,2018,50,false,-185,156
Chicago Bulls,2018,51,false,221,-270
Chicago Bulls,2018,52,true,479,-667
Chicago Bulls,2018,53,false,229,-286
Chicago Bulls,2018,54,false,100,-118
Chicago Bulls,2018,55,true,292,-370
Chicago Bulls,2018,56,false,110,-132
Chicago Bulls,2018,57,false,534,-769
Chicago Bulls,2018,58,true,-122,102
Chicago Bulls,2018,59,true,288,-357
Chicago Bulls,2018,60,true,428,-556
Chicago Bulls,2018,61,false,284,-357
Chicago Bulls,2018,62,true,131,-156
Chicago Bulls,2018,63,true,-106,-111
Chicago Bulls,2018,64,false,-179,150
Chicago Bulls,2018,65,false,229,-278
Chicago Bulls,2018,66,true,147,-175
Chicago Bulls,2018,67,false,144,-172
Chicago Bulls,2018,68,false,330,-417
Chicago Bulls,2018,69,false,112,-133
Chicago Bulls,2018,70,false,334,-435
Chicago Bulls,2018,71,false,225,-278
Chicago Bulls,2018,72,true,117,-137
Chicago Bulls,2018,73,true,154,-182
Chicago Bulls,2018,74,false,531,-714
Chicago Bulls,2018,75,false,950,-1667
Chicago Bulls,2018,76,false,351,-455
Chicago Bulls,2018,77,false,469,-625
Chicago Bulls,2018,78,false,139,-164
Chicago Bulls,2018,79,true,398,-526
Chicago Bulls,2018,80,false,405,-526
Chicago Bulls,2018,81,false,-128,108
Chicago Bulls,2018,82,false,192,-233
Chicago Bulls,2019,1,false,-161,138
Chicago Bulls,2019,2,true,-132,110
Chicago Bulls,2019,3,false,114,-141
Chicago Bulls,2019,4,false,-128,108
Chicago Bulls,2019,5,false,-128,108
Chicago Bulls,2019,6,true,-179,150
Chicago Bulls,2019,7,false,108,-130
Chicago Bulls,2019,8,false,244,-303
Chicago Bulls,2019,9,true,-108,-110
Chicago Bulls,2019,10,false,229,-286
Chicago Bulls,2019,11,true,-263,219
Chicago Bulls,2019,12,false,557,-833
Chicago Bulls,2019,13,false,-172,145
Chicago Bulls,2019,14,false,289,-370
Chicago Bulls,2019,15,true,-109,-110
Chicago Bulls,2019,16,false,158,-189
Chicago Bulls,2019,17,true,-127,108
Chicago Bulls,2019,18,false,-105,-112
Chicago Bulls,2019,19,false,-137,114
Chicago Bulls,2019,20,false,242,-303
Chicago Bulls,2019,21,true,165,-196
Chicago Bulls,2019,22,true,-278,227
Chicago Bulls,2019,23,false,-204,169
Chicago Bulls,2019,24,false,241,-303
Chicago Bulls,2019,25,false,209,-250
Chicago Bulls,2019,26,true,-270,220
Chicago Bulls,2019,27,false,-294,240
Chicago Bulls,2019,28,true,134,-159
Chicago Bulls,2019,29,false,183,-222
Chicago Bulls,2019,30,true,-105,-114
Chicago Bulls,2019,31,true,-125,104
Chicago Bulls,2019,32,false,175,-208
Chicago Bulls,2019,33,true,-526,390
Chicago Bulls,2019,34,false,344,-435
Chicago Bulls,2019,35,false,133,-156
Chicago Bulls,2019,36,false,-112,-106
Chicago Bulls,2019,37,false,309,-400
Chicago Bulls,2019,38,false,140,-164
Chicago Bulls,2019,39,false,-112,-105
Chicago Bulls,2019,40,true,141,-167
Chicago Bulls,2019,41,false,380,-500
Chicago Bulls,2019,42,true,-189,159
Chicago Bulls,2019,43,false,266,-333
Chicago Bulls,2019,44,true,-303,244
Chicago Bulls,2019,45,false,996,-2000
Chicago Bulls,2019,46,true,-116,-102
Chicago Bulls,2019,47,false,-123,104
Chicago Bulls,2019,48,true,-106,-111
Chicago Bulls,2019,49,true,-119,100
Chicago Bulls,2019,50,false,343,-435
Chicago Bulls,2019,51,false,187,-227
Chicago Bulls,2019,52,false,401,-526
Chicago Bulls,2019,53,false,193,-233
Chicago Bulls,2019,54,false,461,-625
Chicago Bulls,2019,55,false,136,-161
Chicago Bulls,2019,56,false,-179,152
Chicago Bulls,2019,57,false,127,-152
Chicago Bulls,2019,58,true,135,-161
Chicago Bulls,2019,59,false,249,-312
Chicago Bulls,2019,60,false,121,-141
Chicago Bulls,2019,61,true,235,-286
Chicago Bulls,2019,62,false,104,-123
Chicago Bulls,2019,63,false,118,-139
Chicago Bulls,2019,64,false,202,-244
Chicago Bulls,2019,65,true,-179,152
Chicago Bulls,2020,1,false,106,-125
Chicago Bulls,2020,2,false,195,-233
Chicago Bulls,2020,3,false,139,-164
Chicago Bulls,2020,4,true,209,-256
Chicago Bulls,2020,5,true,242,-294
Chicago Bulls,2020,6,false,808,-1429
Chicago Bulls,2020,7,true,150,-175
Chicago Bulls,2020,8,true,354,-455
Chicago Bulls,2020,9,false,231,-286
Chicago Bulls,2020,10,false,304,-385
Chicago Bulls,2020,11,false,572,-833
Chicago Bulls,2020,12,false,-135,116
Chicago Bulls,2020,13,true,222,-270
Chicago Bulls,2020,14,true,108,-128
Chicago Bulls,2020,15,true,131,-152
Chicago Bulls,2020,16,false,388,-500
Chicago Bulls,2020,17,false,145,-169
Chicago Bulls,2020,18,false,-125,106
Chicago Bulls,2020,19,true,-164,141
Chicago Bulls,2020,20,false,-119,102
Chicago Bulls,2020,21,false,-135,114
Chicago Bulls,2020,22,true,-120,102
Chicago Bulls,2020,23,false,-182,156
Chicago Bulls,2020,24,true,120,-139
Chicago Bulls,2020,25,false,258,-312
Chicago Bulls,2020,26,true,165,-192
Chicago Bulls,2020,27,true,-145,125
Chicago Bulls,2020,28,false,213,-256
Chicago Bulls,2020,29,true,-105,-111
Chicago Bulls,2020,30,true,-110,-106
Chicago Bulls,2020,31,true,-192,164
Chicago Bulls,2020,32,false,217,-256
Chicago Bulls,2020,33,false,152,-179
Chicago Bulls,2020,34,true,200,-238
Chicago Bulls,2020,35,false,-154,131
Chicago Bulls,2020,36,false,110,-130
Chicago Bulls,2020,37,true,-161,137
Chicago Bulls,2020,38,true,-278,229
Chicago Bulls,2020,39,false,-123,104
Chicago Bulls,2020,40,false,240,-294
Chicago Bulls,2020,41,true,-154,131
Chicago Bulls,2020,42,false,359,-455
Chicago Bulls,2020,43,false,-294,244
Chicago Bulls,2020,44,false,100,-118
Chicago Bulls,2020,45,false,104,-123
Chicago Bulls,2020,46,false,279,-345
Chicago Bulls,2020,47,false,505,-667
Chicago Bulls,2020,48,true,110,-132
Chicago Bulls,2020,49,true,-128,108
Chicago Bulls,2020,50,true,-169,148
Chicago Bulls,2020,51,false,121,-143
Chicago Bulls,2020,52,false,-169,145
Chicago Bulls,2020,53,false,112,-130
Chicago Bulls,2020,54,false,-476,380
Chicago Bulls,2020,55,false,143,-167
Chicago Bulls,2020,56,true,-147,125
Chicago Bulls,2020,57,true,164,-192
Chicago Bulls,2020,58,false,-130,110
Chicago Bulls,2020,59,true,-123,106
Chicago Bulls,2020,60,false,164,-192
Chicago Bulls,2020,61,true,194,-227
Chicago Bulls,2020,62,false,150,-175
Chicago Bulls,2020,63,false,106,-125
Chicago Bulls,2020,64,false,292,-357
Chicago Bulls,2020,65,false,263,-312
Chicago Bulls,2020,66,true,-179,154
Chicago Bulls,2020,67,true,150,-175
Chicago Bulls,2020,68,true,-435,349
Chicago Bulls,2020,69,false,162,-189
Chicago Bulls,2020,70,true,-526,401
Chicago Bulls,2020,71,false,517,-714
Chicago Bulls,2020,72,true,229,-278
Chicago Bulls,2021,1,true,-192,166
Chicago Bulls,2021,2,true,-256,213
Chicago Bulls,2021,3,true,-345,282
Chicago Bulls,2021,4,true,-132,112
Chicago Bulls,2021,5,false,-118,102
Chicago Bulls,2021,6,true,135,-159
Chicago Bulls,2021,7,true,127,-145
Chicago Bulls,2021,8,false,118,-137
Chicago Bulls,2021,9,false,-172,148
Chicago Bulls,2021,10,true,-104,-111
Chicago Bulls,2021,11,true,-164,140
Chicago Bulls,2021,12,false,191,-227
Chicago Bulls,2021,13,true,147,-172
Chicago Bulls,2021,14,true,-127,110
Chicago Bulls,2021,15,false,138,-161
Chicago Bulls,2021,16,true,-130,112
Chicago Bulls,2021,17,true,-217,184
Chicago Bulls,2021,18,false,-118,100
Chicago Bulls,2021,19,false,-435,351
Chicago Bulls,2021,20,true,-435,344
Chicago Bulls,2021,21,false,-105,-111
Chicago Bulls,2021,22,true,-208,175
Chicago Bulls,2021,23,true,-130,112
Chicago Bulls,2021,24,true,122,-141
Chicago Bulls,2021,25,true,-130,110
Chicago Bulls,2021,26,false,136,-159
Chicago Bulls,2021,27,false,-125,106
Chicago Bulls,2021,28,true,-286,239
Chicago Bulls,2021,29,true,-294,244
Chicago Bulls,2021,30,true,-179,154
Chicago Bulls,2021,31,true,-159,138
Chicago Bulls,2021,32,true,-357,287
Chicago Bulls,2021,33,true,-161,138
Chicago Bulls,2021,34,true,-130,110
Chicago Bulls,2021,35,true,-1111,722
Chicago Bulls,2021,36,true,-222,187
Chicago Bulls,2021,37,false,110,-128
Chicago Bulls,2021,38,true,-1111,777
Chicago Bulls,2021,39,false,106,-123
Chicago Bulls,2021,40,false,-139,120
Chicago Bulls,2021,41,false,246,-294
Chicago Bulls,2021,42,false,301,-370
Chicago Bulls,2021,43,true,131,-156
Chicago Bulls,2021,44,false,413,-526
Chicago Bulls,2021,45,false,-161,139
Chicago Bulls,2021,46,true,-114,-103
Chicago Bulls,2021,47,true,-182,156
Chicago Bulls,2021,48,false,108,-125
Chicago Bulls,2021,49,true,-200,170
Chicago Bulls,2021,50,true,-345,286
Chicago Bulls,2021,51,false,163,-189
Chicago Bulls,2021,52,true,-115,-101
Chicago Bulls,2021,53,false,144,-167
Chicago Bulls,2021,54,false,223,-263
Chicago Bulls,2021,55,true,-127,108
Chicago Bulls,2021,56,true,-119,102
Chicago Bulls,2021,57,true,-556,436
Chicago Bulls,2021,58,true,-149,129
Chicago Bulls,2021,59,true,-227,191
Chicago Bulls,2021,60,true,-145,125
Chicago Bulls,2021,61,false,112,-132
Chicago Bulls,2021,62,false,163,-189
Chicago Bulls,2021,63,false,106,-125
Chicago Bulls,2021,64,false,172,-200
Chicago Bulls,2021,65,false,271,-323
Chicago Bulls,2021,66,true,-263,219
Chicago Bulls,2021,67,true,-196,168
Chicago Bulls,2021,68,false,-185,159
Chicago Bulls,2021,69,false,225,-270
Chicago Bulls,2021,70,false,164,-189
Chicago Bulls,2021,71,true,-167,143
Chicago Bulls,2021,72,false,218,-256
Chicago Bulls,2021,73,false,131,-152
Chicago Bulls,2021,74,true,108,-127
Chicago Bulls,2021,75,false,-164,141
Chicago Bulls,2021,76,true,-179,152
Chicago Bulls,2021,77,true,-137,118
Chicago Bulls,2021,78,false,122,-141
Chicago Bulls,2021,79,false,221,-263
Chicago Bulls,2021,80,false,256,-312
Chicago Bulls,2021,81,false,-137,118
Chicago Bulls,2021,82,true,248,-303
Chicago Bulls,2022,1,true,243,-312
Chicago Bulls,2022,2,false,108,-130
Chicago Bulls,2022,3,false,102,-122
Chicago Bulls,2022,4,true,175,-217
Chicago Bulls,2022,5,true,-286,231
Chicago Bulls,2022,6,false,-175,148
Chicago Bulls,2022,7,false,114,-147
Chicago Bulls,2022,8,true,114,-135
Chicago Bulls,2022,9,true,-244,198
Chicago Bulls,2022,10,false,225,-278
Chicago Bulls,2022,11,false,146,-175
Chicago Bulls,2022,12,true,-132,110
Chicago Bulls,2022,13,false,108,-130
Chicago Bulls,2022,14,false,104,-123
Chicago Bulls,2022,15,false,104,-123
Chicago Bulls,2022,16,false,-370,289
Chicago Bulls,2022,17,true,175,-213
Chicago Bulls,2022,18,true,227,-286
Chicago Bulls,2022,19,false,-152,125
Chicago Bulls,2022,20,true,108,-128
Chicago Bulls,2022,21,false,177,-217
Chicago Bulls,2022,22,false,231,-294
Chicago Bulls,2022,23,false,127,-152
Chicago Bulls,2022,24,true,-200,166
Chicago Bulls,2022,25,true,-196,162
Chicago Bulls,2022,26,false,131,-156
Chicago Bulls,2022,27,false,-161,135
Chicago Bulls,2022,28,false,-147,124
Chicago Bulls,2022,29,false,-123,102
Chicago Bulls,2022,30,true,102,-122
Chicago Bulls,2022,31,true,165,-200
Chicago Bulls,2022,32,true,192,-238
Chicago Bulls,2022,33,false,-270,218
Chicago Bulls,2022,34,true,119,-141
Chicago Bulls,2022,35,true,-303,238
Chicago Bulls,2022,36,false,-103,-116
Chicago Bulls,2022,37,false,142,-169
Chicago Bulls,2022,38,true,169,-204
Chicago Bulls,2022,39,true,167,-200
Chicago Bulls,2022,40,true,116,-139
Chicago Bulls,2022,41,false,308,-400
Chicago Bulls,2022,42,false,-123,102
Chicago Bulls,2022,43,false,-175,150
Chicago Bulls,2022,44,true,183,-227
Chicago Bulls,2022,45,true,-286,229
Chicago Bulls,2022,46,true,-119,100
Chicago Bulls,2022,47,false,-123,104
Chicago Bulls,2022,48,false,-164,139
Chicago Bulls,2022,49,true,-137,116
Chicago Bulls,2022,50,false,122,-145
Chicago Bulls,2022,51,true,-244,206
Chicago Bulls,2022,52,true,-147,125
Chicago Bulls,2022,53,true,-435,330
Chicago Bulls,2022,54,false,347,-455
Chicago Bulls,2022,55,false,-149,127
Chicago Bulls,2022,56,false,200,-238
Chicago Bulls,2022,57,false,-179,152
Chicago Bulls,2022,58,false,120,-141
Chicago Bulls,2022,59,false,263,-323
Chicago Bulls,2022,60,true,-128,110
Chicago Bulls,2022,61,true,-208,175
Chicago Bulls,2022,62,false,159,-185
Chicago Bulls,2022,63,true,-250,211
Chicago Bulls,2022,64,false,136,-161
Chicago Bulls,2022,65,false,-217,179
Chicago Bulls,2022,66,true,294,-370
Chicago Bulls,2022,67,true,-323,258
Chicago Bulls,2022,68,false,100,-119
Chicago Bulls,2022,69,true,-145,122
Chicago Bulls,2022,70,true,116,-135
Chicago Bulls,2022,71,true,271,-333
Chicago Bulls,2022,72,false,106,-125
Chicago Bulls,2022,73,true,-294,234
Chicago Bulls,2022,74,true,177,-213
Chicago Bulls,2022,75,false,156,-185
Chicago Bulls,2022,76,false,147,-172
Chicago Bulls,2022,77,true,-625,437
Chicago Bulls,2022,78,true,-105,-112
Chicago Bulls,2022,79,false,-222,183
Chicago Bulls,2022,80,false,177,-217
Chicago Bulls,2022,81,true,110,-128
Chicago Bulls,2022,82,true,-370,290
Chicago Bulls,2023,1,false,-143,122
Chicago Bulls,2023,2,true,-133,114
Chicago Bulls,2023,3,false,-137,116
Chicago Bulls,2023,4,true,131,-154
Chicago Bulls,2023,5,false,136,-161
Chicago Bulls,2023,6,false,-172,146
Chicago Bulls,2023,7,false,321,-417
Chicago Bulls,2023,8,true,-175,150
Chicago Bulls,2023,9,false,-105,-111
Chicago Bulls,2023,10,true,-250,202
Chicago Bulls,2023,11,false,330,-435
Chicago Bulls,2023,12,false,-132,112
Chicago Bulls,2023,13,false,-164,140
Chicago Bulls,2023,14,true,106,-123
Chicago Bulls,2023,15,false,104,-122
Chicago Bulls,2023,16,false,236,-294
Chicago Bulls,2023,17,false,170,-196
Chicago Bulls,2023,18,false,127,-147
Chicago Bulls,2023,19,false,515,-714
Chicago Bulls,2023,20,true,369,-500
Chicago Bulls,2023,21,true,106,-123
Chicago Bulls,2023,22,true,-200,167
Chicago Bulls,2023,23,true,-132,112
Chicago Bulls,2023,24,false,440,-625
Chicago Bulls,2023,25,false,208,-256
Chicago Bulls,2023,26,true,139,-161
Chicago Bulls,2023,27,false,164,-192
Chicago Bulls,2023,28,true,363,-476
Chicago Bulls,2023,29,true,144,-169
Chicago Bulls,2023,30,true,-238,196
Chicago Bulls,2023,31,false,-238,197
Chicago Bulls,2023,32,true,114,-133
Chicago Bulls,2023,33,false,-109,-109
Chicago Bulls,2023,34,true,-114,-105
Chicago Bulls,2023,35,false,350,-455
Chicago Bulls,2023,36,false,270,-333
Chicago Bulls,2023,37,true,-370,297
Chicago Bulls,2023,38,true,-263,215
Chicago Bulls,2023,39,true,-167,142
Chicago Bulls,2023,40,false,-143,122
Chicago Bulls,2023,41,true,-250,208
Chicago Bulls,2023,42,false,150,-179
Chicago Bulls,2023,43,true,-127,108
Chicago Bulls,2023,44,true,-303,246
Chicago Bulls,2023,45,false,173,-208
Chicago Bulls,2023,46,false,188,-227
Chicago Bulls,2023,47,true,-227,184
Chicago Bulls,2023,48,false,-286,229
Chicago Bulls,2023,49,true,-222,185
Chicago Bulls,2023,50,false,-114,-103
Chicago Bulls,2023,51,true,169,-204
Chicago Bulls,2023,52,true,-208,177
Chicago Bulls,2023,53,false,170,-204
Chicago Bulls,2023,54,true,161,-192
Chicago Bulls,2023,55,false,325,-435
Chicago Bulls,2023,56,false,282,-345
Chicago Bulls,2023,57,true,167,-200
Chicago Bulls,2023,58,false,-500,379
Chicago Bulls,2023,59,true,179,-213
Chicago Bulls,2023,60,false,139,-164
Chicago Bulls,2023,61,true,204,-244
Chicago Bulls,2023,62,true,-172,144
Chicago Bulls,2023,63,true,284,-357
Chicago Bulls,2023,64,false,258,-323
Chicago Bulls,2023,65,false,136,-159
Chicago Bulls,2023,66,true,169,-200
Chicago Bulls,2023,67,false,196,-238
Chicago Bulls,2023,68,true,-435,333
Chicago Bulls,2023,69,true,-357,279
Chicago Bulls,2023,70,false,129,-154
Chicago Bulls,2023,71,false,177,-213
Chicago Bulls,2023,72,false,-769,551
Chicago Bulls,2023,73,true,131,-154
Chicago Bulls,2023,74,false,-147,125
Chicago Bulls,2023,75,true,298,-370
Chicago Bulls,2023,76,false,-128,108
Chicago Bulls,2023,77,true,104,-122
Chicago Bulls,2023,78,false,227,-278
Chicago Bulls,2023,79,false,163,-192
Chicago Bulls,2023,80,true,-588,424
Chicago Bulls,2023,81,true,106,-127
Chicago Bulls,2023,82,false,578,-833
Chicago Bulls,2024,1,false,165,-200
Chicago Bulls,2024,2,true,319,-435
Chicago Bulls,2024,3,false,350,-500
Chicago Bulls,2024,4,true,172,-208
Chicago Bulls,2024,5,true,187,-233
Chicago Bulls,2024,6,false,100,-122
Chicago Bulls,2024,7,false,-312,241
Chicago Bulls,2024,8,false,376,-500
Chicago Bulls,2024,9,false,324,-417
Chicago Bulls,2024,10,true,118,-141
Chicago Bulls,2024,11,false,281,-357
Chicago Bulls,2024,12,true,286,-370
Chicago Bulls,2024,13,false,378,-526
Chicago Bulls,2024,14,false,160,-192
Chicago Bulls,2024,15,true,149,-179
Chicago Bulls,2024,16,false,286,-370
Chicago Bulls,2024,17,true,110,-130
Chicago Bulls,2024,18,false,150,-179
Chicago Bulls,2024,19,true,-217,177
Chicago Bulls,2024,20,false,320,-417
Chicago Bulls,2024,21,false,509,-714
Chicago Bulls,2024,22,true,-303,241
Chicago Bulls,2024,23,true,110,-132
Chicago Bulls,2024,24,false,137,-164
Chicago Bulls,2024,25,false,123,-145
Chicago Bulls,2024,26,true,-222,179
Chicago Bulls,2024,27,true,-118,-101
Chicago Bulls,2024,28,true,732,-1250
Chicago Bulls,2024,29,false,501,-714
Chicago Bulls,2024,30,false,-145,121
Chicago Bulls,2024,31,false,166,-200
Chicago Bulls,2024,32,true,114,-135
Chicago Bulls,2024,33,true,-182,150
Chicago Bulls,2024,34,false,-238,192
Chicago Bulls,2024,35,true,183,-227
Chicago Bulls,2024,36,true,122,-145
Chicago Bulls,2024,37,false,169,-204
Chicago Bulls,2024,38,true,-500,372
Chicago Bulls,2024,39,false,168,-204
Chicago Bulls,2024,40,false,-127,106
Chicago Bulls,2024,41,false,-238,196
Chicago Bulls,2024,42,false,-182,152
Chicago Bulls,2024,43,false,-192,159
Chicago Bulls,2024,44,true,200,-250
Chicago Bulls,2024,45,false,146,-175
Chicago Bulls,2024,46,false,-164,136
Chicago Bulls,2024,47,true,313,-417
Chicago Bulls,2024,48,false,645,-909
Chicago Bulls,2024,49,true,147,-175
Chicago Bulls,2024,50,false,190,-227
Chicago Bulls,2024,51,true,137,-164
Chicago Bulls,2024,52,false,438,-588
Chicago Bulls,2024,53,false,204,-250
Chicago Bulls,2024,54,false,162,-196
Chicago Bulls,2024,55,false,189,-227
Chicago Bulls,2024,56,false,374,-476
Chicago Bulls,2024,57,false,170,-204
Chicago Bulls,2024,58,true,190,-227
Chicago Bulls,2024,59,false,309,-400
Chicago Bulls,2024,60,true,-116,-102
Chicago Bulls,2024,61,false,420,-588
Chicago Bulls,2024,62,false,572,-833
Chicago Bulls,2024,63,true,260,-323
Chicago Bulls,2024,64,true,169,-200
Chicago Bulls,2024,65,true,144,-169
Chicago Bulls,2024,66,true,-122,104
Chicago Bulls,2024,67,false,280,-345
Chicago Bulls,2024,68,true,-189,158
Chicago Bulls,2024,69,false,179,-217
Chicago Bulls,2024,70,true,243,-303
Chicago Bulls,2024,71,true,383,-526
Chicago Bulls,2024,72,true,114,-137
Chicago Bulls,2024,73,true,147,-179
Chicago Bulls,2024,74,false,-145,122
Chicago Bulls,2024,75,false,742,-1250
Chicago Bulls,2024,76,true,-172,145
Chicago Bulls,2024,77,true,-263,206
Chicago Bulls,2024,78,true,-370,287
Chicago Bulls,2024,79,false,690,-1111
Chicago Bulls,2024,80,true,108,-132
Chicago Bulls,2024,81,true,-1000,625
Chicago Bulls,2024,82,true,-357,273
Chicago Bulls,2025,1,true,129,-154
Chicago Bulls,2025,2,true,204,-250
Chicago Bulls,2025,3,true,114,-135
Chicago Bulls,2025,4,true,-185,154
Chicago Bulls,2025,5,true,165,-200
Chicago Bulls,2025,6,false,240,-278
Chicago Bulls,2025,7,true,-128,110
Chicago Bulls,2025,8,false,150,-175
Chicago Bulls,2025,9,false,290,-370
Chicago Bulls,2025,10,false,165,-200
Chicago Bulls,2025,11,false,-149,125
Chicago Bulls,2025,12,false,-189,165
Chicago Bulls,2025,13,true,575,-769
Chicago Bulls,2025,14,true,-159,135
Chicago Bulls,2025,15,false,-135,114
Chicago Bulls,2025,16,true,-667,525
Chicago Bulls,2025,17,false,-189,165
Chicago Bulls,2025,18,false,-139,125
Chicago Bulls,2025,19,false,-141,129
Chicago Bulls,2025,20,false,320,-370
Chicago Bulls,2025,21,false,-323,265
Chicago Bulls,2025,22,false,-189,168
Chicago Bulls,2025,23,false,100,-115
Chicago Bulls,2025,24,true,-141,120
Chicago Bulls,2025,25,false,-179,160
Chicago Bulls,2025,26,true,184,-208
Chicago Bulls,2025,27,true,158,-169
Chicago Bulls,2025,28,true,148,-169
Chicago Bulls,2025,29,true,129,-154
Chicago Bulls,2025,30,true,116,-125
Chicago Bulls,2025,31,false,-132,114
Chicago Bulls,2025,32,false,190,-222
Chicago Bulls,2025,33,true,-120,104
Chicago Bulls,2025,34,true,168,-200
Chicago Bulls,2025,35,false,-130,110
Chicago Bulls,2025,36,false,359,-455
Chicago Bulls,2025,37,false,260,-323
Chicago Bulls,2025,38,true,-164,145
Chicago Bulls,2025,39,false,425,-526
Chicago Bulls,2025,40,true,-213,185
Chicago Bulls,2025,41,false,-104,-110
Chicago Bulls,2025,42,true,-250,220
Chicago Bulls,2025,43,true,-133,120
Chicago Bulls,2025,44,true,300,-357
Chicago Bulls,2025,45,true,135,-154
Chicago Bulls,2025,46,false,102,-120
Chicago Bulls,2025,47,false,-125,110
Chicago Bulls,2025,48,false,116,-133
Chicago Bulls,2025,49,true,175,-200
Chicago Bulls,2025,50,false,185,-208
Chicago Bulls,2025,51,false,-120,104
Chicago Bulls,2025,52,false,245,-303
Chicago Bulls,2025,53,false,280,-333
Chicago Bulls,2025,54,false,-154,135
Chicago Bulls,2025,55,false,500,-667
Chicago Bulls,2025,56,false,194,-227
Chicago Bulls,2025,57,false,425,-556
Chicago Bulls,2025,58,false,330,-385
Chicago Bulls,2025,59,false,265,-323
Chicago Bulls,2025,60,false,148,-164
Chicago Bulls,2025,61,true,120,-139
Chicago Bulls,2025,62,false,309,-385
Chicago Bulls,2025,63,true,459,-588
Chicago Bulls,2025,64,false,-185,170
Chicago Bulls,2025,65,true,185,-222
Chicago Bulls,2025,66,false,425,-556
Chicago Bulls,2025,67,false,560,-769
Chicago Bulls,2025,68,true,-278,229
Chicago Bulls,2025,69,false,250,-303
Chicago Bulls,2025,70,false,375,-455
Chicago Bulls,2025,71,true,309,-370
Chicago Bulls,2025,72,false,220,-250
Chicago Bulls,2025,73,false,1300,-2500
Chicago Bulls,2025,74,false,-200,168
Chicago Bulls,2025,75,false,1200,-1667
Chicago Bulls,2025,76,false,-161,144
Chicago Bulls,2025,77,false,700,-909
Chicago Bulls,2025,78,false,475,-588
Chicago Bulls,2025,79,true,-222,190
Chicago Bulls,2025,80,true,-256,220
Chicago Bulls,2025,81,false,800,-1250
Chicago Bulls,2025,82,false,172,-200
Cleveland Cavaliers,2016,1,true,-526,390
Cleveland Cavaliers,2016,2,true,-154,127
Cleveland Cavaliers,2016,3,true,-833,588
Cleveland Cavaliers,2016,4,true,-556,409
Cleveland Cavaliers,2016,5,true,-714,520
Cleveland Cavaliers,2016,6,true,-1250,789
Cleveland Cavaliers,2016,7,false,-370,293
Cleveland Cavaliers,2016,8,true,-345,276
Cleveland Cavaliers,2016,9,true,-345,272
Cleveland Cavaliers,2016,10,true,-250,202
Cleveland Cavaliers,2016,11,false,120,-139
Cleveland Cavaliers,2016,12,true,-435,336
Cleveland Cavaliers,2016,13,true,-909,635
Cleveland Cavaliers,2016,14,true,-1667,935
Cleveland Cavaliers,2016,15,true,-833,575
Cleveland Cavaliers,2016,16,false,-323,260
Cleveland Cavaliers,2016,17,false,-172,145
Cleveland Cavaliers,2016,18,false,-128,108
Cleveland Cavaliers,2016,19,true,104,-125
Cleveland Cavaliers,2016,20,true,-385,305
Cleveland Cavaliers,2016,21,true,-909,627
Cleveland Cavaliers,2016,22,true,-333,267
Cleveland Cavaliers,2016,23,true,-1429,884
Cleveland Cavaliers,2016,24,false,242,-303
Cleveland Cavaliers,2016,25,true,-2500,1214
Cleveland Cavaliers,2016,26,true,-159,137
Cleveland Cavaliers,2016,27,true,-263,215
Cleveland Cavaliers,2016,28,true,-3333,1553
Cleveland Cavaliers,2016,29,true,139,-164
Cleveland Cavaliers,2016,30,false,168,-196
Cleveland Cavaliers,2016,31,true,-263,218
Cleveland Cavaliers,2016,32,true,-119,100
Cleveland Cavaliers,2016,33,true,-476,367
Cleveland Cavaliers,2016,34,false,-161,139
Cleveland Cavaliers,2016,35,true,-1111,746
Cleveland Cavaliers,2016,36,true,-417,322
Cleveland Cavaliers,2016,37,false,-125,106
Cleveland Cavaliers,2016,38,false,-204,170
Cleveland Cavaliers,2016,39,true,-278,225
Cleveland Cavaliers,2016,40,false,316,-400
Cleveland Cavaliers,2016,41,true,-833,579
Cleveland Cavaliers,2016,42,false,-169,143
Cleveland Cavaliers,2016,43,false,-556,407
Cleveland Cavaliers,2016,44,false,-833,565
Cleveland Cavaliers,2016,45,true,-5000,1630
Cleveland Cavaliers,2016,46,true,-357,281
Cleveland Cavaliers,2016,47,false,-185,156
Cleveland Cavaliers,2016,48,true,-294,239
Cleveland Cavaliers,2016,49,true,-185,158
Cleveland Cavaliers,2016,50,true,-119,100
Cleveland Cavaliers,2016,51,true,-164,139
Cleveland Cavaliers,2016,52,false,428,-500
Cleveland Cavaliers,2016,53,true,-833,588
Cleveland Cavaliers,2016,54,true,-175,149
Cleveland Cavaliers,2016,55,true,-250,206
Cleveland Cavaliers,2016,56,true,-625,468
Cleveland Cavaliers,2016,57,false,-256,213
Cleveland Cavaliers,2016,58,true,-556,401
Cleveland Cavaliers,2016,59,false,100,-118
Cleveland Cavaliers,2016,60,true,-147,124
Cleveland Cavaliers,2016,61,false,104,-278
Cleveland Cavaliers,2016,62,false,-556,421
Cleveland Cavaliers,2016,63,false,-196,163
Cleveland Cavaliers,2016,64,true,-455,343
Cleveland Cavaliers,2016,65,false,239,-294
Cleveland Cavaliers,2016,66,true,-345,268
Cleveland Cavaliers,2016,67,true,-370,295
Cleveland Cavaliers,2016,68,false,216,-526
Cleveland Cavaliers,2016,69,true,-833,596
Cleveland Cavaliers,2016,70,false,-139,117
Cleveland Cavaliers,2016,71,true,-164,140
Cleveland Cavaliers,2016,72,false,-244,200
Cleveland Cavaliers,2016,73,false,186,-222
Cleveland Cavaliers,2016,74,false,-227,188
Cleveland Cavaliers,2016,75,true,-1111,710
Cleveland Cavaliers,2016,76,true,-400,307
Cleveland Cavaliers,2016,77,true,-714,505
Cleveland Cavaliers,2016,78,true,150,-179
Cleveland Cavaliers,2016,79,false,-1667,1008
Cleveland Cavaliers,2016,80,false,-208,175
Cleveland Cavaliers,2016,81,false,455,-625
Cleveland Cavaliers,2016,82,false,131,-156
Cleveland Cavaliers,2017,1,true,-192,162
Cleveland Cavaliers,2017,2,true,-110,-106
Cleveland Cavaliers,2017,3,false,-833,591
Cleveland Cavaliers,2017,4,true,-2000,1056
Cleveland Cavaliers,2017,5,false,-323,257
Cleveland Cavaliers,2017,6,false,-143,121
Cleveland Cavaliers,2017,7,false,-625,445
Cleveland Cavaliers,2017,8,false,-526,388
Cleveland Cavaliers,2017,9,true,127,-149
Cleveland Cavaliers,2017,10,false,-909,592
Cleveland Cavaliers,2017,11,true,-208,174
Cleveland Cavaliers,2017,12,false,179,-217
Cleveland Cavaliers,2017,13,true,-244,200
Cleveland Cavaliers,2017,14,true,-222,181
Cleveland Cavaliers,2017,15,true,-111,-108
Cleveland Cavaliers,2017,16,true,-270,220
Cleveland Cavaliers,2017,17,true,-127,108
Cleveland Cavaliers,2017,18,true,-714,533
Cleveland Cavaliers,2017,19,true,-222,186
Cleveland Cavaliers,2017,20,true,114,-132
Cleveland Cavaliers,2017,21,true,-179,154
Cleveland Cavaliers,2017,22,true,-333,269
Cleveland Cavaliers,2017,23,true,-833,583
Cleveland Cavaliers,2017,24,true,-455,353
Cleveland Cavaliers,2017,25,true,-1000,643
Cleveland Cavaliers,2017,26,false,-167,141
Cleveland Cavaliers,2017,27,true,-256,217
Cleveland Cavaliers,2017,28,true,-909,604
Cleveland Cavaliers,2017,29,true,-526,399
Cleveland Cavaliers,2017,30,true,-526,400
Cleveland Cavaliers,2017,31,true,108,-128
Cleveland Cavaliers,2017,32,false,-119,100
Cleveland Cavaliers,2017,33,true,-667,475
Cleveland Cavaliers,2017,34,false,161,-189
Cleveland Cavaliers,2017,35,false,-455,351
Cleveland Cavaliers,2017,36,false,-156,131
Cleveland Cavaliers,2017,37,true,-455,342
Cleveland Cavaliers,2017,38,false,129,-154
Cleveland Cavaliers,2017,39,true,-435,337
Cleveland Cavaliers,2017,40,false,-111,-106
Cleveland Cavaliers,2017,41,false,-143,120
Cleveland Cavaliers,2017,42,false,-123,104
Cleveland Cavaliers,2017,43,false,195,-238
Cleveland Cavaliers,2017,44,true,-833,576
Cleveland Cavaliers,2017,45,false,-147,125
Cleveland Cavaliers,2017,46,false,-141,118
Cleveland Cavaliers,2017,47,true,-270,222
Cleveland Cavaliers,2017,48,true,-345,274
Cleveland Cavaliers,2017,49,false,-270,223
Cleveland Cavaliers,2017,50,true,-141,121
Cleveland Cavaliers,2017,51,false,139,-164
Cleveland Cavaliers,2017,52,false,-294,240
Cleveland Cavaliers,2017,53,true,134,-159
Cleveland Cavaliers,2017,54,true,-130,110
Cleveland Cavaliers,2017,55,true,163,-196
Cleveland Cavaliers,2017,56,true,133,-156
Cleveland Cavaliers,2017,57,false,-263,217
Cleveland Cavaliers,2017,58,true,-213,175
Cleveland Cavaliers,2017,59,false,-185,156
Cleveland Cavaliers,2017,60,true,-667,484
Cleveland Cavaliers,2017,61,false,-147,125
Cleveland Cavaliers,2017,62,false,-182,152
Cleveland Cavaliers,2017,63,true,-256,211
Cleveland Cavaliers,2017,64,true,133,-156
Cleveland Cavaliers,2017,65,false,-115,-103
Cleveland Cavaliers,2017,66,false,-132,110
Cleveland Cavaliers,2017,67,true,-323,257
Cleveland Cavaliers,2017,68,false,198,-238
Cleveland Cavaliers,2017,69,true,-312,252
Cleveland Cavaliers,2017,70,true,-147,125
Cleveland Cavaliers,2017,71,true,104,-123
Cleveland Cavaliers,2017,72,true,-2500,1235
Cleveland Cavaliers,2017,73,true,-294,243
Cleveland Cavaliers,2017,74,false,-127,106
Cleveland Cavaliers,2017,75,true,114,-133
Cleveland Cavaliers,2017,76,true,-208,175
Cleveland Cavaliers,2017,77,true,-667,507
Cleveland Cavaliers,2017,78,true,-123,104
Cleveland Cavaliers,2017,79,true,-238,199
Cleveland Cavaliers,2017,80,false,138,-161
Cleveland Cavaliers,2017,81,true,-1000,678
Cleveland Cavaliers,2017,82,false,-385,308
Cleveland Cavaliers,2018,1,false,777,-1250
Cleveland Cavaliers,2018,2,false,307,-385
Cleveland Cavaliers,2018,3,false,-370,296
Cleveland Cavaliers,2018,4,false,-149,127
Cleveland Cavaliers,2018,5,false,388,-500
Cleveland Cavaliers,2018,6,false,246,-303
Cleveland Cavaliers,2018,7,true,-204,172
Cleveland Cavaliers,2018,8,false,179,-217
Cleveland Cavaliers,2018,9,false,424,-556
Cleveland Cavaliers,2018,10,false,156,-185
Cleveland Cavaliers,2018,11,false,213,-263
Cleveland Cavaliers,2018,12,false,163,-196
Cleveland Cavaliers,2018,13,true,342,-435
Cleveland Cavaliers,2018,14,false,612,-909
Cleveland Cavaliers,2018,15,false,388,-500
Cleveland Cavaliers,2018,16,false,351,-455
Cleveland Cavaliers,2018,17,true,726,-1111
Cleveland Cavaliers,2018,18,true,249,-303
Cleveland Cavaliers,2018,19,false,199,-238
Cleveland Cavaliers,2018,20,false,698,-1111
Cleveland Cavaliers,2018,21,false,715,-1111
Cleveland Cavaliers,2018,22,false,611,-909
Cleveland Cavaliers,2018,23,true,206,-250
Cleveland Cavaliers,2018,24,false,528,-769
Cleveland Cavaliers,2018,25,false,124,-147
Cleveland Cavaliers,2018,26,true,256,-312
Cleveland Cavaliers,2018,27,false,440,-588
Cleveland Cavaliers,2018,28,true,-104,-115
Cleveland Cavaliers,2018,29,false,384,-500
Cleveland Cavaliers,2018,30,false,330,-417
Cleveland Cavaliers,2018,31,true,699,-1111
Cleveland Cavaliers,2018,32,false,743,-1111
Cleveland Cavaliers,2018,33,false,557,-769
Cleveland Cavaliers,2018,34,false,-112,-106
Cleveland Cavaliers,2018,35,false,388,-500
Cleveland Cavaliers,2018,36,false,436,-588
Cleveland Cavaliers,2018,37,false,150,-179
Cleveland Cavaliers,2018,38,false,195,-238
Cleveland Cavaliers,2018,39,false,395,-526
Cleveland Cavaliers,2018,40,false,369,-476
Cleveland Cavaliers,2018,41,false,395,-526
Cleveland Cavaliers,2018,42,false,976,-1667
Cleveland Cavaliers,2018,43,false,869,-1429
Cleveland Cavaliers,2018,44,true,472,-625
Cleveland Cavaliers,2018,45,false,867,-1429
Cleveland Cavaliers,2018,46,false,1138,-2500
Cleveland Cavaliers,2018,47,false,1494,-5000
Cleveland Cavaliers,2018,48,false,118,-139
Cleveland Cavaliers,2018,49,false,985,-1667
Cleveland Cavaliers,2018,50,false,316,-400
Cleveland Cavaliers,2018,51,true,156,-185
Cleveland Cavaliers,2018,52,true,274,-345
Cleveland Cavaliers,2018,53,false,181,-217
Cleveland Cavaliers,2018,54,false,471,-667
Cleveland Cavaliers,2018,55,false,403,-526
Cleveland Cavaliers,2018,56,false,877,-1429
Cleveland Cavaliers,2018,57,true,-115,-102
Cleveland Cavaliers,2018,58,false,259,-323
Cleveland Cavaliers,2018,59,true,-116,-102
Cleveland Cavaliers,2018,60,true,-119,100
Cleveland Cavaliers,2018,61,false,350,-455
Cleveland Cavaliers,2018,62,true,106,-125
Cleveland Cavaliers,2018,63,false,289,-357
Cleveland Cavaliers,2018,64,true,202,-244
Cleveland Cavaliers,2018,65,false,379,-500
Cleveland Cavaliers,2018,66,false,332,-435
Cleveland Cavaliers,2018,67,true,337,-435
Cleveland Cavaliers,2018,68,false,1025,-2000
Cleveland Cavaliers,2018,69,false,317,-400
Cleveland Cavaliers,2018,70,false,188,-227
Cleveland Cavaliers,2018,71,true,225,-278
Cleveland Cavaliers,2018,72,true,200,-238
Cleveland Cavaliers,2018,73,false,236,-286
Cleveland Cavaliers,2018,74,false,831,-1429
Cleveland Cavaliers,2018,75,false,199,-238
Cleveland Cavaliers,2018,76,false,610,-909
Cleveland Cavaliers,2018,77,false,326,-417
Cleveland Cavaliers,2018,78,false,104,-123
Cleveland Cavaliers,2018,79,false,394,-526
Cleveland Cavaliers,2018,80,false,1152,-2500
Cleveland Cavaliers,2018,81,false,325,-417
Cleveland Cavaliers,2018,82,false,321,-417
Cleveland Cavaliers,2019,1,false,391,-526
Cleveland Cavaliers,2019,2,true,144,-154
Cleveland Cavaliers,2019,3,false,1119,-2500
Cleveland Cavaliers,2019,4,true,108,-128
Cleveland Cavaliers,2019,5,false,234,-286
Cleveland Cavaliers,2019,6,false,179,-217
Cleveland Cavaliers,2019,7,false,204,-250
Cleveland Cavaliers,2019,8,true,167,-200
Cleveland Cavaliers,2019,9,true,108,-128
Cleveland Cavaliers,2019,10,false,470,-625
Cleveland Cavaliers,2019,11,false,165,-196
Cleveland Cavaliers,2019,12,false,233,-286
Cleveland Cavaliers,2019,13,false,184,-222
Cleveland Cavaliers,2019,14,false,376,-500
Cleveland Cavaliers,2019,15,false,405,-526
Cleveland Cavaliers,2019,16,true,212,-256
Cleveland Cavaliers,2019,17,false,-118,-102
Cleveland Cavaliers,2019,18,false,-109,-109
Cleveland Cavaliers,2019,19,false,549,-833
Cleveland Cavaliers,2019,20,false,131,-156
Cleveland Cavaliers,2019,21,false,168,-200
Cleveland Cavaliers,2019,22,false,497,-714
Cleveland Cavaliers,2019,23,false,748,-1250
Cleveland Cavaliers,2019,24,false,532,-769
Cleveland Cavaliers,2019,25,true,545,-769
Cleveland Cavaliers,2019,26,false,811,-1429
Cleveland Cavaliers,2019,27,false,611,-909
Cleveland Cavaliers,2019,28,true,-143,121
Cleveland Cavaliers,2019,29,true,118,-139
Cleveland Cavaliers,2019,30,true,104,-125
Cleveland Cavaliers,2019,31,false,873,-1429
Cleveland Cavaliers,2019,32,true,215,-263
Cleveland Cavaliers,2019,33,false,311,-385
Cleveland Cavaliers,2019,34,false,-130,110
Cleveland Cavaliers,2019,35,false,212,-256
Cleveland Cavaliers,2019,36,false,199,-244
Cleveland Cavaliers,2019,37,false,136,-161
Cleveland Cavaliers,2019,38,true,244,-303
Cleveland Cavaliers,2019,39,true,633,-909
Cleveland Cavaliers,2019,40,false,781,-1250
Cleveland Cavaliers,2019,41,false,1051,-2000
Cleveland Cavaliers,2019,42,false,355,-455
Cleveland Cavaliers,2019,43,false,244,-303
Cleveland Cavaliers,2019,44,false,100,-119
Cleveland Cavaliers,2019,45,false,-137,117
Cleveland Cavaliers,2019,46,false,-111,-106
Cleveland Cavaliers,2019,47,true,225,-278
Cleveland Cavaliers,2019,48,false,318,-400
Cleveland Cavaliers,2019,49,false,409,-556
Cleveland Cavaliers,2019,50,false,-123,104
Cleveland Cavaliers,2019,51,false,112,-132
Cleveland Cavaliers,2019,52,false,701,-1111
Cleveland Cavaliers,2019,53,false,195,-238
Cleveland Cavaliers,2019,54,true,125,-145
Cleveland Cavaliers,2019,55,true,200,-244
Cleveland Cavaliers,2019,56,false,669,-1000
Cleveland Cavaliers,2019,57,true,210,-256
Cleveland Cavaliers,2019,58,true,264,-333
Cleveland Cavaliers,2019,59,false,676,-1000
Cleveland Cavaliers,2019,60,false,342,-435
Cleveland Cavaliers,2019,61,false,429,-556
Cleveland Cavaliers,2019,62,false,147,-172
Cleveland Cavaliers,2019,63,true,367,-476
Cleveland Cavaliers,2019,64,true,161,-189
Cleveland Cavaliers,2019,65,false,152,-179
Cleveland Cavaliers,2020,1,true,129,-152
Cleveland Cavaliers,2020,2,true,-103,-115
Cleveland Cavaliers,2020,3,true,212,-256
Cleveland Cavaliers,2020,4,false,-159,135
Cleveland Cavaliers,2020,5,false,263,-323
Cleveland Cavaliers,2020,6,true,188,-222
Cleveland Cavaliers,2020,7,false,187,-227
Cleveland Cavaliers,2020,8,false,173,-208
Cleveland Cavaliers,2020,9,true,181,-217
Cleveland Cavaliers,2020,10,false,322,-417
Cleveland Cavaliers,2020,11,false,112,-133
Cleveland Cavaliers,2020,12,false,616,-909
Cleveland Cavaliers,2020,13,true,112,-132
Cleveland Cavaliers,2020,14,true,442,-588
Cleveland Cavaliers,2020,15,true,222,-263
Cleveland Cavaliers,2020,16,false,204,-244
Cleveland Cavaliers,2020,17,false,560,-769
Cleveland Cavaliers,2020,18,true,-127,108
Cleveland Cavaliers,2020,19,false,102,-120
Cleveland Cavaliers,2020,20,false,-161,138
Cleveland Cavaliers,2020,21,true,-159,137
Cleveland Cavaliers,2020,22,false,326,-417
Cleveland Cavaliers,2020,23,false,449,-588
Cleveland Cavaliers,2020,24,false,415,-526
Cleveland Cavaliers,2020,25,false,191,-227
Cleveland Cavaliers,2020,26,false,375,-476
Cleveland Cavaliers,2020,27,false,147,-169
Cleveland Cavaliers,2020,28,false,341,-435
Cleveland Cavaliers,2020,29,false,392,-500
Cleveland Cavaliers,2020,30,false,325,-400
Cleveland Cavaliers,2020,31,false,125,-145
Cleveland Cavaliers,2020,32,true,272,-333
Cleveland Cavaliers,2020,33,true,171,-200
Cleveland Cavaliers,2020,34,true,482,-667
Cleveland Cavaliers,2020,35,true,125,-145
Cleveland Cavaliers,2020,36,false,224,-270
Cleveland Cavaliers,2020,37,false,227,-278
Cleveland Cavaliers,2020,38,false,185,-217
Cleveland Cavaliers,2020,39,false,451,-625
Cleveland Cavaliers,2020,40,true,262,-323
Cleveland Cavaliers,2020,41,false,170,-200
Cleveland Cavaliers,2020,42,true,245,-303
Cleveland Cavaliers,2020,43,false,152,-179
Cleveland Cavaliers,2020,44,true,244,-294
Cleveland Cavaliers,2020,45,false,152,-179
Cleveland Cavaliers,2020,46,false,323,-400
Cleveland Cavaliers,2020,47,false,1109,-2000
Cleveland Cavaliers,2020,48,false,366,-476
Cleveland Cavaliers,2020,49,false,610,-909
Cleveland Cavaliers,2020,50,true,282,-345
Cleveland Cavaliers,2020,51,true,-172,148
Cleveland Cavaliers,2020,52,false,-149,127
Cleveland Cavaliers,2020,53,false,336,-417
Cleveland Cavaliers,2020,54,true,131,-152
Cleveland Cavaliers,2020,55,false,185,-222
Cleveland Cavaliers,2020,56,false,125,-147
Cleveland Cavaliers,2020,57,false,-156,135
Cleveland Cavaliers,2020,58,true,110,-130
Cleveland Cavaliers,2020,59,false,102,-120
Cleveland Cavaliers,2020,60,false,239,-294
Cleveland Cavaliers,2020,61,false,525,-714
Cleveland Cavaliers,2020,62,false,-167,144
Cleveland Cavaliers,2020,63,false,217,-263
Cleveland Cavaliers,2020,64,false,524,-714
Cleveland Cavaliers,2020,65,false,591,-833
Cleveland Cavaliers,2020,66,false,552,-769
Cleveland Cavaliers,2020,67,false,442,-588
Cleveland Cavaliers,2020,68,false,415,-526
Cleveland Cavaliers,2020,69,false,351,-435
Cleveland Cavaliers,2020,70,true,199,-238
Cleveland Cavaliers,2020,71,false,338,-417
Cleveland Cavaliers,2020,72,false,709,-1111
Cleveland Cavaliers,2021,1,false,250,-303
Cleveland Cavaliers,2021,2,false,114,-133
Cleveland Cavaliers,2021,3,true,293,-357
Cleveland Cavaliers,2021,4,true,395,-500
Cleveland Cavaliers,2021,5,true,299,-370
Cleveland Cavaliers,2021,6,false,288,-357
Cleveland Cavaliers,2021,7,false,388,-500
Cleveland Cavaliers,2021,8,true,172,-200
Cleveland Cavaliers,2021,9,true,184,-217
Cleveland Cavaliers,2021,10,true,194,-227
Cleveland Cavaliers,2021,11,true,257,-312
Cleveland Cavaliers,2021,12,false,136,-159
Cleveland Cavaliers,2021,13,true,-200,169
Cleveland Cavaliers,2021,14,true,-106,-110
Cleveland Cavaliers,2021,15,false,150,-175
Cleveland Cavaliers,2021,16,false,384,-500
Cleveland Cavaliers,2021,17,false,358,-455
Cleveland Cavaliers,2021,18,false,183,-217
Cleveland Cavaliers,2021,19,false,246,-303
Cleveland Cavaliers,2021,20,true,-500,380
Cleveland Cavaliers,2021,21,true,224,-270
Cleveland Cavaliers,2021,22,true,127,-149
Cleveland Cavaliers,2021,23,true,125,-145
Cleveland Cavaliers,2021,24,false,177,-208
Cleveland Cavaliers,2021,25,false,304,-370
Cleveland Cavaliers,2021,26,true,-159,136
Cleveland Cavaliers,2021,27,true,-127,108
Cleveland Cavaliers,2021,28,true,-250,211
Cleveland Cavaliers,2021,29,true,-208,177
Cleveland Cavaliers,2021,30,true,-435,344
Cleveland Cavaliers,2021,31,true,-196,170
Cleveland Cavaliers,2021,32,false,210,-250
Cleveland Cavaliers,2021,33,true,-385,315
Cleveland Cavaliers,2021,34,false,-196,167
Cleveland Cavaliers,2021,35,false,150,-175
Cleveland Cavaliers,2021,36,false,-125,108
Cleveland Cavaliers,2021,37,true,-179,152
Cleveland Cavaliers,2021,38,false,-152,131
Cleveland Cavaliers,2021,39,true,-238,197
Cleveland Cavaliers,2021,40,false,275,-333
Cleveland Cavaliers,2021,41,true,-208,175
Cleveland Cavaliers,2021,42,true,169,-196
Cleveland Cavaliers,2021,43,true,-149,129
Cleveland Cavaliers,2021,44,true,-204,172
Cleveland Cavaliers,2021,45,true,-179,152
Cleveland Cavaliers,2021,46,false,-156,131
Cleveland Cavaliers,2021,47,true,-769,563
Cleveland Cavaliers,2021,48,true,-200,170
Cleveland Cavaliers,2021,49,true,147,-172
Cleveland Cavaliers,2021,50,false,-333,270
Cleveland Cavaliers,2021,51,true,-200,177
Cleveland Cavaliers,2021,52,false,-200,169
Cleveland Cavaliers,2021,53,true,202,-238
Cleveland Cavaliers,2021,54,true,-270,222
Cleveland Cavaliers,2021,55,true,-244,206
Cleveland Cavaliers,2021,56,true,-238,199
Cleveland Cavaliers,2021,57,false,124,-145
Cleveland Cavaliers,2021,58,false,114,-132
Cleveland Cavaliers,2021,59,false,-227,190
Cleveland Cavaliers,2021,60,true,-370,297
Cleveland Cavaliers,2021,61,false,138,-161
Cleveland Cavaliers,2021,62,false,-179,152
Cleveland Cavaliers,2021,63,false,271,-333
Cleveland Cavaliers,2021,64,true,-189,163
Cleveland Cavaliers,2021,65,true,-141,121
Cleveland Cavaliers,2021,66,false,286,-345
Cleveland Cavaliers,2021,67,false,168,-196
Cleveland Cavaliers,2021,68,true,-294,243
Cleveland Cavaliers,2021,69,false,145,-167
Cleveland Cavaliers,2021,70,true,122,-143
Cleveland Cavaliers,2021,71,true,-238,198
Cleveland Cavaliers,2021,72,false,-192,164
Cleveland Cavaliers,2021,73,false,179,-208
Cleveland Cavaliers,2021,74,false,-127,108
Cleveland Cavaliers,2021,75,true,-385,307
Cleveland Cavaliers,2021,76,false,110,-127
Cleveland Cavaliers,2021,77,false,210,-250
Cleveland Cavaliers,2021,78,true,108,-125
Cleveland Cavaliers,2021,79,false,177,-208
Cleveland Cavaliers,2021,80,false,-345,279
Cleveland Cavaliers,2021,81,false,292,-357
Cleveland Cavaliers,2021,82,true,-385,318
Cleveland Cavaliers,2022,1,false,118,-139
Cleveland Cavaliers,2022,2,true,-122,102
Cleveland Cavaliers,2022,3,true,-164,137
Cleveland Cavaliers,2022,4,true,-385,299
Cleveland Cavaliers,2022,5,true,223,-278
Cleveland Cavaliers,2022,6,true,-164,138
Cleveland Cavaliers,2022,7,true,102,-122
Cleveland Cavaliers,2022,8,true,-169,143
Cleveland Cavaliers,2022,9,true,-217,175
Cleveland Cavaliers,2022,10,false,-172,145
Cleveland Cavaliers,2022,11,false,-189,156
Cleveland Cavaliers,2022,12,false,129,-154
Cleveland Cavaliers,2022,13,false,-115,-104
Cleveland Cavaliers,2022,14,false,110,-132
Cleveland Cavaliers,2022,15,true,-526,382
Cleveland Cavaliers,2022,16,true,-323,258
Cleveland Cavaliers,2022,17,true,-156,131
Cleveland Cavaliers,2022,18,true,-286,231
Cleveland Cavaliers,2022,19,false,143,-172
Cleveland Cavaliers,2022,20,true,-312,247
Cleveland Cavaliers,2022,21,false,164,-200
Cleveland Cavaliers,2022,22,true,-164,138
Cleveland Cavaliers,2022,23,true,-588,421
Cleveland Cavaliers,2022,24,false,-139,117
Cleveland Cavaliers,2022,25,true,-222,181
Cleveland Cavaliers,2022,26,false,-161,137
Cleveland Cavaliers,2022,27,true,-192,161
Cleveland Cavaliers,2022,28,false,-435,321
Cleveland Cavaliers,2022,29,true,117,-137
Cleveland Cavaliers,2022,30,true,-333,266
Cleveland Cavaliers,2022,31,true,-385,300
Cleveland Cavaliers,2022,32,true,-256,213
Cleveland Cavaliers,2022,33,true,-137,114
Cleveland Cavaliers,2022,34,false,-192,162
Cleveland Cavaliers,2022,35,false,-132,110
Cleveland Cavaliers,2022,36,false,-172,146
Cleveland Cavaliers,2022,37,true,-116,-103
Cleveland Cavaliers,2022,38,true,-169,142
Cleveland Cavaliers,2022,39,true,-204,168
Cleveland Cavaliers,2022,40,false,172,-208
Cleveland Cavaliers,2022,41,true,-244,196
Cleveland Cavaliers,2022,42,false,-141,118
Cleveland Cavaliers,2022,43,true,-116,-103
Cleveland Cavaliers,2022,44,false,-179,149
Cleveland Cavaliers,2022,45,true,-303,237
Cleveland Cavaliers,2022,46,false,237,-303
Cleveland Cavaliers,2022,47,false,-526,383
Cleveland Cavaliers,2022,48,true,-149,125
Cleveland Cavaliers,2022,49,false,-154,129
Cleveland Cavaliers,2022,50,true,-357,279
Cleveland Cavaliers,2022,51,false,-104,-115
Cleveland Cavaliers,2022,52,true,-625,443
Cleveland Cavaliers,2022,53,false,-167,141
Cleveland Cavaliers,2022,54,true,-256,214
Cleveland Cavaliers,2022,55,true,-175,150
Cleveland Cavaliers,2022,56,true,-167,143
Cleveland Cavaliers,2022,57,true,-476,394
Cleveland Cavaliers,2022,58,true,-149,129
Cleveland Cavaliers,2022,59,true,-238,200
Cleveland Cavaliers,2022,60,true,-1429,794
Cleveland Cavaliers,2022,61,false,104,-122
Cleveland Cavaliers,2022,62,false,-149,129
Cleveland Cavaliers,2022,63,false,-109,-108
Cleveland Cavaliers,2022,64,true,-303,242
Cleveland Cavaliers,2022,65,false,167,-196
Cleveland Cavaliers,2022,66,true,-1667,872
Cleveland Cavaliers,2022,67,true,-333,263
Cleveland Cavaliers,2022,68,true,-123,102
Cleveland Cavaliers,2022,69,false,121,-145
Cleveland Cavaliers,2022,70,true,-500,373
Cleveland Cavaliers,2022,71,true,-213,174
Cleveland Cavaliers,2022,72,false,122,-143
Cleveland Cavaliers,2022,73,true,-217,177
Cleveland Cavaliers,2022,74,true,-169,144
Cleveland Cavaliers,2022,75,true,-159,135
Cleveland Cavaliers,2022,76,true,-1000,634
Cleveland Cavaliers,2022,77,false,124,-143
Cleveland Cavaliers,2022,78,false,-161,140
Cleveland Cavaliers,2022,79,true,-769,532
Cleveland Cavaliers,2022,80,true,-182,154
Cleveland Cavaliers,2022,81,true,186,-227
Cleveland Cavaliers,2022,82,false,-250,202
Cleveland Cavaliers,2023,1,true,-125,106
Cleveland Cavaliers,2023,2,false,-143,121
Cleveland Cavaliers,2023,3,false,134,-154
Cleveland Cavaliers,2023,4,false,110,-130
Cleveland Cavaliers,2023,5,true,177,-213
Cleveland Cavaliers,2023,6,false,-132,112
Cleveland Cavaliers,2023,7,true,-115,-102
Cleveland Cavaliers,2023,8,false,-130,110
Cleveland Cavaliers,2023,9,true,150,-179
Cleveland Cavaliers,2023,10,false,-108,-111
Cleveland Cavaliers,2023,11,true,-455,344
Cleveland Cavaliers,2023,12,true,-370,288
Cleveland Cavaliers,2023,13,true,156,-185
Cleveland Cavaliers,2023,14,true,263,-323
Cleveland Cavaliers,2023,15,false,-119,102
Cleveland Cavaliers,2023,16,false,-175,148
Cleveland Cavaliers,2023,17,true,-149,129
Cleveland Cavaliers,2023,18,true,-179,152
Cleveland Cavaliers,2023,19,false,-625,454
Cleveland Cavaliers,2023,20,true,-400,312
Cleveland Cavaliers,2023,21,true,-175,149
Cleveland Cavaliers,2023,22,true,-119,100
Cleveland Cavaliers,2023,23,false,116,-137
Cleveland Cavaliers,2023,24,false,472,-667
Cleveland Cavaliers,2023,25,false,297,-370
Cleveland Cavaliers,2023,26,true,-185,156
Cleveland Cavaliers,2023,27,true,-169,144
Cleveland Cavaliers,2023,28,true,-156,133
Cleveland Cavaliers,2023,29,false,136,-159
Cleveland Cavaliers,2023,30,true,197,-238
Cleveland Cavaliers,2023,31,true,200,-244
Cleveland Cavaliers,2023,32,false,171,-204
Cleveland Cavaliers,2023,33,false,121,-141
Cleveland Cavaliers,2023,34,true,-417,321
Cleveland Cavaliers,2023,35,true,-526,391
Cleveland Cavaliers,2023,36,true,-526,396
Cleveland Cavaliers,2023,37,true,-161,138
Cleveland Cavaliers,2023,38,true,-179,150
Cleveland Cavaliers,2023,39,true,-122,104
Cleveland Cavaliers,2023,40,true,-132,112
Cleveland Cavaliers,2023,41,true,-135,114
Cleveland Cavaliers,2023,42,false,220,-270
Cleveland Cavaliers,2023,43,true,175,-208
Cleveland Cavaliers,2023,44,true,106,-123
Cleveland Cavaliers,2023,45,true,-909,598
Cleveland Cavaliers,2023,46,true,-357,286
Cleveland Cavaliers,2023,47,true,-500,379
Cleveland Cavaliers,2023,48,true,-196,163
Cleveland Cavaliers,2023,49,true,-714,493
Cleveland Cavaliers,2023,50,true,-303,243
Cleveland Cavaliers,2023,51,true,-370,295
Cleveland Cavaliers,2023,52,false,-625,457
Cleveland Cavaliers,2023,53,true,-435,325
Cleveland Cavaliers,2023,54,false,-217,177
Cleveland Cavaliers,2023,55,false,-132,112
Cleveland Cavaliers,2023,56,true,-909,639
Cleveland Cavaliers,2023,57,true,-167,143
Cleveland Cavaliers,2023,58,false,-213,179
Cleveland Cavaliers,2023,59,true,-278,222
Cleveland Cavaliers,2023,60,false,-179,150
Cleveland Cavaliers,2023,61,true,300,-385
Cleveland Cavaliers,2023,62,false,125,-147
Cleveland Cavaliers,2023,63,true,-115,100
Cleveland Cavaliers,2023,64,false,-256,218
Cleveland Cavaliers,2023,65,false,215,-263
Cleveland Cavaliers,2023,66,true,187,-233
Cleveland Cavaliers,2023,67,false,-196,166
Cleveland Cavaliers,2023,68,true,204,-250
Cleveland Cavaliers,2023,69,false,-145,120
Cleveland Cavaliers,2023,70,false,240,-303
Cleveland Cavaliers,2023,71,false,134,-156
Cleveland Cavaliers,2023,72,true,-625,446
Cleveland Cavaliers,2023,73,false,-455,351
Cleveland Cavaliers,2023,74,true,-263,216
Cleveland Cavaliers,2023,75,false,159,-189
Cleveland Cavaliers,2023,76,true,-476,357
Cleveland Cavaliers,2023,77,false,196,-238
Cleveland Cavaliers,2023,78,false,172,-208
Cleveland Cavaliers,2023,79,false,150,-179
Cleveland Cavaliers,2023,80,true,-2000,1062
Cleveland Cavaliers,2023,81,true,-145,122
Cleveland Cavaliers,2023,82,false,-1000,641
Cleveland Cavaliers,2024,1,true,-250,204
Cleveland Cavaliers,2024,2,true,-556,411
Cleveland Cavaliers,2024,3,true,-455,345
Cleveland Cavaliers,2024,4,true,122,-147
Cleveland Cavaliers,2024,5,true,-172,144
Cleveland Cavaliers,2024,6,true,-303,240
Cleveland Cavaliers,2024,7,true,110,-132
Cleveland Cavaliers,2024,8,true,-357,275
Cleveland Cavaliers,2024,9,true,-270,215
Cleveland Cavaliers,2024,10,true,-161,136
Cleveland Cavaliers,2024,11,true,-833,568
Cleveland Cavaliers,2024,12,true,-357,281
Cleveland Cavaliers,2024,13,true,-625,448
Cleveland Cavaliers,2024,14,true,-526,378
Cleveland Cavaliers,2024,15,true,-476,361
Cleveland Cavaliers,2024,16,false,215,-270
Cleveland Cavaliers,2024,17,true,-1000,636
Cleveland Cavaliers,2024,18,true,-667,482
Cleveland Cavaliers,2024,19,false,-400,312
Cleveland Cavaliers,2024,20,false,-233,188
Cleveland Cavaliers,2024,21,true,-120,100
Cleveland Cavaliers,2024,22,true,-1429,842
Cleveland Cavaliers,2024,23,true,-169,143
Cleveland Cavaliers,2024,24,true,-909,592
Cleveland Cavaliers,2024,25,false,-139,118
Cleveland Cavaliers,2024,26,true,-1667,959
Cleveland Cavaliers,2024,27,true,-500,379
Cleveland Cavaliers,2024,28,true,-385,297
Cleveland Cavaliers,2024,29,true,-417,321
Cleveland Cavaliers,2024,30,true,-1111,697
Cleveland Cavaliers,2024,31,true,-161,135
Cleveland Cavaliers,2024,32,true,-167,139
Cleveland Cavaliers,2024,33,true,-182,152
Cleveland Cavaliers,2024,34,true,-417,320
Cleveland Cavaliers,2024,35,true,-1429,843
Cleveland Cavaliers,2024,36,true,-149,124
Cleveland Cavaliers,2024,37,true,-1000,644
Cleveland Cavaliers,2024,38,false,-400,312
Cleveland Cavaliers,2024,39,true,-333,262
Cleveland Cavaliers,2024,40,false,124,-145
Cleveland Cavaliers,2024,41,true,-200,168
Cleveland Cavaliers,2024,42,true,-303,241
Cleveland Cavaliers,2024,43,false,-120,100
Cleveland Cavaliers,2024,44,false,-435,341
Cleveland Cavaliers,2024,45,false,-189,154
Cleveland Cavaliers,2024,46,true,-500,371
Cleveland Cavaliers,2024,47,true,-222,184
Cleveland Cavaliers,2024,48,true,-588,430
Cleveland Cavaliers,2024,49,true,-1429,802
Cleveland Cavaliers,2024,50,false,-119,-101
Cleveland Cavaliers,2024,51,true,-164,136
Cleveland Cavaliers,2024,52,true,-2000,968
Cleveland Cavaliers,2024,53,true,-357,278
Cleveland Cavaliers,2024,54,true,-833,553
Cleveland Cavaliers,2024,55,true,-769,522
Cleveland Cavaliers,2024,56,true,-286,231
Cleveland Cavaliers,2024,57,true,-222,185
Cleveland Cavaliers,2024,58,true,-250,206
Cleveland Cavaliers,2024,59,true,-101,-118
Cleveland Cavaliers,2024,60,true,-476,376
Cleveland Cavaliers,2024,61,true,-833,572
Cleveland Cavaliers,2024,62,true,-833,581
Cleveland Cavaliers,2024,63,true,-1429,833
Cleveland Cavaliers,2024,64,true,-278,229
Cleveland Cavaliers,2024,65,true,-1111,671
Cleveland Cavaliers,2024,66,true,-133,112
Cleveland Cavaliers,2024,67,false,-526,384
Cleveland Cavaliers,2024,68,false,-137,114
Cleveland Cavaliers,2024,69,false,-263,211
Cleveland Cavaliers,2024,70,false,-357,279
Cleveland Cavaliers,2024,71,true,-1667,902
Cleveland Cavaliers,2024,72,true,-256,206
Cleveland Cavaliers,2024,73,true,-909,615
Cleveland Cavaliers,2024,74,false,-270,219
Cleveland Cavaliers,2024,75,true,-270,219
Cleveland Cavaliers,2024,76,true,-526,388
Cleveland Cavaliers,2024,77,true,-769,517
Cleveland Cavaliers,2024,78,false,-435,323
Cleveland Cavaliers,2024,79,true,-1111,690
Cleveland Cavaliers,2024,80,false,351,-476
Cleveland Cavaliers,2024,81,true,125,-154
Cleveland Cavaliers,2024,82,false,212,-263
Cleveland Cavaliers,2025,1,false,-125,104
Cleveland Cavaliers,2025,2,true,-625,500
Cleveland Cavaliers,2025,3,true,-263,220
Cleveland Cavaliers,2025,4,true,-128,110
Cleveland Cavaliers,2025,5,false,-161,145
Cleveland Cavaliers,2025,6,false,-189,160
Cleveland Cavaliers,2025,7,true,-244,200
Cleveland Cavaliers,2025,8,true,-526,475
Cleveland Cavaliers,2025,9,true,-833,650
Cleveland Cavaliers,2025,10,true,-370,290
Cleveland Cavaliers,2025,11,false,-303,250
Cleveland Cavaliers,2025,12,true,165,-200
Cleveland Cavaliers,2025,13,false,-294,240
Cleveland Cavaliers,2025,14,true,-526,400
Cleveland Cavaliers,2025,15,true,-250,204
Cleveland Cavaliers,2025,16,false,100,-118
Cleveland Cavaliers,2025,17,true,-909,625
Cleveland Cavaliers,2025,18,true,-294,240
Cleveland Cavaliers,2025,19,false,100,-120
Cleveland Cavaliers,2025,20,false,-250,210
Cleveland Cavaliers,2025,21,false,-294,240
Cleveland Cavaliers,2025,22,true,-189,160
Cleveland Cavaliers,2025,23,false,-417,375
Cleveland Cavaliers,2025,24,true,-200,179
Cleveland Cavaliers,2025,25,false,-370,300
Cleveland Cavaliers,2025,26,true,-1250,830
Cleveland Cavaliers,2025,27,false,-588,490
Cleveland Cavaliers,2025,28,false,-208,184
Cleveland Cavaliers,2025,29,false,-169,158
Cleveland Cavaliers,2025,30,true,-345,300
Cleveland Cavaliers,2025,31,true,-400,330
Cleveland Cavaliers,2025,32,false,160,-185
Cleveland Cavaliers,2025,33,false,120,-135
Cleveland Cavaliers,2025,34,true,138,-159
Cleveland Cavaliers,2025,35,true,-263,220
Cleveland Cavaliers,2025,36,true,-769,575
Cleveland Cavaliers,2025,37,false,-149,134
Cleveland Cavaliers,2025,38,true,-233,200
Cleveland Cavaliers,2025,39,false,129,-149
Cleveland Cavaliers,2025,40,true,-143,125
Cleveland Cavaliers,2025,41,false,-556,450
Cleveland Cavaliers,2025,42,true,-102,-110
Cleveland Cavaliers,2025,43,true,120,-135
Cleveland Cavaliers,2025,44,false,184,-222
Cleveland Cavaliers,2025,45,true,-154,136
Cleveland Cavaliers,2025,46,true,-588,459
Cleveland Cavaliers,2025,47,true,104,-118
Cleveland Cavaliers,2025,48,true,-208,175
Cleveland Cavaliers,2025,49,true,-161,140
Cleveland Cavaliers,2025,50,false,-125,108
Cleveland Cavaliers,2025,51,true,-172,154
Cleveland Cavaliers,2025,52,true,-149,129
Cleveland Cavaliers,2025,53,true,-588,475
Cleveland Cavaliers,2025,54,true,125,-141
Cleveland Cavaliers,2025,55,true,-1250,850
Cleveland Cavaliers,2025,56,true,-909,700
Cleveland Cavaliers,2025,57,true,-208,179
Cleveland Cavaliers,2025,58,false,-179,150
Cleveland Cavaliers,2025,59,true,-169,145
Cleveland Cavaliers,2025,60,false,-145,129
Cleveland Cavaliers,2025,61,false,270,-333
Cleveland Cavaliers,2025,62,true,-526,450
Cleveland Cavaliers,2025,63,true,125,-139
Cleveland Cavaliers,2025,64,false,-118,108
Cleveland Cavaliers,2025,65,true,-833,590
Cleveland Cavaliers,2025,66,false,-154,135
Cleveland Cavaliers,2025,67,true,-714,520
Cleveland Cavaliers,2025,68,false,-1250,750
Cleveland Cavaliers,2025,69,true,-588,450
Cleveland Cavaliers,2025,70,true,-455,375
Cleveland Cavaliers,2025,71,true,-200,170
Cleveland Cavaliers,2025,72,true,-455,359
Cleveland Cavaliers,2025,73,false,-147,125
Cleveland Cavaliers,2025,74,true,-213,185
Cleveland Cavaliers,2025,75,true,-1667,900
Cleveland Cavaliers,2025,76,false,120,-135
Cleveland Cavaliers,2025,77,true,-455,375
Cleveland Cavaliers,2025,78,true,-1667,980
Cleveland Cavaliers,2025,79,true,-909,675
Cleveland Cavaliers,2025,80,true,-167,145
Cleveland Cavaliers,2025,81,false,290,-357
Cleveland Cavaliers,2025,82,true,-500,390
Dallas Mavericks,2016,1,false,197,-238
Dallas Mavericks,2016,2,false,110,-132
Dallas Mavericks,2016,3,false,165,-196
Dallas Mavericks,2016,4,false,137,-161
Dallas Mavericks,2016,5,false,129,-154
Dallas Mavericks,2016,6,true,-143,122
Dallas Mavericks,2016,7,true,158,-185
Dallas Mavericks,2016,8,false,1588,-5000
Dallas Mavericks,2016,9,false,152,-179
Dallas Mavericks,2016,10,false,219,-263
Dallas Mavericks,2016,11,false,141,-167
Dallas Mavericks,2016,12,false,285,-357
Dallas Mavericks,2016,13,false,1119,-2000
Dallas Mavericks,2016,14,false,476,-667
Dallas Mavericks,2016,15,false,935,-1667
Dallas Mavericks,2016,16,true,179,-217
Dallas Mavericks,2016,17,false,334,-435
Dallas Mavericks,2016,18,false,604,-909
Dallas Mavericks,2016,19,true,137,-161
Dallas Mavericks,2016,20,false,141,-164
Dallas Mavericks,2016,21,false,134,-159
Dallas Mavericks,2016,22,true,142,-167
Dallas Mavericks,2016,23,false,703,-1111
Dallas Mavericks,2016,24,true,120,-141
Dallas Mavericks,2016,25,false,192,-233
Dallas Mavericks,2016,26,false,513,-714
Dallas Mavericks,2016,27,true,-112,-105
Dallas Mavericks,2016,28,false,290,-370
Dallas Mavericks,2016,29,true,206,-256
Dallas Mavericks,2016,30,true,159,-189
Dallas Mavericks,2016,31,false,158,-185
Dallas Mavericks,2016,32,false,177,-213
Dallas Mavericks,2016,33,true,148,-175
Dallas Mavericks,2016,34,false,1601,-5000
Dallas Mavericks,2016,35,true,-119,100
Dallas Mavericks,2016,36,false,-238,198
Dallas Mavericks,2016,37,false,100,-119
Dallas Mavericks,2016,38,false,166,-200
Dallas Mavericks,2016,39,true,-132,110
Dallas Mavericks,2016,40,true,-109,-110
Dallas Mavericks,2016,41,true,174,-208
Dallas Mavericks,2016,42,false,110,-130
Dallas Mavericks,2016,43,false,187,-227
Dallas Mavericks,2016,44,true,-244,199
Dallas Mavericks,2016,45,true,-152,129
Dallas Mavericks,2016,46,false,367,-476
Dallas Mavericks,2016,47,true,707,-1111
Dallas Mavericks,2016,48,true,156,-185
Dallas Mavericks,2016,49,true,-333,267
Dallas Mavericks,2016,50,true,213,-256
Dallas Mavericks,2016,51,false,129,-154
Dallas Mavericks,2016,52,false,118,-139
Dallas Mavericks,2016,53,true,112,-132
Dallas Mavericks,2016,54,true,-263,219
Dallas Mavericks,2016,55,false,106,-125
Dallas Mavericks,2016,56,false,154,-185
Dallas Mavericks,2016,57,false,140,-161
Dallas Mavericks,2016,58,true,114,-135
Dallas Mavericks,2016,59,true,-104,-115
Dallas Mavericks,2016,60,false,208,-250
Dallas Mavericks,2016,61,true,124,-147
Dallas Mavericks,2016,62,true,-115,-104
Dallas Mavericks,2016,63,true,-455,354
Dallas Mavericks,2016,64,true,-588,429
Dallas Mavericks,2016,65,false,-233,193
Dallas Mavericks,2016,66,false,166,-200
Dallas Mavericks,2016,67,true,272,-345
Dallas Mavericks,2016,68,false,-227,188
Dallas Mavericks,2016,69,true,-200,168
Dallas Mavericks,2016,70,false,171,-204
Dallas Mavericks,2016,71,true,183,-222
Dallas Mavericks,2016,72,false,-108,-109
Dallas Mavericks,2016,73,false,108,-128
Dallas Mavericks,2016,74,false,210,-256
Dallas Mavericks,2016,75,false,133,-156
Dallas Mavericks,2016,76,true,223,-270
Dallas Mavericks,2016,77,false,-143,122
Dallas Mavericks,2016,78,false,525,-714
Dallas Mavericks,2016,79,false,-208,173
Dallas Mavericks,2016,80,false,117,-139
Dallas Mavericks,2016,81,false,-139,117
Dallas Mavericks,2016,82,true,312,-400
Dallas Mavericks,2017,1,false,-217,181
Dallas Mavericks,2017,2,false,-222,184
Dallas Mavericks,2017,3,false,549,-769
Dallas Mavericks,2017,4,false,727,-1111
Dallas Mavericks,2017,5,true,136,-159
Dallas Mavericks,2017,6,false,256,-312
Dallas Mavericks,2017,7,false,104,-133
Dallas Mavericks,2017,8,false,286,-357
Dallas Mavericks,2017,9,false,413,-556
Dallas Mavericks,2017,10,false,156,-185
Dallas Mavericks,2017,11,false,571,-833
Dallas Mavericks,2017,12,true,401,-526
Dallas Mavericks,2017,13,false,200,-244
Dallas Mavericks,2017,14,false,433,-588
Dallas Mavericks,2017,15,false,215,-256
Dallas Mavericks,2017,16,false,200,-244
Dallas Mavericks,2017,17,true,206,-250
Dallas Mavericks,2017,18,false,227,-286
Dallas Mavericks,2017,19,true,188,-227
Dallas Mavericks,2017,20,true,200,-244
Dallas Mavericks,2017,21,false,353,-455
Dallas Mavericks,2017,22,false,-208,175
Dallas Mavericks,2017,23,true,-189,161
Dallas Mavericks,2017,24,true,-135,112
Dallas Mavericks,2017,25,false,271,-333
Dallas Mavericks,2017,26,false,233,-286
Dallas Mavericks,2017,27,false,268,-333
Dallas Mavericks,2017,28,true,206,-250
Dallas Mavericks,2017,29,false,415,-556
Dallas Mavericks,2017,30,false,206,-250
Dallas Mavericks,2017,31,false,-303,245
Dallas Mavericks,2017,32,true,-118,-101
Dallas Mavericks,2017,33,false,-122,102
Dallas Mavericks,2017,34,false,-118,-101
Dallas Mavericks,2017,35,true,202,-244
Dallas Mavericks,2017,36,true,145,-172
Dallas Mavericks,2017,37,true,222,-270
Dallas Mavericks,2017,38,true,258,-323
Dallas Mavericks,2017,39,false,285,-357
Dallas Mavericks,2017,40,false,-179,152
Dallas Mavericks,2017,41,false,-213,177
Dallas Mavericks,2017,42,true,-303,242
Dallas Mavericks,2017,43,true,225,-278
Dallas Mavericks,2017,44,false,-189,159
Dallas Mavericks,2017,45,false,204,-250
Dallas Mavericks,2017,46,false,179,-217
Dallas Mavericks,2017,47,true,110,-130
Dallas Mavericks,2017,48,false,227,-278
Dallas Mavericks,2017,49,false,100,-118
Dallas Mavericks,2017,50,false,281,-345
Dallas Mavericks,2017,51,false,112,-133
Dallas Mavericks,2017,52,false,-143,124
Dallas Mavericks,2017,53,true,-185,156
Dallas Mavericks,2017,54,false,213,-256
Dallas Mavericks,2017,55,false,836,-1429
Dallas Mavericks,2017,56,true,-154,129
Dallas Mavericks,2017,57,false,1008,-1667
Dallas Mavericks,2017,58,false,-294,235
Dallas Mavericks,2017,59,false,149,-175
Dallas Mavericks,2017,60,false,405,-556
Dallas Mavericks,2017,61,true,134,-159
Dallas Mavericks,2017,62,false,167,-200
Dallas Mavericks,2017,63,false,-133,112
Dallas Mavericks,2017,64,false,140,-167
Dallas Mavericks,2017,65,true,214,-263
Dallas Mavericks,2017,66,true,-476,370
Dallas Mavericks,2017,67,false,465,-625
Dallas Mavericks,2017,68,true,-108,-110
Dallas Mavericks,2017,69,false,519,-714
Dallas Mavericks,2017,70,false,154,-185
Dallas Mavericks,2017,71,false,240,-286
Dallas Mavericks,2017,72,false,313,-400
Dallas Mavericks,2017,73,false,122,-141
Dallas Mavericks,2017,74,true,122,-143
Dallas Mavericks,2017,75,false,317,-400
Dallas Mavericks,2017,76,false,210,-256
Dallas Mavericks,2017,77,false,507,-667
Dallas Mavericks,2017,78,true,261,-323
Dallas Mavericks,2017,79,false,110,-132
Dallas Mavericks,2017,80,false,243,-294
Dallas Mavericks,2017,81,false,846,-1429
Dallas Mavericks,2017,82,false,-143,122
Dallas Mavericks,2018,1,false,-139,119
Dallas Mavericks,2018,2,true,-123,104
Dallas Mavericks,2018,3,true,-208,174
Dallas Mavericks,2018,4,false,-125,106
Dallas Mavericks,2018,5,false,636,-909
Dallas Mavericks,2018,6,false,162,-192
Dallas Mavericks,2018,7,false,246,-303
Dallas Mavericks,2018,8,false,280,-357
Dallas Mavericks,2018,9,false,-238,195
Dallas Mavericks,2018,10,true,106,-127
Dallas Mavericks,2018,11,false,386,-500
Dallas Mavericks,2018,12,true,-122,102
Dallas Mavericks,2018,13,true,-139,118
Dallas Mavericks,2018,14,true,175,-208
Dallas Mavericks,2018,15,true,112,-132
Dallas Mavericks,2018,16,false,131,-156
Dallas Mavericks,2018,17,true,-213,177
Dallas Mavericks,2018,18,true,124,-147
Dallas Mavericks,2018,19,true,200,-244
Dallas Mavericks,2018,20,false,148,-175
Dallas Mavericks,2018,21,true,138,-161
Dallas Mavericks,2018,22,true,-120,102
Dallas Mavericks,2018,23,false,184,-222
Dallas Mavericks,2018,24,true,138,-164
Dallas Mavericks,2018,25,true,-192,163
Dallas Mavericks,2018,26,true,-500,384
Dallas Mavericks,2018,27,false,-238,198
Dallas Mavericks,2018,28,false,-189,160
Dallas Mavericks,2018,29,false,160,-189
Dallas Mavericks,2018,30,false,133,-156
Dallas Mavericks,2018,31,false,509,-714
Dallas Mavericks,2018,32,false,252,-312
Dallas Mavericks,2018,33,true,-132,110
Dallas Mavericks,2018,34,false,156,-185
Dallas Mavericks,2018,35,true,114,-135
Dallas Mavericks,2018,36,false,250,-312
Dallas Mavericks,2018,37,true,102,-120
Dallas Mavericks,2018,38,false,147,-172
Dallas Mavericks,2018,39,false,219,-263
Dallas Mavericks,2018,40,false,-312,257
Dallas Mavericks,2018,41,true,-667,491
Dallas Mavericks,2018,42,true,163,-196
Dallas Mavericks,2018,43,false,200,-244
Dallas Mavericks,2018,44,false,-119,100
Dallas Mavericks,2018,45,false,262,-323
Dallas Mavericks,2018,46,false,509,-714
Dallas Mavericks,2018,47,true,-147,125
Dallas Mavericks,2018,48,true,-200,166
Dallas Mavericks,2018,49,false,161,-192
Dallas Mavericks,2018,50,true,-303,239
Dallas Mavericks,2018,51,false,265,-333
Dallas Mavericks,2018,52,true,-217,181
Dallas Mavericks,2018,53,true,-233,190
Dallas Mavericks,2018,54,false,196,-238
Dallas Mavericks,2018,55,true,129,-156
Dallas Mavericks,2018,56,false,495,-667
Dallas Mavericks,2018,57,false,-154,131
Dallas Mavericks,2018,58,false,239,-294
Dallas Mavericks,2018,59,false,575,-833
Dallas Mavericks,2018,60,false,138,-161
Dallas Mavericks,2018,61,true,-102,-116
Dallas Mavericks,2018,62,false,-196,166
Dallas Mavericks,2018,63,false,191,-233
Dallas Mavericks,2018,64,false,187,-227
Dallas Mavericks,2018,65,false,234,-294
Dallas Mavericks,2018,66,false,324,-417
Dallas Mavericks,2018,67,false,135,-159
Dallas Mavericks,2018,68,false,548,-769
Dallas Mavericks,2018,69,true,-227,188
Dallas Mavericks,2018,70,false,-200,168
Dallas Mavericks,2018,71,false,408,-556
Dallas Mavericks,2018,72,false,332,-417
Dallas Mavericks,2018,73,true,784,-1250
Dallas Mavericks,2018,74,false,110,-132
Dallas Mavericks,2018,75,false,204,-250
Dallas Mavericks,2018,76,true,687,-1111
Dallas Mavericks,2018,77,true,167,-200
Dallas Mavericks,2018,78,false,-137,116
Dallas Mavericks,2018,79,false,-179,150
Dallas Mavericks,2018,80,true,-114,-104
Dallas Mavericks,2018,81,true,-385,309
Dallas Mavericks,2018,82,false,855,-1429
Dallas Mavericks,2019,1,true,-435,344
Dallas Mavericks,2019,2,true,110,-132
Dallas Mavericks,2019,3,false,-143,121
Dallas Mavericks,2019,4,true,184,-222
Dallas Mavericks,2019,5,false,-108,-110
Dallas Mavericks,2019,6,true,-217,179
Dallas Mavericks,2019,7,true,-294,239
Dallas Mavericks,2019,8,false,-667,474
Dallas Mavericks,2019,9,true,-233,189
Dallas Mavericks,2019,10,false,129,-152
Dallas Mavericks,2019,11,false,-333,263
Dallas Mavericks,2019,12,true,-185,156
Dallas Mavericks,2019,13,true,-196,166
Dallas Mavericks,2019,14,true,-1111,755
Dallas Mavericks,2019,15,true,-526,405
Dallas Mavericks,2019,16,true,186,-222
Dallas Mavericks,2019,17,false,102,-123
Dallas Mavericks,2019,18,true,-133,112
Dallas Mavericks,2019,19,true,221,-270
Dallas Mavericks,2019,20,true,-196,164
Dallas Mavericks,2019,21,true,-213,179
Dallas Mavericks,2019,22,true,-455,353
Dallas Mavericks,2019,23,false,-417,322
Dallas Mavericks,2019,24,true,-278,229
Dallas Mavericks,2019,25,false,-417,333
Dallas Mavericks,2019,26,true,488,-667
Dallas Mavericks,2019,27,false,102,-120
Dallas Mavericks,2019,28,true,316,-400
Dallas Mavericks,2019,29,false,100,-120
Dallas Mavericks,2019,30,true,-370,298
Dallas Mavericks,2019,31,true,-588,442
Dallas Mavericks,2019,32,false,173,-208
Dallas Mavericks,2019,33,false,-167,140
Dallas Mavericks,2019,34,true,-370,298
Dallas Mavericks,2019,35,false,-769,539
Dallas Mavericks,2019,36,true,-400,309
Dallas Mavericks,2019,37,false,-175,149
Dallas Mavericks,2019,38,false,-132,110
Dallas Mavericks,2019,39,true,-139,118
Dallas Mavericks,2019,40,true,-357,284
Dallas Mavericks,2019,41,true,-175,148
Dallas Mavericks,2019,42,true,-345,272
Dallas Mavericks,2019,43,false,-141,119
Dallas Mavericks,2019,44,true,-227,189
Dallas Mavericks,2019,45,false,170,-204
Dallas Mavericks,2019,46,true,-217,179
Dallas Mavericks,2019,47,false,-286,233
Dallas Mavericks,2019,48,false,275,-345
Dallas Mavericks,2019,49,true,-192,161
Dallas Mavericks,2019,50,true,175,-213
Dallas Mavericks,2019,51,false,-182,152
Dallas Mavericks,2019,52,false,-154,131
Dallas Mavericks,2019,53,true,-152,127
Dallas Mavericks,2019,54,false,-110,-108
Dallas Mavericks,2019,55,true,-385,303
Dallas Mavericks,2019,56,true,-175,150
Dallas Mavericks,2019,57,false,106,-127
Dallas Mavericks,2019,58,true,-1250,741
Dallas Mavericks,2019,59,true,-179,152
Dallas Mavericks,2019,60,false,119,-141
Dallas Mavericks,2019,61,true,-227,193
Dallas Mavericks,2019,62,false,-286,235
Dallas Mavericks,2019,63,true,-250,206
Dallas Mavericks,2019,64,true,-303,246
Dallas Mavericks,2019,65,false,-250,210
Dallas Mavericks,2019,66,false,-167,145
Dallas Mavericks,2019,67,true,121,-141
Dallas Mavericks,2019,68,false,100,-116
Dallas Mavericks,2019,69,false,-244,208
Dallas Mavericks,2019,70,true,-222,190
Dallas Mavericks,2019,71,false,152,-175
Dallas Mavericks,2019,72,true,196,-233
Dallas Mavericks,2019,73,true,191,-227
Dallas Mavericks,2019,74,false,122,-139
Dallas Mavericks,2019,75,false,304,-370
Dallas Mavericks,2020,1,false,100,-118
Dallas Mavericks,2020,2,false,222,-263
Dallas Mavericks,2020,3,true,131,-154
Dallas Mavericks,2020,4,false,-370,289
Dallas Mavericks,2020,5,true,106,-123
Dallas Mavericks,2020,6,false,-175,150
Dallas Mavericks,2020,7,true,143,-167
Dallas Mavericks,2020,8,true,119,-141
Dallas Mavericks,2020,9,true,-244,202
Dallas Mavericks,2020,10,true,-147,125
Dallas Mavericks,2020,11,false,254,-312
Dallas Mavericks,2020,12,false,-270,222
Dallas Mavericks,2020,13,false,140,-161
Dallas Mavericks,2020,14,true,-137,118
Dallas Mavericks,2020,15,true,-128,110
Dallas Mavericks,2020,16,false,-294,243
Dallas Mavericks,2020,17,false,114,-132
Dallas Mavericks,2020,18,false,110,-128
Dallas Mavericks,2020,19,false,145,-167
Dallas Mavericks,2020,20,false,-114,-103
Dallas Mavericks,2020,21,false,-132,112
Dallas Mavericks,2020,22,true,-127,110
Dallas Mavericks,2020,23,false,-175,152
Dallas Mavericks,2020,24,true,-182,156
Dallas Mavericks,2020,25,true,-500,382
Dallas Mavericks,2020,26,true,-164,141
Dallas Mavericks,2020,27,true,-145,125
Dallas Mavericks,2020,28,false,-217,187
Dallas Mavericks,2020,29,true,-182,154
Dallas Mavericks,2020,30,true,118,-137
Dallas Mavericks,2020,31,false,169,-196
Dallas Mavericks,2020,32,true,-109,-106
Dallas Mavericks,2020,33,true,-278,231
Dallas Mavericks,2020,34,true,-196,170
Dallas Mavericks,2020,35,true,-182,154
Dallas Mavericks,2020,36,false,-132,112
Dallas Mavericks,2020,37,true,-101,-115
Dallas Mavericks,2020,38,false,-102,-115
Dallas Mavericks,2020,39,true,116,-133
Dallas Mavericks,2020,40,false,-145,122
Dallas Mavericks,2020,41,true,-127,108
Dallas Mavericks,2020,42,true,-357,285
Dallas Mavericks,2020,43,false,102,-120
Dallas Mavericks,2020,44,false,181,-217
Dallas Mavericks,2020,45,true,-714,508
Dallas Mavericks,2020,46,true,-104,-112
Dallas Mavericks,2020,47,true,-208,175
Dallas Mavericks,2020,48,true,-233,194
Dallas Mavericks,2020,49,true,188,-222
Dallas Mavericks,2020,50,false,-556,415
Dallas Mavericks,2020,51,true,-141,120
Dallas Mavericks,2020,52,false,-244,206
Dallas Mavericks,2020,53,false,143,-164
Dallas Mavericks,2020,54,true,-149,127
Dallas Mavericks,2020,55,false,-263,217
Dallas Mavericks,2020,56,false,-357,294
Dallas Mavericks,2020,57,true,-625,461
Dallas Mavericks,2020,58,true,-152,129
Dallas Mavericks,2020,59,true,-127,108
Dallas Mavericks,2020,60,false,-256,214
Dallas Mavericks,2020,61,true,145,-169
Dallas Mavericks,2020,62,true,-312,254
Dallas Mavericks,2020,63,true,-189,162
Dallas Mavericks,2020,64,false,-278,231
Dallas Mavericks,2020,65,true,-109,-108
Dallas Mavericks,2020,66,true,125,-147
Dallas Mavericks,2020,67,true,-588,442
Dallas Mavericks,2020,68,true,-526,415
Dallas Mavericks,2020,69,false,-156,135
Dallas Mavericks,2020,70,true,-476,366
Dallas Mavericks,2020,71,true,-1429,911
Dallas Mavericks,2020,72,false,-270,225
Dallas Mavericks,2021,1,false,120,-139
Dallas Mavericks,2021,2,true,-182,158
Dallas Mavericks,2021,3,true,-625,480
Dallas Mavericks,2021,4,true,-256,217
Dallas Mavericks,2021,5,false,142,-161
Dallas Mavericks,2021,6,true,-179,154
Dallas Mavericks,2021,7,false,122,-143
Dallas Mavericks,2021,8,true,-128,110
Dallas Mavericks,2021,9,true,-159,137
Dallas Mavericks,2021,10,true,-417,337
Dallas Mavericks,2021,11,false,140,-164
Dallas Mavericks,2021,12,true,-141,120
Dallas Mavericks,2021,13,true,-208,177
Dallas Mavericks,2021,14,false,296,-370
Dallas Mavericks,2021,15,false,301,-370
Dallas Mavericks,2021,16,false,184,-217
Dallas Mavericks,2021,17,true,125,-147
Dallas Mavericks,2021,18,false,-256,215
Dallas Mavericks,2021,19,false,-270,224
Dallas Mavericks,2021,20,true,-175,150
Dallas Mavericks,2021,21,false,-294,242
Dallas Mavericks,2021,22,false,-104,-112
Dallas Mavericks,2021,23,false,106,-123
Dallas Mavericks,2021,24,true,102,-120
Dallas Mavericks,2021,25,false,110,-130
Dallas Mavericks,2021,26,true,-175,150
Dallas Mavericks,2021,27,true,-143,122
Dallas Mavericks,2021,28,false,129,-149
Dallas Mavericks,2021,29,false,141,-164
Dallas Mavericks,2021,30,true,114,-135
Dallas Mavericks,2021,31,false,146,-169
Dallas Mavericks,2021,32,false,676,-1000
Dallas Mavericks,2021,33,true,129,-149
Dallas Mavericks,2021,34,false,-111,-105
Dallas Mavericks,2021,35,true,-114,-103
Dallas Mavericks,2021,36,true,-526,408
Dallas Mavericks,2021,37,true,-145,125
Dallas Mavericks,2021,38,true,159,-185
Dallas Mavericks,2021,39,true,-149,127
Dallas Mavericks,2021,40,true,-128,110
Dallas Mavericks,2021,41,false,-141,122
Dallas Mavericks,2021,42,true,119,-137
Dallas Mavericks,2021,43,true,-667,495
Dallas Mavericks,2021,44,true,-714,518
Dallas Mavericks,2021,45,true,-185,156
Dallas Mavericks,2021,46,false,114,-133
Dallas Mavericks,2021,47,true,-169,146
Dallas Mavericks,2021,48,false,140,-161
Dallas Mavericks,2021,49,true,-192,164
Dallas Mavericks,2021,50,true,-526,403
Dallas Mavericks,2021,51,false,-196,168
Dallas Mavericks,2021,52,false,-833,589
Dallas Mavericks,2021,53,true,-102,-114
Dallas Mavericks,2021,54,true,-106,-109
Dallas Mavericks,2021,55,true,-588,457
Dallas Mavericks,2021,56,true,-244,204
Dallas Mavericks,2021,57,false,-270,224
Dallas Mavericks,2021,58,true,173,-200
Dallas Mavericks,2021,59,true,-139,119
Dallas Mavericks,2021,60,false,200,-238
Dallas Mavericks,2021,61,true,142,-164
Dallas Mavericks,2021,62,true,-189,161
Dallas Mavericks,2021,63,true,-118,102
Dallas Mavericks,2021,64,true,-189,162
Dallas Mavericks,2021,65,true,-103,-114
Dallas Mavericks,2021,66,false,-400,320
Dallas Mavericks,2021,67,true,-588,437
Dallas Mavericks,2021,68,true,227,-270
Dallas Mavericks,2021,69,true,-143,124
Dallas Mavericks,2021,70,false,147,-169
Dallas Mavericks,2021,71,false,120,-139
Dallas Mavericks,2021,72,true,-115,100
Dallas Mavericks,2021,73,true,-500,397
Dallas Mavericks,2021,74,false,148,-172
Dallas Mavericks,2021,75,true,-135,118
Dallas Mavericks,2021,76,true,-769,540
Dallas Mavericks,2021,77,true,-127,110
Dallas Mavericks,2021,78,false,-323,265
Dallas Mavericks,2021,79,true,223,-263
Dallas Mavericks,2021,80,true,-400,324
Dallas Mavericks,2021,81,true,-3333,1534
Dallas Mavericks,2021,82,true,-556,428
Dallas Mavericks,2022,1,false,150,-182
Dallas Mavericks,2022,2,true,-222,181
Dallas Mavericks,2022,3,false,-217,177
Dallas Mavericks,2022,4,true,-141,119
Dallas Mavericks,2022,5,false,-556,405
Dallas Mavericks,2022,6,true,-455,338
Dallas Mavericks,2022,7,true,-250,206
Dallas Mavericks,2022,8,true,-179,150
Dallas Mavericks,2022,9,true,-233,188
Dallas Mavericks,2022,10,false,-370,293
Dallas Mavericks,2022,11,false,-233,191
Dallas Mavericks,2022,12,true,-256,206
Dallas Mavericks,2022,13,true,-263,213
Dallas Mavericks,2022,14,false,-263,218
Dallas Mavericks,2022,15,true,-500,363
Dallas Mavericks,2022,16,false,-526,387
Dallas Mavericks,2022,17,false,181,-222
Dallas Mavericks,2022,18,false,-145,121
Dallas Mavericks,2022,19,false,188,-233
Dallas Mavericks,2022,20,true,-111,-108
Dallas Mavericks,2022,21,false,-333,268
Dallas Mavericks,2022,22,true,-118,-102
Dallas Mavericks,2022,23,true,-159,131
Dallas Mavericks,2022,24,true,152,-182
Dallas Mavericks,2022,25,false,-105,-114
Dallas Mavericks,2022,26,false,162,-196
Dallas Mavericks,2022,27,true,-357,280
Dallas Mavericks,2022,28,false,-137,117
Dallas Mavericks,2022,29,true,-179,150
Dallas Mavericks,2022,30,false,300,-385
Dallas Mavericks,2022,31,false,-227,187
Dallas Mavericks,2022,32,true,-135,114
Dallas Mavericks,2022,33,true,-270,219
Dallas Mavericks,2022,34,true,-303,242
Dallas Mavericks,2022,35,true,-217,177
Dallas Mavericks,2022,36,true,-455,349
Dallas Mavericks,2022,37,true,-294,231
Dallas Mavericks,2022,38,true,-278,225
Dallas Mavericks,2022,39,false,127,-154
Dallas Mavericks,2022,40,true,-385,296
Dallas Mavericks,2022,41,false,150,-179
Dallas Mavericks,2022,42,false,-103,-116
Dallas Mavericks,2022,43,true,-139,118
Dallas Mavericks,2022,44,false,138,-161
Dallas Mavericks,2022,45,false,301,-385
Dallas Mavericks,2022,46,false,-141,119
Dallas Mavericks,2022,47,true,110,-130
Dallas Mavericks,2022,48,false,-128,108
Dallas Mavericks,2022,49,false,-270,220
Dallas Mavericks,2022,50,true,100,-119
Dallas Mavericks,2022,51,false,234,-294
Dallas Mavericks,2022,52,true,-500,373
Dallas Mavericks,2022,53,true,-192,164
Dallas Mavericks,2022,54,false,397,-526
Dallas Mavericks,2022,55,true,344,-455
Dallas Mavericks,2022,56,true,265,-323
Dallas Mavericks,2022,57,true,159,-185
Dallas Mavericks,2022,58,false,-122,104
Dallas Mavericks,2022,59,false,-233,193
Dallas Mavericks,2022,60,false,196,-233
Dallas Mavericks,2022,61,true,-1111,689
Dallas Mavericks,2022,62,false,-182,156
Dallas Mavericks,2022,63,false,-345,278
Dallas Mavericks,2022,64,true,-152,127
Dallas Mavericks,2022,65,false,110,-130
Dallas Mavericks,2022,66,true,-588,430
Dallas Mavericks,2022,67,false,-139,117
Dallas Mavericks,2022,68,false,256,-323
Dallas Mavericks,2022,69,false,154,-185
Dallas Mavericks,2022,70,true,-172,145
Dallas Mavericks,2022,71,true,145,-169
Dallas Mavericks,2022,72,false,154,-182
Dallas Mavericks,2022,73,false,136,-159
Dallas Mavericks,2022,74,false,-1429,785
Dallas Mavericks,2022,75,false,-769,519
Dallas Mavericks,2022,76,true,-278,231
Dallas Mavericks,2022,77,false,200,-238
Dallas Mavericks,2022,78,false,-139,118
Dallas Mavericks,2022,79,false,131,-154
Dallas Mavericks,2022,80,true,-238,196
Dallas Mavericks,2022,81,false,-128,110
Dallas Mavericks,2022,82,false,-164,142
Dallas Mavericks,2023,1,true,-189,160
Dallas Mavericks,2023,2,true,-233,193
Dallas Mavericks,2023,3,true,-102,-114
Dallas Mavericks,2023,4,true,-161,136
Dallas Mavericks,2023,5,false,192,-233
Dallas Mavericks,2023,6,true,-588,429
Dallas Mavericks,2023,7,true,-111,-106
Dallas Mavericks,2023,8,false,-172,147
Dallas Mavericks,2023,9,true,-118,100
Dallas Mavericks,2023,10,true,-159,138
Dallas Mavericks,2023,11,false,-159,136
Dallas Mavericks,2023,12,true,-175,150
Dallas Mavericks,2023,13,false,108,-127
Dallas Mavericks,2023,14,false,-122,102
Dallas Mavericks,2023,15,true,-110,-108
Dallas Mavericks,2023,16,false,104,-122
Dallas Mavericks,2023,17,true,-172,147
Dallas Mavericks,2023,18,false,-233,192
Dallas Mavericks,2023,19,false,161,-189
Dallas Mavericks,2023,20,true,-625,444
Dallas Mavericks,2023,21,true,-476,363
Dallas Mavericks,2023,22,true,-119,100
Dallas Mavericks,2023,23,true,124,-145
Dallas Mavericks,2023,24,false,106,-125
Dallas Mavericks,2023,25,true,-192,162
Dallas Mavericks,2023,26,false,270,-333
Dallas Mavericks,2023,27,false,108,-128
Dallas Mavericks,2023,28,false,274,-345
Dallas Mavericks,2023,29,true,-345,273
Dallas Mavericks,2023,30,true,152,-185
Dallas Mavericks,2023,31,false,-244,200
Dallas Mavericks,2023,32,false,513,-769
Dallas Mavericks,2023,33,true,147,-172
Dallas Mavericks,2023,34,false,-179,152
Dallas Mavericks,2023,35,true,-556,419
Dallas Mavericks,2023,36,true,-303,245
Dallas Mavericks,2023,37,true,112,-132
Dallas Mavericks,2023,38,false,-455,342
Dallas Mavericks,2023,39,true,164,-196
Dallas Mavericks,2023,40,false,-213,177
Dallas Mavericks,2023,41,true,163,-192
Dallas Mavericks,2023,42,false,129,-152
Dallas Mavericks,2023,43,false,120,-139
Dallas Mavericks,2023,44,false,114,-133
Dallas Mavericks,2023,45,true,112,-132
Dallas Mavericks,2023,46,false,147,-172
Dallas Mavericks,2023,47,true,-172,145
Dallas Mavericks,2023,48,false,599,-833
Dallas Mavericks,2023,49,false,141,-167
Dallas Mavericks,2023,50,true,-143,123
Dallas Mavericks,2023,51,true,-145,124
Dallas Mavericks,2023,52,true,-233,191
Dallas Mavericks,2023,53,true,100,-119
Dallas Mavericks,2023,54,true,-714,514
Dallas Mavericks,2023,55,true,-625,434
Dallas Mavericks,2023,56,true,-133,114
Dallas Mavericks,2023,57,false,-130,110
Dallas Mavericks,2023,58,false,143,-167
Dallas Mavericks,2023,59,true,-164,140
Dallas Mavericks,2023,60,false,307,-385
Dallas Mavericks,2023,61,false,-312,254
Dallas Mavericks,2023,62,false,-217,179
Dallas Mavericks,2023,63,true,-192,160
Dallas Mavericks,2023,64,true,-357,299
Dallas Mavericks,2023,65,true,-159,136
Dallas Mavericks,2023,66,true,-357,288
Dallas Mavericks,2023,67,false,351,-455
Dallas Mavericks,2023,68,true,-102,-115
Dallas Mavericks,2023,69,true,-385,309
Dallas Mavericks,2023,70,true,-1111,691
Dallas Mavericks,2023,71,true,-323,266
Dallas Mavericks,2023,72,true,-103,-114
Dallas Mavericks,2023,73,true,-116,-101
Dallas Mavericks,2023,74,true,-159,137
Dallas Mavericks,2023,75,false,-110,-106
Dallas Mavericks,2023,76,true,-714,499
Dallas Mavericks,2023,77,true,-111,-109
Dallas Mavericks,2023,78,true,-417,319
Dallas Mavericks,2023,79,true,-769,532
Dallas Mavericks,2023,80,true,-141,122
Dallas Mavericks,2023,81,false,-625,445
Dallas Mavericks,2023,82,false,1039,-2000
Dallas Mavericks,2024,1,true,-385,297
Dallas Mavericks,2024,2,false,-167,140
Dallas Mavericks,2024,3,true,-714,498
Dallas Mavericks,2024,4,true,149,-179
Dallas Mavericks,2024,5,false,-263,210
Dallas Mavericks,2024,6,true,-278,220
Dallas Mavericks,2024,7,false,-189,159
Dallas Mavericks,2024,8,true,-500,376
Dallas Mavericks,2024,9,false,-141,119
Dallas Mavericks,2024,10,false,110,-132
Dallas Mavericks,2024,11,false,122,-147
Dallas Mavericks,2024,12,false,-333,258
Dallas Mavericks,2024,13,true,-909,583
Dallas Mavericks,2024,14,true,235,-303
Dallas Mavericks,2024,15,true,-909,609
Dallas Mavericks,2024,16,true,163,-200
Dallas Mavericks,2024,17,false,121,-143
Dallas Mavericks,2024,18,true,119,-141
Dallas Mavericks,2024,19,true,146,-175
Dallas Mavericks,2024,20,true,-244,197
Dallas Mavericks,2024,21,true,-208,173
Dallas Mavericks,2024,22,true,-196,162
Dallas Mavericks,2024,23,true,-1000,649
Dallas Mavericks,2024,24,true,-345,270
Dallas Mavericks,2024,25,true,-110,-109
Dallas Mavericks,2024,26,false,-111,-108
Dallas Mavericks,2024,27,true,-161,136
Dallas Mavericks,2024,28,true,-833,561
Dallas Mavericks,2024,29,false,-204,170
Dallas Mavericks,2024,30,true,-104,-115
Dallas Mavericks,2024,31,false,-164,138
Dallas Mavericks,2024,32,false,260,-333
Dallas Mavericks,2024,33,false,163,-196
Dallas Mavericks,2024,34,false,320,-417
Dallas Mavericks,2024,35,false,152,-185
Dallas Mavericks,2024,36,true,206,-250
Dallas Mavericks,2024,37,true,-312,245
Dallas Mavericks,2024,38,false,188,-233
Dallas Mavericks,2024,39,false,114,-137
Dallas Mavericks,2024,40,false,-103,-116
Dallas Mavericks,2024,41,true,127,-149
Dallas Mavericks,2024,42,false,-179,150
Dallas Mavericks,2024,43,false,142,-167
Dallas Mavericks,2024,44,true,465,-667
Dallas Mavericks,2024,45,false,296,-385
Dallas Mavericks,2024,46,true,-833,571
Dallas Mavericks,2024,47,true,-114,-105
Dallas Mavericks,2024,48,false,-118,-102
Dallas Mavericks,2024,49,false,802,-1429
Dallas Mavericks,2024,50,false,149,-179
Dallas Mavericks,2024,51,true,556,-769
Dallas Mavericks,2024,52,true,-154,129
Dallas Mavericks,2024,53,false,102,-120
Dallas Mavericks,2024,54,true,257,-323
Dallas Mavericks,2024,55,true,125,-149
Dallas Mavericks,2024,56,true,-222,184
Dallas Mavericks,2024,57,false,316,-400
Dallas Mavericks,2024,58,false,311,-400
Dallas Mavericks,2024,59,true,-588,415
Dallas Mavericks,2024,60,false,125,-147
Dallas Mavericks,2024,61,false,110,-130
Dallas Mavericks,2024,62,false,483,-667
Dallas Mavericks,2024,63,false,344,-455
Dallas Mavericks,2024,64,false,221,-270
Dallas Mavericks,2024,65,true,218,-270
Dallas Mavericks,2024,66,false,191,-233
Dallas Mavericks,2024,67,false,476,-667
Dallas Mavericks,2024,68,false,-256,214
Dallas Mavericks,2024,69,false,390,-526
Dallas Mavericks,2024,70,true,320,-417
Dallas Mavericks,2024,71,true,-154,129
Dallas Mavericks,2024,72,false,432,-588
Dallas Mavericks,2024,73,true,208,-256
Dallas Mavericks,2024,74,true,122,-145
Dallas Mavericks,2024,75,false,-476,345
Dallas Mavericks,2024,76,true,-161,136
Dallas Mavericks,2024,77,false,470,-667
Dallas Mavericks,2024,78,false,309,-400
Dallas Mavericks,2024,79,false,166,-204
Dallas Mavericks,2024,80,true,-588,420
Dallas Mavericks,2024,81,false,-128,108
Dallas Mavericks,2025,1,false,-159,135
Dallas Mavericks,2025,2,false,-417,340
Dallas Mavericks,2025,3,true,-102,-115
Dallas Mavericks,2025,4,false,300,-385
Dallas Mavericks,2025,5,true,-238,195
Dallas Mavericks,2025,6,false,240,-294
Dallas Mavericks,2025,7,false,475,-667
Dallas Mavericks,2025,8,false,-312,260
Dallas Mavericks,2025,9,false,150,-179
Dallas Mavericks,2025,10,true,-179,150
Dallas Mavericks,2025,11,false,135,-159
Dallas Mavericks,2025,12,false,114,-133
Dallas Mavericks,2025,13,false,135,-154
Dallas Mavericks,2025,14,true,135,-159
Dallas Mavericks,2025,15,false,650,-909
Dallas Mavericks,2025,16,false,290,-357
Dallas Mavericks,2025,17,true,-159,135
Dallas Mavericks,2025,18,false,-110,-105
Dallas Mavericks,2025,19,false,229,-278
Dallas Mavericks,2025,20,false,350,-417
Dallas Mavericks,2025,21,true,309,-370
Dallas Mavericks,2025,22,true,400,-526
Dallas Mavericks,2025,23,true,158,-185
Dallas Mavericks,2025,24,false,800,-1111
Dallas Mavericks,2025,25,true,220,-250
Dallas Mavericks,2025,26,true,-294,245
Dallas Mavericks,2025,27,false,-112,100
Dallas Mavericks,2025,28,true,185,-222
Dallas Mavericks,2025,29,false,100,-116
Dallas Mavericks,2025,30,false,-115,-102
Dallas Mavericks,2025,31,true,204,-238
Dallas Mavericks,2025,32,false,290,-323
Dallas Mavericks,2025,33,false,-143,125
Dallas Mavericks,2025,34,false,120,-139
Dallas Mavericks,2025,35,false,114,-133
Dallas Mavericks,2025,36,true,280,-312
Dallas Mavericks,2025,37,true,-192,175
Dallas Mavericks,2025,38,false,-189,160
Dallas Mavericks,2025,39,false,145,-164
Dallas Mavericks,2025,40,true,-154,129
Dallas Mavericks,2025,41,false,-115,100
Dallas Mavericks,2025,42,true,-139,120
Dallas Mavericks,2025,43,true,-152,129
Dallas Mavericks,2025,44,true,459,-526
Dallas Mavericks,2025,45,true,204,-250
Dallas Mavericks,2025,46,false,152,-169
Dallas Mavericks,2025,47,false,260,-323
Dallas Mavericks,2025,48,false,127,-149
Dallas Mavericks,2025,49,false,333,-385
Dallas Mavericks,2025,50,false,220,-250
Dallas Mavericks,2025,51,false,260,-312
Dallas Mavericks,2025,52,false,359,-455
Dallas Mavericks,2025,53,false,270,-294
Dallas Mavericks,2025,54,false,210,-250
Dallas Mavericks,2025,55,false,500,-667
Dallas Mavericks,2025,56,true,-115,-102
Dallas Mavericks,2025,57,true,-123,106
Dallas Mavericks,2025,58,false,-323,260
Dallas Mavericks,2025,59,false,-189,164
Dallas Mavericks,2025,60,false,750,-1250
Dallas Mavericks,2025,61,false,530,-714
Dallas Mavericks,2025,62,false,270,-323
Dallas Mavericks,2025,63,false,750,-1111
Dallas Mavericks,2025,64,false,320,-385
Dallas Mavericks,2025,65,false,340,-417
Dallas Mavericks,2025,66,true,-222,184
Dallas Mavericks,2025,67,false,520,-714
Dallas Mavericks,2025,68,true,750,-1250
Dallas Mavericks,2025,69,false,270,-333
Dallas Mavericks,2025,70,false,270,-333
Dallas Mavericks,2025,71,false,225,-256
Dallas Mavericks,2025,72,false,120,-130
Dallas Mavericks,2025,73,false,450,-526
Dallas Mavericks,2025,74,true,380,-500
Dallas Mavericks,2025,75,false,280,-333
Dallas Mavericks,2025,76,false,-135,120
Dallas Mavericks,2025,77,false,220,-256
Dallas Mavericks,2025,78,true,104,-118
Dallas Mavericks,2025,79,false,475,-625
Dallas Mavericks,2025,80,false,530,-667
Dallas Mavericks,2025,81,false,1200,-2000
Dallas Mavericks,2025,82,true,-200,172
Denver Nuggets,2016,1,true,104,-123
Denver Nuggets,2016,2,false,100,-118
Denver Nuggets,2016,3,false,244,-303
Denver Nuggets,2016,4,true,137,-161
Denver Nuggets,2016,5,false,168,-204
Denver Nuggets,2016,6,true,248,-303
Denver Nuggets,2016,7,false,146,-172
Denver Nuggets,2016,8,false,237,-294
Denver Nuggets,2016,9,false,-213,177
Denver Nuggets,2016,10,false,267,-333
Denver Nuggets,2016,11,true,-192,163
Denver Nuggets,2016,12,false,145,-169
Denver Nuggets,2016,13,true,-167,143
Denver Nuggets,2016,14,true,106,-127
Denver Nuggets,2016,15,false,276,-357
Denver Nuggets,2016,16,false,122,-143
Denver Nuggets,2016,17,true,112,-132
Denver Nuggets,2016,18,false,-256,212
Denver Nuggets,2016,19,false,-159,135
Denver Nuggets,2016,20,false,248,-312
Denver Nuggets,2016,21,true,-185,156
Denver Nuggets,2016,22,false,-189,159
Denver Nuggets,2016,23,false,189,-227
Denver Nuggets,2016,24,true,-127,106
Denver Nuggets,2016,25,false,-141,120
Denver Nuggets,2016,26,true,-147,125
Denver Nuggets,2016,27,true,-179,149
Denver Nuggets,2016,28,true,-370,290
Denver Nuggets,2016,29,false,287,-357
Denver Nuggets,2016,30,false,-217,181
Denver Nuggets,2016,31,true,-182,154
Denver Nuggets,2016,32,true,-179,152
Denver Nuggets,2016,33,false,-588,447
Denver Nuggets,2016,34,false,1121,-2000
Denver Nuggets,2016,35,false,-164,140
Denver Nuggets,2016,36,false,261,-323
Denver Nuggets,2016,37,false,281,-357
Denver Nuggets,2016,38,true,163,-192
Denver Nuggets,2016,39,true,-217,181
Denver Nuggets,2016,40,true,-109,-110
Denver Nuggets,2016,41,false,662,-1000
Denver Nuggets,2016,42,true,-208,174
Denver Nuggets,2016,43,false,145,-169
Denver Nuggets,2016,44,true,-132,110
Denver Nuggets,2016,45,true,-256,215
Denver Nuggets,2016,46,true,135,-156
Denver Nuggets,2016,47,false,-112,-105
Denver Nuggets,2016,48,false,150,-175
Denver Nuggets,2016,49,true,-156,134
Denver Nuggets,2016,50,false,718,-1111
Denver Nuggets,2016,51,true,-154,129
Denver Nuggets,2016,52,false,144,-169
Denver Nuggets,2016,53,true,110,-132
Denver Nuggets,2016,54,false,588,-833
Denver Nuggets,2016,55,true,612,-909
Denver Nuggets,2016,56,false,-244,208
Denver Nuggets,2016,57,false,-256,214
Denver Nuggets,2016,58,true,-526,404
Denver Nuggets,2016,59,false,-128,108
Denver Nuggets,2016,60,true,120,-141
Denver Nuggets,2016,61,true,154,-182
Denver Nuggets,2016,62,false,-227,188
Denver Nuggets,2016,63,true,-667,501
Denver Nuggets,2016,64,false,108,-127
Denver Nuggets,2016,65,true,114,-137
Denver Nuggets,2016,66,true,-208,174
Denver Nuggets,2016,67,true,-1111,719
Denver Nuggets,2016,68,true,-213,179
Denver Nuggets,2016,69,false,110,-132
Denver Nuggets,2016,70,false,300,-385
Denver Nuggets,2016,71,true,117,-139
Denver Nuggets,2016,72,true,106,-125
Denver Nuggets,2016,73,false,-345,272
Denver Nuggets,2016,74,false,112,-132
Denver Nuggets,2016,75,false,117,-139
Denver Nuggets,2016,76,true,140,-164
Denver Nuggets,2016,77,true,134,-156
Denver Nuggets,2016,78,false,273,-345
Denver Nuggets,2016,79,true,-312,252
Denver Nuggets,2016,80,false,-200,168
Denver Nuggets,2016,81,true,117,-139
Denver Nuggets,2016,82,true,198,-238
Denver Nuggets,2017,1,false,118,-139
Denver Nuggets,2017,2,true,-833,573
Denver Nuggets,2017,3,false,-200,167
Denver Nuggets,2017,4,false,-139,117
Denver Nuggets,2017,5,true,-286,231
Denver Nuggets,2017,6,true,-208,172
Denver Nuggets,2017,7,false,-179,152
Denver Nuggets,2017,8,true,-127,108
Denver Nuggets,2017,9,true,-227,187
Denver Nuggets,2017,10,false,308,-400
Denver Nuggets,2017,11,true,-833,572
Denver Nuggets,2017,12,true,110,-128
Denver Nuggets,2017,13,true,-370,292
Denver Nuggets,2017,14,false,110,-130
Denver Nuggets,2017,15,true,-185,156
Denver Nuggets,2017,16,false,-204,171
Denver Nuggets,2017,17,true,-204,172
Denver Nuggets,2017,18,false,321,-417
Denver Nuggets,2017,19,true,-244,202
Denver Nuggets,2017,20,false,-111,-106
Denver Nuggets,2017,21,true,-625,468
Denver Nuggets,2017,22,true,-167,144
Denver Nuggets,2017,23,false,112,-135
Denver Nuggets,2017,24,false,181,-222
Denver Nuggets,2017,25,true,106,-125
Denver Nuggets,2017,26,false,175,-213
Denver Nuggets,2017,27,true,214,-256
Denver Nuggets,2017,28,false,202,-244
Denver Nuggets,2017,29,true,-123,104
Denver Nuggets,2017,30,false,172,-208
Denver Nuggets,2017,31,false,-114,-104
Denver Nuggets,2017,32,true,-122,104
Denver Nuggets,2017,33,true,295,-370
Denver Nuggets,2017,34,true,-238,200
Denver Nuggets,2017,35,false,175,-208
Denver Nuggets,2017,36,false,-286,231
Denver Nuggets,2017,37,true,-833,573
Denver Nuggets,2017,38,true,-270,224
Denver Nuggets,2017,39,false,-345,276
Denver Nuggets,2017,40,false,440,-588
Denver Nuggets,2017,41,false,-455,353
Denver Nuggets,2017,42,true,-270,222
Denver Nuggets,2017,43,false,260,-323
Denver Nuggets,2017,44,true,-250,204
Denver Nuggets,2017,45,false,150,-179
Denver Nuggets,2017,46,false,-455,355
Denver Nuggets,2017,47,true,-156,131
Denver Nuggets,2017,48,true,-286,233
Denver Nuggets,2017,49,true,-345,281
Denver Nuggets,2017,50,false,-125,104
Denver Nuggets,2017,51,false,233,-278
Denver Nuggets,2017,52,true,106,-125
Denver Nuggets,2017,53,true,172,-208
Denver Nuggets,2017,54,true,-179,150
Denver Nuggets,2017,55,false,322,-417
Denver Nuggets,2017,56,true,-312,254
Denver Nuggets,2017,57,true,-270,222
Denver Nuggets,2017,58,true,116,-137
Denver Nuggets,2017,59,true,-167,143
Denver Nuggets,2017,60,false,162,-192
Denver Nuggets,2017,61,false,-217,179
Denver Nuggets,2017,62,true,-417,325
Denver Nuggets,2017,63,true,152,-182
Denver Nuggets,2017,64,false,-263,214
Denver Nuggets,2017,65,false,-156,133
Denver Nuggets,2017,66,true,-286,234
Denver Nuggets,2017,67,true,-909,611
Denver Nuggets,2017,68,false,-132,110
Denver Nuggets,2017,69,true,-417,324
Denver Nuggets,2017,70,false,-312,250
Denver Nuggets,2017,71,false,104,-123
Denver Nuggets,2017,72,true,-476,376
Denver Nuggets,2017,73,true,102,-122
Denver Nuggets,2017,74,false,179,-213
Denver Nuggets,2017,75,false,318,-400
Denver Nuggets,2017,76,true,150,-175
Denver Nuggets,2017,77,true,-227,188
Denver Nuggets,2017,78,true,-189,161
Denver Nuggets,2017,79,true,-192,163
Denver Nuggets,2017,80,true,-159,134
Denver Nuggets,2017,81,true,-196,164
Denver Nuggets,2017,82,false,143,-167
Denver Nuggets,2018,1,true,-132,112
Denver Nuggets,2018,2,true,-588,440
Denver Nuggets,2018,3,true,167,-196
Denver Nuggets,2018,4,true,-833,584
Denver Nuggets,2018,5,false,-120,100
Denver Nuggets,2018,6,true,-476,371
Denver Nuggets,2018,7,true,-370,300
Denver Nuggets,2018,8,true,-217,179
Denver Nuggets,2018,9,true,-196,164
Denver Nuggets,2018,10,true,-120,102
Denver Nuggets,2018,11,false,-167,141
Denver Nuggets,2018,12,false,-435,343
Denver Nuggets,2018,13,false,-164,140
Denver Nuggets,2018,14,false,-182,150
Denver Nuggets,2018,15,true,-1250,810
Denver Nuggets,2018,16,false,-109,-109
Denver Nuggets,2018,17,false,192,-233
Denver Nuggets,2018,18,true,-106,-110
Denver Nuggets,2018,19,true,-385,303
Denver Nuggets,2018,20,true,202,-244
Denver Nuggets,2018,21,true,-149,127
Denver Nuggets,2018,22,true,-101,-118
Denver Nuggets,2018,23,true,239,-294
Denver Nuggets,2018,24,true,-192,160
Denver Nuggets,2018,25,false,-102,-116
Denver Nuggets,2018,26,false,-238,195
Denver Nuggets,2018,27,true,-154,131
Denver Nuggets,2018,28,true,110,-130
Denver Nuggets,2018,29,true,-147,125
Denver Nuggets,2018,30,true,-189,160
Denver Nuggets,2018,31,false,112,-133
Denver Nuggets,2018,32,false,150,-179
Denver Nuggets,2018,33,true,-189,159
Denver Nuggets,2018,34,true,-192,160
Denver Nuggets,2018,35,true,-1250,768
Denver Nuggets,2018,36,true,-167,141
Denver Nuggets,2018,37,true,-435,348
Denver Nuggets,2018,38,false,-105,-114
Denver Nuggets,2018,39,true,110,-132
Denver Nuggets,2018,40,true,-222,181
Denver Nuggets,2018,41,false,-435,337
Denver Nuggets,2018,42,true,-185,156
Denver Nuggets,2018,43,false,116,-135
Denver Nuggets,2018,44,true,-1667,927
Denver Nuggets,2018,45,true,-5000,1494
Denver Nuggets,2018,46,false,152,-182
Denver Nuggets,2018,47,true,-2000,1072
Denver Nuggets,2018,48,true,-588,442
Denver Nuggets,2018,49,true,-233,191
Denver Nuggets,2018,50,true,-455,351
Denver Nuggets,2018,51,true,-159,134
Denver Nuggets,2018,52,true,100,-119
Denver Nuggets,2018,53,false,-137,114
Denver Nuggets,2018,54,false,-159,133
Denver Nuggets,2018,55,false,197,-238
Denver Nuggets,2018,56,true,-476,375
Denver Nuggets,2018,57,true,-312,252
Denver Nuggets,2018,58,true,-294,239
Denver Nuggets,2018,59,true,-476,366
Denver Nuggets,2018,60,true,-161,136
Denver Nuggets,2018,61,false,-312,252
Denver Nuggets,2018,62,false,-1250,791
Denver Nuggets,2018,63,false,100,-120
Denver Nuggets,2018,64,true,-208,173
Denver Nuggets,2018,65,false,224,-270
Denver Nuggets,2018,66,true,-588,433
Denver Nuggets,2018,67,true,-769,548
Denver Nuggets,2018,68,true,-286,231
Denver Nuggets,2018,69,true,146,-172
Denver Nuggets,2018,70,true,-400,309
Denver Nuggets,2018,71,true,-769,543
Denver Nuggets,2018,72,false,-120,102
Denver Nuggets,2018,73,true,-333,269
Denver Nuggets,2018,74,false,200,-244
Denver Nuggets,2018,75,true,160,-189
Denver Nuggets,2018,76,false,-667,470
Denver Nuggets,2018,77,false,318,-400
Denver Nuggets,2018,78,true,-200,170
Denver Nuggets,2018,79,true,-250,206
Denver Nuggets,2018,80,false,309,-400
Denver Nuggets,2018,81,false,106,-127
Denver Nuggets,2018,82,true,-1000,644
Denver Nuggets,2019,1,true,-119,100
Denver Nuggets,2019,2,true,-833,578
Denver Nuggets,2019,3,true,-208,172
Denver Nuggets,2019,4,false,-222,184
Denver Nuggets,2019,5,false,-167,141
Denver Nuggets,2019,6,true,-172,144
Denver Nuggets,2019,7,true,-204,172
Denver Nuggets,2019,8,true,-208,177
Denver Nuggets,2019,9,true,-172,144
Denver Nuggets,2019,10,false,-625,455
Denver Nuggets,2019,11,true,-333,272
Denver Nuggets,2019,12,true,-256,209
Denver Nuggets,2019,13,true,-118,-101
Denver Nuggets,2019,14,true,-217,179
Denver Nuggets,2019,15,true,-667,478
Denver Nuggets,2019,16,true,-526,407
Denver Nuggets,2019,17,false,-175,147
Denver Nuggets,2019,18,false,-135,114
Denver Nuggets,2019,19,true,-400,317
Denver Nuggets,2019,20,false,139,-164
Denver Nuggets,2019,21,false,-185,156
Denver Nuggets,2019,22,false,181,-222
Denver Nuggets,2019,23,true,-323,256
Denver Nuggets,2019,24,true,-250,206
Denver Nuggets,2019,25,true,-588,432
Denver Nuggets,2019,26,true,-455,353
Denver Nuggets,2019,27,true,-667,469
Denver Nuggets,2019,28,true,114,-135
Denver Nuggets,2019,29,true,-141,119
Denver Nuggets,2019,30,false,-455,347
Denver Nuggets,2019,31,true,-455,353
Denver Nuggets,2019,32,true,-345,277
Denver Nuggets,2019,33,false,204,-244
Denver Nuggets,2019,34,true,-112,-106
Denver Nuggets,2019,35,false,-1000,652
Denver Nuggets,2019,36,true,-312,250
Denver Nuggets,2019,37,true,149,-175
Denver Nuggets,2019,38,false,-909,633
Denver Nuggets,2019,39,true,-108,-110
Denver Nuggets,2019,40,true,-769,527
Denver Nuggets,2019,41,true,-164,139
Denver Nuggets,2019,42,false,-106,-111
Denver Nuggets,2019,43,true,140,-164
Denver Nuggets,2019,44,false,412,-526
Denver Nuggets,2019,45,true,147,-172
Denver Nuggets,2019,46,true,-141,120
Denver Nuggets,2019,47,false,-106,-112
Denver Nuggets,2019,48,true,121,-143
Denver Nuggets,2019,49,true,628,-909
Denver Nuggets,2019,50,false,-141,119
Denver Nuggets,2019,51,true,-185,154
Denver Nuggets,2019,52,true,382,-500
Denver Nuggets,2019,53,true,-159,135
Denver Nuggets,2019,54,true,-278,229
Denver Nuggets,2019,55,false,127,-152
Denver Nuggets,2019,56,false,102,-120
Denver Nuggets,2019,57,true,-1429,853
Denver Nuggets,2019,58,true,-1111,723
Denver Nuggets,2019,59,false,225,-278
Denver Nuggets,2019,60,true,-145,125
Denver Nuggets,2019,61,false,-2000,1041
Denver Nuggets,2019,62,true,-476,367
Denver Nuggets,2019,63,false,-476,367
Denver Nuggets,2019,64,true,-263,221
Denver Nuggets,2019,65,false,-141,121
Denver Nuggets,2019,66,false,146,-169
Denver Nuggets,2019,67,true,192,-222
Denver Nuggets,2019,68,true,-127,110
Denver Nuggets,2019,69,false,164,-189
Denver Nuggets,2019,70,true,-112,-102
Denver Nuggets,2019,71,false,177,-208
Denver Nuggets,2019,72,false,179,-208
Denver Nuggets,2019,73,false,-132,116
Denver Nuggets,2020,1,false,-323,260
Denver Nuggets,2020,2,false,142,-167
Denver Nuggets,2020,3,true,-263,214
Denver Nuggets,2020,4,false,-106,-112
Denver Nuggets,2020,5,false,-161,137
Denver Nuggets,2020,6,true,-385,307
Denver Nuggets,2020,7,true,-625,471
Denver Nuggets,2020,8,false,-141,119
Denver Nuggets,2020,9,true,-1111,706
Denver Nuggets,2020,10,true,-217,181
Denver Nuggets,2020,11,false,104,-123
Denver Nuggets,2020,12,true,-189,163
Denver Nuggets,2020,13,false,102,-119
Denver Nuggets,2020,14,true,-500,388
Denver Nuggets,2020,15,true,-102,-114
Denver Nuggets,2020,16,true,-139,119
Denver Nuggets,2020,17,true,-132,114
Denver Nuggets,2020,18,true,-244,202
Denver Nuggets,2020,19,false,-175,150
Denver Nuggets,2020,20,true,129,-152
Denver Nuggets,2020,21,false,165,-192
Denver Nuggets,2020,22,false,-128,110
Denver Nuggets,2020,23,false,117,-135
Denver Nuggets,2020,24,true,-476,375
Denver Nuggets,2020,25,true,-769,568
Denver Nuggets,2020,26,true,129,-149
Denver Nuggets,2020,27,false,108,-127
Denver Nuggets,2020,28,false,-189,162
Denver Nuggets,2020,29,true,-400,325
Denver Nuggets,2020,30,false,-141,122
Denver Nuggets,2020,31,true,-244,202
Denver Nuggets,2020,32,false,-345,281
Denver Nuggets,2020,33,true,-263,222
Denver Nuggets,2020,34,true,-179,152
Denver Nuggets,2020,35,true,264,-323
Denver Nuggets,2020,36,true,-167,144
Denver Nuggets,2020,37,true,-147,125
Denver Nuggets,2020,38,false,-115,-101
Denver Nuggets,2020,39,true,-175,152
Denver Nuggets,2020,40,true,-263,218
Denver Nuggets,2020,41,true,-294,240
Denver Nuggets,2020,42,false,-250,208
Denver Nuggets,2020,43,true,-323,261
Denver Nuggets,2020,44,false,-123,104
Denver Nuggets,2020,45,true,-139,118
Denver Nuggets,2020,46,true,-196,165
Denver Nuggets,2020,47,true,-213,181
Denver Nuggets,2020,48,true,108,-127
Denver Nuggets,2020,49,true,-2500,1210
Denver Nuggets,2020,50,true,-769,548
Denver Nuggets,2020,51,true,-217,181
Denver Nuggets,2020,52,true,-270,224
Denver Nuggets,2020,53,false,-161,139
Denver Nuggets,2020,54,false,-204,175
Denver Nuggets,2020,55,true,-204,174
Denver Nuggets,2020,56,true,-400,324
Denver Nuggets,2020,57,true,-323,261
Denver Nuggets,2020,58,true,-123,106
Denver Nuggets,2020,59,false,-139,119
Denver Nuggets,2020,60,true,-1250,819
Denver Nuggets,2020,61,true,-167,143
Denver Nuggets,2020,62,true,-169,144
Denver Nuggets,2020,63,true,-189,162
Denver Nuggets,2020,64,true,183,-217
Denver Nuggets,2020,65,false,-172,150
Denver Nuggets,2020,66,true,-161,140
Denver Nuggets,2020,67,false,150,-175
Denver Nuggets,2020,68,false,135,-156
Denver Nuggets,2020,69,true,-238,200
Denver Nuggets,2020,70,true,-132,112
Denver Nuggets,2020,71,true,-385,309
Denver Nuggets,2020,72,false,305,-370
Denver Nuggets,2021,1,true,208,-244
Denver Nuggets,2021,2,true,-312,254
Denver Nuggets,2021,3,false,-500,395
Denver Nuggets,2021,4,false,254,-303
Denver Nuggets,2021,5,true,-161,142
Denver Nuggets,2021,6,true,104,-119
Denver Nuggets,2021,7,false,108,-125
Denver Nuggets,2021,8,false,-115,100
Denver Nuggets,2021,9,true,-625,474
Denver Nuggets,2021,10,true,106,-123
Denver Nuggets,2021,11,true,139,-161
Denver Nuggets,2021,12,true,-161,138
Denver Nuggets,2021,13,true,-233,197
Denver Nuggets,2021,14,false,177,-208
Denver Nuggets,2021,15,false,-323,267
Denver Nuggets,2021,16,false,112,-130
Denver Nuggets,2021,17,false,393,-500
Denver Nuggets,2021,18,false,358,-455
Denver Nuggets,2021,19,false,223,-263
Denver Nuggets,2021,20,true,129,-152
Denver Nuggets,2021,21,false,-345,281
Denver Nuggets,2021,22,true,116,-135
Denver Nuggets,2021,23,false,110,-130
Denver Nuggets,2021,24,true,-132,112
Denver Nuggets,2021,25,false,114,-133
Denver Nuggets,2021,26,true,-108,-109
Denver Nuggets,2021,27,true,-164,140
Denver Nuggets,2021,28,false,-182,154
Denver Nuggets,2021,29,true,137,-159
Denver Nuggets,2021,30,false,-270,221
Denver Nuggets,2021,31,false,-135,116
Denver Nuggets,2021,32,true,-161,139
Denver Nuggets,2021,33,true,289,-357
Denver Nuggets,2021,34,true,-312,261
Denver Nuggets,2021,35,false,125,-145
Denver Nuggets,2021,36,false,-110,-105
Denver Nuggets,2021,37,true,-333,269
Denver Nuggets,2021,38,true,-278,229
Denver Nuggets,2021,39,false,-139,119
Denver Nuggets,2021,40,true,-625,463
Denver Nuggets,2021,41,true,-175,150
Denver Nuggets,2021,42,false,177,-208
Denver Nuggets,2021,43,true,-435,341
Denver Nuggets,2021,44,false,-161,139
Denver Nuggets,2021,45,true,-769,552
Denver Nuggets,2021,46,true,-270,227
Denver Nuggets,2021,47,true,-213,181
Denver Nuggets,2021,48,true,-172,148
Denver Nuggets,2021,49,true,202,-238
Denver Nuggets,2021,50,false,100,-120
Denver Nuggets,2021,51,false,208,-244
Denver Nuggets,2021,52,false,-217,181
Denver Nuggets,2021,53,true,-345,287
Denver Nuggets,2021,54,true,-400,320
Denver Nuggets,2021,55,false,211,-250
Denver Nuggets,2021,56,true,175,-208
Denver Nuggets,2021,57,true,-667,504
Denver Nuggets,2021,58,true,172,-200
Denver Nuggets,2021,59,true,-175,150
Denver Nuggets,2021,60,true,-345,284
Denver Nuggets,2021,61,true,-345,282
Denver Nuggets,2021,62,false,-1429,892
Denver Nuggets,2021,63,true,-417,328
Denver Nuggets,2021,64,true,-182,154
Denver Nuggets,2021,65,true,-345,282
Denver Nuggets,2021,66,true,-263,218
Denver Nuggets,2021,67,false,104,-120
Denver Nuggets,2021,68,false,-278,233
Denver Nuggets,2021,69,true,140,-161
Denver Nuggets,2021,70,true,-256,217
Denver Nuggets,2021,71,false,-143,122
Denver Nuggets,2021,72,false,125,-145
Denver Nuggets,2021,73,true,-263,219
Denver Nuggets,2021,74,false,-116,100
Denver Nuggets,2021,75,true,-2000,1150
Denver Nuggets,2021,76,true,-154,135
Denver Nuggets,2021,77,true,-500,392
Denver Nuggets,2021,78,false,-149,129
Denver Nuggets,2021,79,true,-227,187
Denver Nuggets,2021,80,false,-385,313
Denver Nuggets,2021,81,true,-179,154
Denver Nuggets,2021,82,false,-238,204
Denver Nuggets,2022,1,false,-263,216
Denver Nuggets,2022,2,true,179,-222
Denver Nuggets,2022,3,true,-435,330
Denver Nuggets,2022,4,false,-204,169
Denver Nuggets,2022,5,true,-196,163
Denver Nuggets,2022,6,true,-323,258
Denver Nuggets,2022,7,false,-141,119
Denver Nuggets,2022,8,true,-256,210
Denver Nuggets,2022,9,true,-625,441
Denver Nuggets,2022,10,true,-312,248
Denver Nuggets,2022,11,true,-196,164
Denver Nuggets,2022,12,false,152,-182
Denver Nuggets,2022,13,true,-123,104
Denver Nuggets,2022,14,false,-128,108
Denver Nuggets,2022,15,false,363,-500
Denver Nuggets,2022,16,true,387,-526
Denver Nuggets,2022,17,false,-667,466
Denver Nuggets,2022,18,true,-112,-106
Denver Nuggets,2022,19,true,-175,144
Denver Nuggets,2022,20,true,-667,463
Denver Nuggets,2022,21,true,-714,468
Denver Nuggets,2022,22,false,-192,158
Denver Nuggets,2022,23,false,108,-128
Denver Nuggets,2022,24,false,-182,152
Denver Nuggets,2022,25,true,-128,108
Denver Nuggets,2022,26,true,-667,450
Denver Nuggets,2022,27,true,-667,470
Denver Nuggets,2022,28,false,-128,106
Denver Nuggets,2022,29,true,-385,303
Denver Nuggets,2022,30,true,-101,-118
Denver Nuggets,2022,31,true,-222,181
Denver Nuggets,2022,32,true,-179,149
Denver Nuggets,2022,33,true,-156,131
Denver Nuggets,2022,34,false,120,-141
Denver Nuggets,2022,35,true,-179,150
Denver Nuggets,2022,36,true,136,-161
Denver Nuggets,2022,37,false,-175,149
Denver Nuggets,2022,38,true,-192,161
Denver Nuggets,2022,39,true,-208,172
Denver Nuggets,2022,40,true,-769,540
Denver Nuggets,2022,41,true,-1250,735
Denver Nuggets,2022,42,true,164,-196
Denver Nuggets,2022,43,true,-500,384
Denver Nuggets,2022,44,true,-227,186
Denver Nuggets,2022,45,true,-435,326
Denver Nuggets,2022,46,true,-256,211
Denver Nuggets,2022,47,false,-152,127
Denver Nuggets,2022,48,true,-149,125
Denver Nuggets,2022,49,false,533,-769
Denver Nuggets,2022,50,false,134,-159
Denver Nuggets,2022,51,true,-270,217
Denver Nuggets,2022,52,true,-270,225
Denver Nuggets,2022,53,true,-476,366
Denver Nuggets,2022,54,false,284,-357
Denver Nuggets,2022,55,true,-345,276
Denver Nuggets,2022,56,false,-204,171
Denver Nuggets,2022,57,true,-278,227
Denver Nuggets,2022,58,true,100,-116
Denver Nuggets,2022,59,true,-233,196
Denver Nuggets,2022,60,true,129,-149
Denver Nuggets,2022,61,false,125,-147
Denver Nuggets,2022,62,true,-179,152
Denver Nuggets,2022,63,true,-714,516
Denver Nuggets,2022,64,true,-227,186
Denver Nuggets,2022,65,true,-244,197
Denver Nuggets,2022,66,false,-370,294
Denver Nuggets,2022,67,false,-833,563
Denver Nuggets,2022,68,false,-385,299
Denver Nuggets,2022,69,false,-122,102
Denver Nuggets,2022,70,true,-1429,773
Denver Nuggets,2022,71,false,-105,-111
Denver Nuggets,2022,72,true,-147,125
Denver Nuggets,2022,73,true,-385,297
Denver Nuggets,2022,74,true,-159,136
Denver Nuggets,2022,75,true,-455,334
Denver Nuggets,2022,76,false,-130,110
Denver Nuggets,2022,77,false,569,-833
Denver Nuggets,2022,78,true,149,-169
Denver Nuggets,2022,79,false,-667,455
Denver Nuggets,2022,80,false,578,-833
Denver Nuggets,2022,81,false,-435,332
Denver Nuggets,2022,82,true,173,-208
Denver Nuggets,2023,1,true,-189,161
Denver Nuggets,2023,2,true,-222,181
Denver Nuggets,2023,3,true,-156,136
Denver Nuggets,2023,4,true,-385,305
Denver Nuggets,2023,5,false,-132,112
Denver Nuggets,2023,6,true,-233,192
Denver Nuggets,2023,7,true,-417,321
Denver Nuggets,2023,8,true,-250,206
Denver Nuggets,2023,9,true,-189,160
Denver Nuggets,2023,10,false,-192,164
Denver Nuggets,2023,11,true,-185,158
Denver Nuggets,2023,12,false,-189,161
Denver Nuggets,2023,13,false,-185,156
Denver Nuggets,2023,14,true,-455,334
Denver Nuggets,2023,15,false,-154,133
Denver Nuggets,2023,16,false,-145,127
Denver Nuggets,2023,17,true,-526,405
Denver Nuggets,2023,18,true,397,-526
Denver Nuggets,2023,19,true,-455,349
Denver Nuggets,2023,20,true,-114,-104
Denver Nuggets,2023,21,false,138,-161
Denver Nuggets,2023,22,false,-106,-110
Denver Nuggets,2023,23,false,-385,303
Denver Nuggets,2023,24,true,-152,129
Denver Nuggets,2023,25,true,-256,208
Denver Nuggets,2023,26,true,-417,322
Denver Nuggets,2023,27,false,-213,179
Denver Nuggets,2023,28,true,-333,270
Denver Nuggets,2023,29,true,-167,141
Denver Nuggets,2023,30,true,-192,160
Denver Nuggets,2023,31,true,-526,399
Denver Nuggets,2023,32,true,-270,225
Denver Nuggets,2023,33,true,-400,307
Denver Nuggets,2023,34,false,-128,110
Denver Nuggets,2023,35,true,-1667,911
Denver Nuggets,2023,36,true,-169,145
Denver Nuggets,2023,37,false,-500,368
Denver Nuggets,2023,38,true,-1667,894
Denver Nuggets,2023,39,false,-263,216
Denver Nuggets,2023,40,true,-233,189
Denver Nuggets,2023,41,true,-526,399
Denver Nuggets,2023,42,false,108,-127
Denver Nuggets,2023,43,true,225,-278
Denver Nuggets,2023,44,true,-714,522
Denver Nuggets,2023,45,true,-196,167
Denver Nuggets,2023,46,false,-137,117
Denver Nuggets,2023,47,true,-385,256
Denver Nuggets,2023,48,true,-172,146
Denver Nuggets,2023,49,false,184,-222
Denver Nuggets,2023,50,true,-909,627
Denver Nuggets,2023,51,true,-1429,827
Denver Nuggets,2023,52,true,-152,129
Denver Nuggets,2023,53,false,125,-147
Denver Nuggets,2023,54,false,-104,-114
Denver Nuggets,2023,55,false,-208,174
Denver Nuggets,2023,56,true,-1429,816
Denver Nuggets,2023,57,true,-357,285
Denver Nuggets,2023,58,true,106,-125
Denver Nuggets,2023,59,true,-435,323
Denver Nuggets,2023,60,true,-263,213
Denver Nuggets,2023,61,true,-114,-105
Denver Nuggets,2023,62,false,-385,308
Denver Nuggets,2023,63,true,108,-128
Denver Nuggets,2023,64,true,-769,545
Denver Nuggets,2023,65,true,-2000,1003
Denver Nuggets,2023,66,true,-159,136
Denver Nuggets,2023,67,true,-526,379
Denver Nuggets,2023,68,false,-115,-102
Denver Nuggets,2023,69,true,-294,242
Denver Nuggets,2023,70,true,-370,301
Denver Nuggets,2023,71,true,-526,388
Denver Nuggets,2023,72,true,-909,576
Denver Nuggets,2023,73,false,-227,183
Denver Nuggets,2023,74,false,-156,134
Denver Nuggets,2023,75,true,-189,159
Denver Nuggets,2023,76,true,-1429,875
Denver Nuggets,2023,77,false,-152,129
Denver Nuggets,2023,78,true,-625,449
Denver Nuggets,2023,79,true,-1667,927
Denver Nuggets,2023,80,true,-294,240
Denver Nuggets,2023,81,false,-625,459
Denver Nuggets,2023,82,true,-909,593
Denver Nuggets,2024,1,false,-133,112
Denver Nuggets,2024,2,false,-323,259
Denver Nuggets,2024,3,true,-370,286
Denver Nuggets,2024,4,true,-217,181
Denver Nuggets,2024,5,false,139,-164
Denver Nuggets,2024,6,true,-588,426
Denver Nuggets,2024,7,true,-556,403
Denver Nuggets,2024,8,true,225,-286
Denver Nuggets,2024,9,true,-149,125
Denver Nuggets,2024,10,true,-132,110
Denver Nuggets,2024,11,false,-130,108
Denver Nuggets,2024,12,false,189,-233
Denver Nuggets,2024,13,true,195,-238
Denver Nuggets,2024,14,false,-200,163
Denver Nuggets,2024,15,true,144,-172
Denver Nuggets,2024,16,false,-130,110
Denver Nuggets,2024,17,true,-556,400
Denver Nuggets,2024,18,false,-152,127
Denver Nuggets,2024,19,true,-200,167
Denver Nuggets,2024,20,false,143,-169
Denver Nuggets,2024,21,false,-769,526
Denver Nuggets,2024,22,true,-103,-115
Denver Nuggets,2024,23,true,-294,234
Denver Nuggets,2024,24,true,-103,-115
Denver Nuggets,2024,25,false,-345,276
Denver Nuggets,2024,26,true,-385,303
Denver Nuggets,2024,27,true,-185,152
Denver Nuggets,2024,28,false,-135,114
Denver Nuggets,2024,29,false,135,-161
Denver Nuggets,2024,30,true,-250,200
Denver Nuggets,2024,31,true,-303,242
Denver Nuggets,2024,32,true,-357,278
Denver Nuggets,2024,33,false,-238,191
Denver Nuggets,2024,34,true,-149,125
Denver Nuggets,2024,35,false,338,-435
Denver Nuggets,2024,36,true,148,-175
Denver Nuggets,2024,37,true,-1250,717
Denver Nuggets,2024,38,true,-233,188
Denver Nuggets,2024,39,true,-137,114
Denver Nuggets,2024,40,false,172,-204
Denver Nuggets,2024,41,true,-152,125
Denver Nuggets,2024,42,true,-303,239
Denver Nuggets,2024,43,true,-667,472
Denver Nuggets,2024,44,true,-312,243
Denver Nuggets,2024,45,false,-169,140
Denver Nuggets,2024,46,false,-417,313
Denver Nuggets,2024,47,false,122,-143
Denver Nuggets,2024,48,true,-417,322
Denver Nuggets,2024,49,true,-833,548
Denver Nuggets,2024,50,true,-435,333
Denver Nuggets,2024,51,true,-556,395
Denver Nuggets,2024,52,true,-250,204
Denver Nuggets,2024,53,true,-256,209
Denver Nuggets,2024,54,true,-435,326
Denver Nuggets,2024,55,true,-385,305
Denver Nuggets,2024,56,true,-2000,1014
Denver Nuggets,2024,57,false,-244,200
Denver Nuggets,2024,58,true,-167,138
Denver Nuggets,2024,59,false,-159,134
Denver Nuggets,2024,60,true,110,-133
Denver Nuggets,2024,61,false,188,-227
Denver Nuggets,2024,62,true,-333,268
Denver Nuggets,2024,63,true,-400,309
Denver Nuggets,2024,64,false,242,-294
Denver Nuggets,2024,65,true,308,-400
Denver Nuggets,2024,66,false,-123,106
Denver Nuggets,2024,67,true,-1250,709
Denver Nuggets,2024,68,false,-769,527
Denver Nuggets,2024,69,true,430,-588
Denver Nuggets,2024,70,false,171,-208
Denver Nuggets,2024,71,false,-127,106
Denver Nuggets,2024,72,true,236,-294
Denver Nuggets,2024,73,false,-137,114
Denver Nuggets,2024,74,true,-588,426
Denver Nuggets,2024,75,true,-2500,1141
Denver Nuggets,2024,76,false,-127,106
Denver Nuggets,2024,77,false,-137,114
Denver Nuggets,2024,78,false,125,-149
Denver Nuggets,2024,79,false,-238,192
Denver Nuggets,2024,80,true,-196,161
Denver Nuggets,2024,81,true,-303,235
Denver Nuggets,2024,82,true,-244,198
Denver Nuggets,2025,1,false,100,-118
Denver Nuggets,2025,2,true,-833,575
Denver Nuggets,2025,3,true,-233,190
Denver Nuggets,2025,4,true,-667,475
Denver Nuggets,2025,5,false,-227,185
Denver Nuggets,2025,6,true,-556,400
Denver Nuggets,2025,7,true,-385,309
Denver Nuggets,2025,8,true,-417,350
Denver Nuggets,2025,9,true,-455,350
Denver Nuggets,2025,10,true,-357,290
Denver Nuggets,2025,11,true,-200,165
Denver Nuggets,2025,12,true,-118,100
Denver Nuggets,2025,13,false,-769,575
Denver Nuggets,2025,14,true,-588,425
Denver Nuggets,2025,15,true,129,-154
Denver Nuggets,2025,16,false,-556,400
Denver Nuggets,2025,17,true,-286,240
Denver Nuggets,2025,18,false,-270,240
Denver Nuggets,2025,19,true,-164,145
Denver Nuggets,2025,20,false,-526,400
Denver Nuggets,2025,21,true,-303,260
Denver Nuggets,2025,22,true,-159,136
Denver Nuggets,2025,23,true,-476,375
Denver Nuggets,2025,24,true,-476,384
Denver Nuggets,2025,25,true,-102,-115
Denver Nuggets,2025,26,true,-263,220
Denver Nuggets,2025,27,false,100,-110
Denver Nuggets,2025,28,true,-714,560
Denver Nuggets,2025,29,false,-238,204
Denver Nuggets,2025,30,true,-106,-105
Denver Nuggets,2025,31,false,-164,148
Denver Nuggets,2025,32,false,-120,106
Denver Nuggets,2025,33,true,210,-250
Denver Nuggets,2025,34,false,575,-769
Denver Nuggets,2025,35,false,-141,120
Denver Nuggets,2025,36,true,640,-909
Denver Nuggets,2025,37,true,309,-385
Denver Nuggets,2025,38,false,125,-135
Denver Nuggets,2025,39,true,194,-222
Denver Nuggets,2025,40,true,-133,120
Denver Nuggets,2025,41,true,100,-115
Denver Nuggets,2025,42,true,-500,380
Denver Nuggets,2025,43,false,118,-135
Denver Nuggets,2025,44,false,140,-154
Denver Nuggets,2025,45,true,-250,215
Denver Nuggets,2025,46,true,265,-312
Denver Nuggets,2025,47,false,225,-263
Denver Nuggets,2025,48,true,-238,200
Denver Nuggets,2025,49,true,118,-135
Denver Nuggets,2025,50,false,190,-227
Denver Nuggets,2025,51,false,165,-189
Denver Nuggets,2025,52,false,154,-185
Denver Nuggets,2025,53,true,-333,280
Denver Nuggets,2025,54,false,-141,125
Denver Nuggets,2025,55,true,-714,570
Denver Nuggets,2025,56,false,-182,160
Denver Nuggets,2025,57,true,-104,100
Denver Nuggets,2025,58,false,-238,204
Denver Nuggets,2025,59,true,-152,129
Denver Nuggets,2025,60,false,204,-238
Denver Nuggets,2025,61,false,-141,125
Denver Nuggets,2025,62,true,-588,459
Denver Nuggets,2025,63,true,-169,152
Denver Nuggets,2025,64,false,-110,102
Denver Nuggets,2025,65,false,140,-154
Denver Nuggets,2025,66,true,-250,215
Denver Nuggets,2025,67,true,140,-156
Denver Nuggets,2025,68,false,-120,110
Denver Nuggets,2025,69,true,-1250,830
Denver Nuggets,2025,70,false,-769,575
Denver Nuggets,2025,71,true,-270,220
Denver Nuggets,2025,72,true,-345,295
Denver Nuggets,2025,73,true,-238,198
Denver Nuggets,2025,74,true,-526,450
Denver Nuggets,2025,75,true,-2000,1200
Denver Nuggets,2025,76,true,-667,480
Denver Nuggets,2025,77,true,-2000,1040
Denver Nuggets,2025,78,true,110,-127
Denver Nuggets,2025,79,true,-323,265
Denver Nuggets,2025,80,true,-10000,2000
Denver Nuggets,2025,81,true,-132,120
Denver Nuggets,2025,82,true,350,-370
Detroit Pistons,2016,1,false,237,-294
Detroit Pistons,2016,2,true,-179,149
Detroit Pistons,2016,3,true,-370,286
Detroit Pistons,2016,4,true,-179,152
Detroit Pistons,2016,5,false,-182,152
Detroit Pistons,2016,6,true,-204,168
Detroit Pistons,2016,7,false,332,-435
Detroit Pistons,2016,8,false,-185,156
Detroit Pistons,2016,9,false,357,-476
Detroit Pistons,2016,10,true,177,-213
Detroit Pistons,2016,11,true,-101,-118
Detroit Pistons,2016,12,false,106,-125
Detroit Pistons,2016,13,false,336,-435
Detroit Pistons,2016,14,false,-132,110
Detroit Pistons,2016,15,false,114,-135
Detroit Pistons,2016,16,true,-204,171
Detroit Pistons,2016,17,true,236,-286
Detroit Pistons,2016,18,false,159,-189
Detroit Pistons,2016,19,true,140,-167
Detroit Pistons,2016,20,true,229,-278
Detroit Pistons,2016,21,true,106,-125
Detroit Pistons,2016,22,false,-333,260
Detroit Pistons,2016,23,true,-233,195
Detroit Pistons,2016,24,false,188,-227
Detroit Pistons,2016,25,true,-161,138
Detroit Pistons,2016,26,false,-1000,666
Detroit Pistons,2016,27,true,-233,192
Detroit Pistons,2016,28,false,-122,102
Detroit Pistons,2016,29,false,-196,166
Detroit Pistons,2016,30,false,120,-141
Detroit Pistons,2016,31,false,-250,206
Detroit Pistons,2016,32,false,278,-357
Detroit Pistons,2016,33,true,-196,168
Detroit Pistons,2016,34,false,-159,134
Detroit Pistons,2016,35,false,121,-143
Detroit Pistons,2016,36,true,-278,227
Detroit Pistons,2016,37,false,-204,170
Detroit Pistons,2016,38,true,-208,173
Detroit Pistons,2016,39,true,143,-169
Detroit Pistons,2016,40,false,125,-147
Detroit Pistons,2016,41,false,869,-1429
Detroit Pistons,2016,42,false,491,-667
Detroit Pistons,2016,43,true,-133,112
Detroit Pistons,2016,44,true,108,-130
Detroit Pistons,2016,45,true,-130,110
Detroit Pistons,2016,46,false,-286,234
Detroit Pistons,2016,47,false,-161,136
Detroit Pistons,2016,48,false,187,-227
Detroit Pistons,2016,49,true,-312,252
Detroit Pistons,2016,50,true,-182,154
Detroit Pistons,2016,51,false,127,-149
Detroit Pistons,2016,52,true,-435,340
Detroit Pistons,2016,53,true,-286,231
Detroit Pistons,2016,54,false,167,-200
Detroit Pistons,2016,55,true,223,-270
Detroit Pistons,2016,56,false,125,-147
Detroit Pistons,2016,57,true,-185,154
Detroit Pistons,2016,58,true,-204,169
Detroit Pistons,2016,59,false,112,-133
Detroit Pistons,2016,60,true,-172,148
Detroit Pistons,2016,61,false,124,-147
Detroit Pistons,2016,62,true,-233,192
Detroit Pistons,2016,63,true,-250,204
Detroit Pistons,2016,64,false,148,-175
Detroit Pistons,2016,65,true,163,-196
Detroit Pistons,2016,66,true,-263,215
Detroit Pistons,2016,67,false,268,-345
Detroit Pistons,2016,68,false,121,-143
Detroit Pistons,2016,69,false,-164,139
Detroit Pistons,2016,70,true,-909,632
Detroit Pistons,2016,71,false,-227,189
Detroit Pistons,2016,72,false,-128,108
Detroit Pistons,2016,73,false,-135,114
Detroit Pistons,2016,74,false,-118,-101
Detroit Pistons,2016,75,false,129,-152
Detroit Pistons,2016,76,true,-278,227
Detroit Pistons,2016,77,false,254,-312
Detroit Pistons,2016,78,false,112,-132
Detroit Pistons,2016,79,true,530,-769
Detroit Pistons,2016,80,true,188,-227
Detroit Pistons,2016,81,false,-227,187
Detroit Pistons,2016,82,false,104,-123
Detroit Pistons,2017,1,true,-149,127
Detroit Pistons,2017,2,false,216,-263
Detroit Pistons,2017,3,true,-123,104
Detroit Pistons,2017,4,false,-164,139
Detroit Pistons,2017,5,true,-137,117
Detroit Pistons,2017,6,true,259,-323
Detroit Pistons,2017,7,true,843,-1429
Detroit Pistons,2017,8,false,-154,129
Detroit Pistons,2017,9,true,-125,106
Detroit Pistons,2017,10,true,-400,319
Detroit Pistons,2017,11,true,-256,210
Detroit Pistons,2017,12,true,-345,271
Detroit Pistons,2017,13,true,-133,112
Detroit Pistons,2017,14,false,158,-189
Detroit Pistons,2017,15,false,-104,-115
Detroit Pistons,2017,16,true,194,-233
Detroit Pistons,2017,17,false,108,-127
Detroit Pistons,2017,18,true,304,-385
Detroit Pistons,2017,19,true,215,-256
Detroit Pistons,2017,20,true,-714,529
Detroit Pistons,2017,21,false,-110,-109
Detroit Pistons,2017,22,false,154,-182
Detroit Pistons,2017,23,false,145,-172
Detroit Pistons,2017,24,false,150,-179
Detroit Pistons,2017,25,false,179,-217
Detroit Pistons,2017,26,false,100,-120
Detroit Pistons,2017,27,false,-256,214
Detroit Pistons,2017,28,true,-172,146
Detroit Pistons,2017,29,true,177,-208
Detroit Pistons,2017,30,true,-385,309
Detroit Pistons,2017,31,false,-101,-118
Detroit Pistons,2017,32,true,-270,222
Detroit Pistons,2017,33,true,-125,106
Detroit Pistons,2017,34,false,-169,145
Detroit Pistons,2017,35,true,168,-204
Detroit Pistons,2017,36,false,159,-189
Detroit Pistons,2017,37,false,188,-227
Detroit Pistons,2017,38,true,204,-250
Detroit Pistons,2017,39,false,202,-250
Detroit Pistons,2017,40,true,-132,110
Detroit Pistons,2017,41,false,-115,-102
Detroit Pistons,2017,42,false,-147,123
Detroit Pistons,2017,43,false,309,-400
Detroit Pistons,2017,44,false,-112,-106
Detroit Pistons,2017,45,false,-244,200
Detroit Pistons,2017,46,false,-139,118
Detroit Pistons,2017,47,false,139,-164
Detroit Pistons,2017,48,false,274,-345
Detroit Pistons,2017,49,true,223,-270
Detroit Pistons,2017,50,true,-400,312
Detroit Pistons,2017,51,true,-182,154
Detroit Pistons,2017,52,true,-137,117
Detroit Pistons,2017,53,true,-500,369
Detroit Pistons,2017,54,false,-159,134
Detroit Pistons,2017,55,false,-169,142
Detroit Pistons,2017,56,false,-156,131
Detroit Pistons,2017,57,true,-588,438
Detroit Pistons,2017,58,false,110,-132
Detroit Pistons,2017,59,false,159,-189
Detroit Pistons,2017,60,false,476,-625
Detroit Pistons,2017,61,true,-119,100
Detroit Pistons,2017,62,false,-137,117
Detroit Pistons,2017,63,false,175,-213
Detroit Pistons,2017,64,false,211,-256
Detroit Pistons,2017,65,false,184,-222
Detroit Pistons,2017,66,true,-345,276
Detroit Pistons,2017,67,false,325,-417
Detroit Pistons,2017,68,false,324,-417
Detroit Pistons,2017,69,false,348,-455
Detroit Pistons,2017,70,true,-172,149
Detroit Pistons,2017,71,true,-303,248
Detroit Pistons,2017,72,false,544,-769
Detroit Pistons,2017,73,true,-1250,811
Detroit Pistons,2017,74,true,-233,196
Detroit Pistons,2017,75,true,118,-139
Detroit Pistons,2017,76,true,-200,167
Detroit Pistons,2017,77,true,-109,-109
Detroit Pistons,2017,78,false,110,-130
Detroit Pistons,2017,79,true,-294,243
Detroit Pistons,2017,80,false,-256,212
Detroit Pistons,2017,81,false,202,-238
Detroit Pistons,2017,82,true,-204,171
Detroit Pistons,2018,1,true,-256,208
Detroit Pistons,2018,2,true,-192,163
Detroit Pistons,2018,3,true,-105,-111
Detroit Pistons,2018,4,true,-500,388
Detroit Pistons,2018,5,false,138,-164
Detroit Pistons,2018,6,false,324,-417
Detroit Pistons,2018,7,false,119,-141
Detroit Pistons,2018,8,false,271,-333
Detroit Pistons,2018,9,false,-156,131
Detroit Pistons,2018,10,true,-145,123
Detroit Pistons,2018,11,true,-217,181
Detroit Pistons,2018,12,false,-137,117
Detroit Pistons,2018,13,true,408,-526
Detroit Pistons,2018,14,true,-500,388
Detroit Pistons,2018,15,false,341,-435
Detroit Pistons,2018,16,true,150,-175
Detroit Pistons,2018,17,true,-385,305
Detroit Pistons,2018,18,true,-323,257
Detroit Pistons,2018,19,true,-417,330
Detroit Pistons,2018,20,true,164,-196
Detroit Pistons,2018,21,false,114,-137
Detroit Pistons,2018,22,false,249,-303
Detroit Pistons,2018,23,false,-135,114
Detroit Pistons,2018,24,false,122,-143
Detroit Pistons,2018,25,false,583,-833
Detroit Pistons,2018,26,false,197,-238
Detroit Pistons,2018,27,true,112,-133
Detroit Pistons,2018,28,false,129,-154
Detroit Pistons,2018,29,true,187,-227
Detroit Pistons,2018,30,false,152,-179
Detroit Pistons,2018,31,false,-476,365
Detroit Pistons,2018,32,true,-189,159
Detroit Pistons,2018,33,false,231,-278
Detroit Pistons,2018,34,false,102,-122
Detroit Pistons,2018,35,false,433,-588
Detroit Pistons,2018,36,true,212,-256
Detroit Pistons,2018,37,false,148,-175
Detroit Pistons,2018,38,false,121,-143
Detroit Pistons,2018,39,false,100,-119
Detroit Pistons,2018,40,false,277,-357
Detroit Pistons,2018,41,true,239,-294
Detroit Pistons,2018,42,false,272,-345
Detroit Pistons,2018,43,true,-169,143
Detroit Pistons,2018,44,true,-137,117
Detroit Pistons,2018,45,false,-103,-115
Detroit Pistons,2018,46,false,191,-233
Detroit Pistons,2018,47,true,172,-208
Detroit Pistons,2018,48,false,166,-200
Detroit Pistons,2018,49,false,246,-303
Detroit Pistons,2018,50,true,-333,265
Detroit Pistons,2018,51,false,-137,117
Detroit Pistons,2018,52,true,114,-137
Detroit Pistons,2018,53,true,-156,131
Detroit Pistons,2018,54,true,-333,270
Detroit Pistons,2018,55,true,-250,204
Detroit Pistons,2018,56,false,143,-169
Detroit Pistons,2018,57,true,-196,167
Detroit Pistons,2018,58,true,139,-164
Detroit Pistons,2018,59,true,-139,118
Detroit Pistons,2018,60,false,154,-182
Detroit Pistons,2018,61,true,-357,289
Detroit Pistons,2018,62,true,108,-128
Detroit Pistons,2018,63,true,-200,168
Detroit Pistons,2018,64,true,-172,144
Detroit Pistons,2018,65,true,-417,330
Detroit Pistons,2018,66,false,114,-135
Detroit Pistons,2018,67,false,114,-137
Detroit Pistons,2018,68,true,-1111,717
Detroit Pistons,2018,69,true,-122,102
Detroit Pistons,2018,70,false,-278,225
Detroit Pistons,2018,71,true,-278,227
Detroit Pistons,2018,72,false,179,-217
Detroit Pistons,2018,73,false,418,-556
Detroit Pistons,2018,74,false,269,-333
Detroit Pistons,2018,75,true,-156,131
Detroit Pistons,2018,76,true,-233,195
Detroit Pistons,2018,77,false,184,-222
Detroit Pistons,2018,78,false,-143,120
Detroit Pistons,2018,79,false,204,-244
Detroit Pistons,2018,80,false,-278,229
Detroit Pistons,2018,81,true,-1000,677
Detroit Pistons,2018,82,true,-417,326
Detroit Pistons,2019,1,true,244,-303
Detroit Pistons,2019,2,false,-120,100
Detroit Pistons,2019,3,false,146,-172
Detroit Pistons,2019,4,true,102,-123
Detroit Pistons,2019,5,false,357,-455
Detroit Pistons,2019,6,false,150,-179
Detroit Pistons,2019,7,true,150,-182
Detroit Pistons,2019,8,false,143,-169
Detroit Pistons,2019,9,true,-167,141
Detroit Pistons,2019,10,false,206,-250
Detroit Pistons,2019,11,false,-172,145
Detroit Pistons,2019,12,false,313,-400
Detroit Pistons,2019,13,false,-167,141
Detroit Pistons,2019,14,false,-110,-109
Detroit Pistons,2019,15,true,-263,217
Detroit Pistons,2019,16,false,727,-1111
Detroit Pistons,2019,17,true,-189,159
Detroit Pistons,2019,18,false,-175,150
Detroit Pistons,2019,19,false,-357,288
Detroit Pistons,2019,20,true,-143,121
Detroit Pistons,2019,21,true,-156,131
Detroit Pistons,2019,22,false,342,-435
Detroit Pistons,2019,23,true,100,-120
Detroit Pistons,2019,24,true,-109,-109
Detroit Pistons,2019,25,false,229,-278
Detroit Pistons,2019,26,true,268,-333
Detroit Pistons,2019,27,false,-141,119
Detroit Pistons,2019,28,false,116,-139
Detroit Pistons,2019,29,false,344,-455
Detroit Pistons,2019,30,false,104,-125
Detroit Pistons,2019,31,false,227,-278
Detroit Pistons,2019,32,true,-270,220
Detroit Pistons,2019,33,false,170,-204
Detroit Pistons,2019,34,false,375,-500
Detroit Pistons,2019,35,false,635,-1000
Detroit Pistons,2019,36,true,-145,122
Detroit Pistons,2019,37,false,914,-1667
Detroit Pistons,2019,38,true,-161,136
Detroit Pistons,2019,39,false,-303,244
Detroit Pistons,2019,40,false,-167,141
Detroit Pistons,2019,41,false,-200,167
Detroit Pistons,2019,42,true,375,-476
Detroit Pistons,2019,43,true,-118,-101
Detroit Pistons,2019,44,false,-108,-110
Detroit Pistons,2019,45,true,104,-125
Detroit Pistons,2019,46,false,102,-122
Detroit Pistons,2019,47,false,118,-139
Detroit Pistons,2019,48,false,-278,225
Detroit Pistons,2019,49,false,202,-244
Detroit Pistons,2019,50,false,149,-175
Detroit Pistons,2019,51,true,119,-141
Detroit Pistons,2019,52,false,359,-455
Detroit Pistons,2019,53,true,124,-147
Detroit Pistons,2019,54,false,654,-1000
Detroit Pistons,2019,55,false,102,-120
Detroit Pistons,2019,56,false,-161,137
Detroit Pistons,2019,57,false,225,-278
Detroit Pistons,2019,58,false,684,-1111
Detroit Pistons,2019,59,false,181,-222
Detroit Pistons,2019,60,false,723,-1111
Detroit Pistons,2019,61,true,328,-417
Detroit Pistons,2019,62,false,359,-455
Detroit Pistons,2019,63,false,305,-385
Detroit Pistons,2019,64,false,292,-357
Detroit Pistons,2019,65,false,194,-233
Detroit Pistons,2019,66,false,581,-833
Detroit Pistons,2020,1,false,179,-217
Detroit Pistons,2020,2,false,-115,-103
Detroit Pistons,2020,3,false,393,-526
Detroit Pistons,2020,4,false,150,-175
Detroit Pistons,2020,5,true,307,-385
Detroit Pistons,2020,6,false,285,-357
Detroit Pistons,2020,7,false,1052,-2000
Detroit Pistons,2020,8,false,551,-769
Detroit Pistons,2020,9,true,261,-323
Detroit Pistons,2020,10,false,311,-385
Detroit Pistons,2020,11,false,428,-556
Detroit Pistons,2020,12,true,183,-222
Detroit Pistons,2020,13,false,198,-238
Detroit Pistons,2020,14,false,156,-182
Detroit Pistons,2020,15,false,-145,125
Detroit Pistons,2020,16,false,293,-357
Detroit Pistons,2020,17,true,174,-204
Detroit Pistons,2020,18,false,108,-127
Detroit Pistons,2020,19,true,258,-312
Detroit Pistons,2020,20,false,179,-213
Detroit Pistons,2020,21,false,582,-833
Detroit Pistons,2020,22,false,283,-345
Detroit Pistons,2020,23,false,780,-1250
Detroit Pistons,2020,24,true,193,-227
Detroit Pistons,2020,25,false,144,-167
Detroit Pistons,2020,26,true,249,-303
Detroit Pistons,2020,27,true,181,-217
Detroit Pistons,2020,28,false,125,-145
Detroit Pistons,2020,29,false,160,-185
Detroit Pistons,2020,30,false,134,-156
Detroit Pistons,2020,31,true,154,-179
Detroit Pistons,2020,32,false,487,-667
Detroit Pistons,2020,33,false,102,-119
Detroit Pistons,2020,34,false,100,-118
Detroit Pistons,2020,35,true,254,-312
Detroit Pistons,2020,36,false,235,-286
Detroit Pistons,2020,37,false,159,-185
Detroit Pistons,2020,38,false,492,-667
Detroit Pistons,2020,39,false,102,-122
Detroit Pistons,2020,40,true,204,-244
Detroit Pistons,2020,41,true,114,-135
Detroit Pistons,2020,42,false,131,-154
Detroit Pistons,2020,43,false,257,-312
Detroit Pistons,2020,44,false,222,-270
Detroit Pistons,2020,45,false,185,-222
Detroit Pistons,2020,46,true,177,-213
Detroit Pistons,2020,47,false,269,-333
Detroit Pistons,2020,48,true,-105,-112
Detroit Pistons,2020,49,false,114,-133
Detroit Pistons,2020,50,true,-147,127
Detroit Pistons,2020,51,false,548,-769
Detroit Pistons,2020,52,true,259,-312
Detroit Pistons,2020,53,false,526,-714
Detroit Pistons,2020,54,false,646,-909
Detroit Pistons,2020,55,false,108,-127
Detroit Pistons,2020,56,true,-143,122
Detroit Pistons,2020,57,false,159,-185
Detroit Pistons,2020,58,true,135,-156
Detroit Pistons,2020,59,false,461,-625
Detroit Pistons,2020,60,false,261,-312
Detroit Pistons,2020,61,false,156,-185
Detroit Pistons,2020,62,true,150,-175
Detroit Pistons,2020,63,false,254,-312
Detroit Pistons,2020,64,false,274,-333
Detroit Pistons,2020,65,false,-123,106
Detroit Pistons,2020,66,false,156,-182
Detroit Pistons,2020,67,true,350,-435
Detroit Pistons,2020,68,false,345,-435
Detroit Pistons,2020,69,false,349,-435
Detroit Pistons,2020,70,false,245,-294
Detroit Pistons,2020,71,false,309,-385
Detroit Pistons,2020,72,false,133,-154
Detroit Pistons,2021,1,false,166,-192
Detroit Pistons,2021,2,false,282,-345
Detroit Pistons,2021,3,false,494,-667
Detroit Pistons,2021,4,false,457,-588
Detroit Pistons,2021,5,true,-233,196
Detroit Pistons,2021,6,false,569,-769
Detroit Pistons,2021,7,false,159,-185
Detroit Pistons,2021,8,false,165,-192
Detroit Pistons,2021,9,false,388,-500
Detroit Pistons,2021,10,true,125,-147
Detroit Pistons,2021,11,false,169,-200
Detroit Pistons,2021,12,true,300,-370
Detroit Pistons,2021,13,false,152,-179
Detroit Pistons,2021,14,true,225,-270
Detroit Pistons,2021,15,false,110,-130
Detroit Pistons,2021,16,false,245,-294
Detroit Pistons,2021,17,false,401,-526
Detroit Pistons,2021,18,false,896,-1429
Detroit Pistons,2021,19,false,505,-714
Detroit Pistons,2021,20,false,411,-526
Detroit Pistons,2021,21,false,283,-345
Detroit Pistons,2021,22,false,524,-714
Detroit Pistons,2021,23,false,-149,129
Detroit Pistons,2021,24,false,175,-208
Detroit Pistons,2021,25,false,208,-250
Detroit Pistons,2021,26,false,252,-303
Detroit Pistons,2021,27,false,403,-526
Detroit Pistons,2021,28,false,-106,-110
Detroit Pistons,2021,29,true,235,-286
Detroit Pistons,2021,30,false,252,-312
Detroit Pistons,2021,31,false,569,-833
Detroit Pistons,2021,32,false,383,-500
Detroit Pistons,2021,33,false,297,-370
Detroit Pistons,2021,34,true,217,-263
Detroit Pistons,2021,35,true,1083,-2000
Detroit Pistons,2021,36,false,419,-556
Detroit Pistons,2021,37,false,710,-1111
Detroit Pistons,2021,38,true,-119,100
Detroit Pistons,2021,39,true,488,-667
Detroit Pistons,2021,40,false,777,-1111
Detroit Pistons,2021,41,true,324,-400
Detroit Pistons,2021,42,false,548,-769
Detroit Pistons,2021,43,false,922,-1667
Detroit Pistons,2021,44,true,239,-294
Detroit Pistons,2021,45,false,767,-1250
Detroit Pistons,2021,46,false,552,-769
Detroit Pistons,2021,47,false,227,-270
Detroit Pistons,2021,48,false,135,-156
Detroit Pistons,2021,49,true,270,-333
Detroit Pistons,2021,50,false,108,-123
Detroit Pistons,2021,51,false,250,-303
Detroit Pistons,2021,52,false,376,-476
Detroit Pistons,2021,53,false,607,-833
Detroit Pistons,2021,54,false,457,-588
Detroit Pistons,2021,55,false,511,-714
Detroit Pistons,2021,56,false,204,-244
Detroit Pistons,2021,57,false,136,-159
Detroit Pistons,2021,58,true,568,-769
Detroit Pistons,2021,59,true,190,-227
Detroit Pistons,2021,60,false,555,-769
Detroit Pistons,2021,61,true,415,-526
Detroit Pistons,2021,62,false,134,-156
Detroit Pistons,2021,63,true,288,-357
Detroit Pistons,2021,64,true,124,-145
Detroit Pistons,2021,65,true,259,-312
Detroit Pistons,2021,66,false,219,-263
Detroit Pistons,2021,67,false,743,-1111
Detroit Pistons,2021,68,false,158,-182
Detroit Pistons,2021,69,false,761,-1250
Detroit Pistons,2021,70,true,127,-147
Detroit Pistons,2021,71,false,198,-238
Detroit Pistons,2021,72,false,-435,346
Detroit Pistons,2021,73,true,168,-196
Detroit Pistons,2021,74,false,-172,150
Detroit Pistons,2021,75,false,162,-189
Detroit Pistons,2021,76,false,731,-1111
Detroit Pistons,2021,77,true,380,-476
Detroit Pistons,2021,78,true,-179,154
Detroit Pistons,2021,79,true,162,-189
Detroit Pistons,2021,80,false,324,-400
Detroit Pistons,2021,81,false,400,-500
Detroit Pistons,2021,82,false,224,-270
Detroit Pistons,2022,1,true,-156,129
Detroit Pistons,2022,2,false,234,-294
Detroit Pistons,2022,3,false,-104,-115
Detroit Pistons,2022,4,false,181,-222
Detroit Pistons,2022,5,false,248,-312
Detroit Pistons,2022,6,false,195,-238
Detroit Pistons,2022,7,true,237,-303
Detroit Pistons,2022,8,false,616,-1000
Detroit Pistons,2022,9,false,463,-667
Detroit Pistons,2022,10,false,143,-169
Detroit Pistons,2022,11,true,108,-128
Detroit Pistons,2022,12,false,578,-909
Detroit Pistons,2022,13,false,321,-435
Detroit Pistons,2022,14,false,283,-370
Detroit Pistons,2022,15,false,156,-189
Detroit Pistons,2022,16,false,424,-588
Detroit Pistons,2022,17,false,221,-270
Detroit Pistons,2022,18,false,400,-556
Detroit Pistons,2022,19,true,466,-667
Detroit Pistons,2022,20,true,501,-714
Detroit Pistons,2022,21,false,565,-909
Detroit Pistons,2022,22,false,247,-312
Detroit Pistons,2022,23,false,154,-185
Detroit Pistons,2022,24,true,268,-333
Detroit Pistons,2022,25,false,219,-270
Detroit Pistons,2022,26,true,245,-312
Detroit Pistons,2022,27,false,417,-556
Detroit Pistons,2022,28,false,400,-556
Detroit Pistons,2022,29,false,174,-213
Detroit Pistons,2022,30,true,152,-182
Detroit Pistons,2022,31,false,198,-244
Detroit Pistons,2022,32,false,273,-345
Detroit Pistons,2022,33,false,120,-143
Detroit Pistons,2022,34,false,486,-714
Detroit Pistons,2022,35,false,337,-455
Detroit Pistons,2022,36,false,181,-222
Detroit Pistons,2022,37,true,-110,-109
Detroit Pistons,2022,38,false,238,-303
Detroit Pistons,2022,39,true,214,-263
Detroit Pistons,2022,40,false,324,-435
Detroit Pistons,2022,41,true,214,-263
Detroit Pistons,2022,42,false,100,-119
Detroit Pistons,2022,43,false,179,-222
Detroit Pistons,2022,44,false,773,-1429
Detroit Pistons,2022,45,true,198,-244
Detroit Pistons,2022,46,false,179,-222
Detroit Pistons,2022,47,false,269,-345
Detroit Pistons,2022,48,false,229,-286
Detroit Pistons,2022,49,false,446,-625
Detroit Pistons,2022,50,true,259,-333
Detroit Pistons,2022,51,false,-222,181
Detroit Pistons,2022,52,false,373,-500
Detroit Pistons,2022,53,true,-101,-116
Detroit Pistons,2022,54,false,159,-189
Detroit Pistons,2022,55,false,344,-435
Detroit Pistons,2022,56,false,394,-476
Detroit Pistons,2022,57,true,-233,194
Detroit Pistons,2022,58,false,451,-625
Detroit Pistons,2022,59,false,501,-714
Detroit Pistons,2022,60,false,254,-312
Detroit Pistons,2022,61,false,250,-312
Detroit Pistons,2022,62,false,231,-286
Detroit Pistons,2022,63,false,211,-250
Detroit Pistons,2022,64,false,872,-1667
Detroit Pistons,2022,65,false,165,-200
Detroit Pistons,2022,66,false,384,-526
Detroit Pistons,2022,67,false,136,-161
Detroit Pistons,2022,68,false,138,-164
Detroit Pistons,2022,69,true,146,-172
Detroit Pistons,2022,70,false,601,-909
Detroit Pistons,2022,71,false,773,-1429
Detroit Pistons,2022,72,false,368,-500
Detroit Pistons,2022,73,false,606,-909
Detroit Pistons,2022,74,false,599,-909
Detroit Pistons,2022,75,false,534,-714
Detroit Pistons,2022,76,false,362,-476
Detroit Pistons,2022,77,false,200,-244
Detroit Pistons,2022,78,false,434,-625
Detroit Pistons,2022,79,false,661,-1111
Detroit Pistons,2022,80,false,429,-625
Detroit Pistons,2022,81,true,208,-250
Detroit Pistons,2022,82,false,290,-370
Detroit Pistons,2023,1,false,340,-455
Detroit Pistons,2023,2,true,156,-182
Detroit Pistons,2023,3,true,116,-137
Detroit Pistons,2023,4,false,213,-263
Detroit Pistons,2023,5,false,-156,133
Detroit Pistons,2023,6,false,162,-192
Detroit Pistons,2023,7,false,138,-159
Detroit Pistons,2023,8,false,301,-385
Detroit Pistons,2023,9,false,475,-714
Detroit Pistons,2023,10,false,286,-357
Detroit Pistons,2023,11,false,202,-250
Detroit Pistons,2023,12,false,158,-185
Detroit Pistons,2023,13,false,288,-370
Detroit Pistons,2023,14,false,325,-435
Detroit Pistons,2023,15,false,334,-455
Detroit Pistons,2023,16,false,311,-385
Detroit Pistons,2023,17,false,-133,114
Detroit Pistons,2023,18,false,248,-312
Detroit Pistons,2023,19,false,625,-909
Detroit Pistons,2023,20,false,312,-400
Detroit Pistons,2023,21,false,108,-127
Detroit Pistons,2023,22,false,384,-526
Detroit Pistons,2023,23,false,227,-278
Detroit Pistons,2023,24,false,507,-714
Detroit Pistons,2023,25,false,736,-1250
Detroit Pistons,2023,26,false,807,-1250
Detroit Pistons,2023,27,false,459,-667
Detroit Pistons,2023,28,false,-132,112
Detroit Pistons,2023,29,false,347,-455
Detroit Pistons,2023,30,false,206,-256
Detroit Pistons,2023,31,false,827,-1429
Detroit Pistons,2023,32,true,143,-169
Detroit Pistons,2023,33,false,317,-417
Detroit Pistons,2023,34,false,284,-357
Detroit Pistons,2023,35,false,382,-500
Detroit Pistons,2023,36,false,894,-1667
Detroit Pistons,2023,37,false,421,-556
Detroit Pistons,2023,38,false,129,-154
Detroit Pistons,2023,39,false,296,-370
Detroit Pistons,2023,40,true,186,-227
Detroit Pistons,2023,41,false,518,-769
Detroit Pistons,2023,42,false,617,-909
Detroit Pistons,2023,43,false,520,-769
Detroit Pistons,2023,44,true,-139,118
Detroit Pistons,2023,45,false,-156,134
Detroit Pistons,2023,46,true,572,-833
Detroit Pistons,2023,47,false,598,-909
Detroit Pistons,2023,48,false,479,-714
Detroit Pistons,2023,49,false,206,-250
Detroit Pistons,2023,50,true,598,-833
Detroit Pistons,2023,51,true,154,-185
Detroit Pistons,2023,52,false,918,-1667
Detroit Pistons,2023,53,false,437,-588
Detroit Pistons,2023,54,false,641,-1000
Detroit Pistons,2023,55,false,533,-769
Detroit Pistons,2023,56,false,273,-333
Detroit Pistons,2023,57,false,459,-667
Detroit Pistons,2023,58,true,379,-500
Detroit Pistons,2023,59,false,222,-278
Detroit Pistons,2023,60,false,430,-625
Detroit Pistons,2023,61,false,458,-667
Detroit Pistons,2023,62,true,114,-135
Detroit Pistons,2023,63,false,299,-357
Detroit Pistons,2023,64,true,-196,166
Detroit Pistons,2023,65,true,-159,136
Detroit Pistons,2023,66,false,269,-333
Detroit Pistons,2023,67,false,179,-217
Detroit Pistons,2023,68,false,899,-1667
Detroit Pistons,2023,69,false,436,-588
Detroit Pistons,2023,70,false,617,-909
Detroit Pistons,2023,71,false,786,-1250
Detroit Pistons,2023,72,false,993,-1667
Detroit Pistons,2023,73,false,1006,-2000
Detroit Pistons,2023,74,true,133,-154
Detroit Pistons,2023,75,false,-139,118
Detroit Pistons,2023,76,false,467,-667
Detroit Pistons,2023,77,false,-111,-105
Detroit Pistons,2023,78,false,373,-500
Detroit Pistons,2023,79,false,777,-1250
Detroit Pistons,2023,80,false,424,-588
Detroit Pistons,2023,81,true,445,-625
Detroit Pistons,2023,82,false,164,-196
Detroit Pistons,2024,1,false,181,-227
Detroit Pistons,2024,2,false,411,-556
Detroit Pistons,2024,3,false,587,-909
Detroit Pistons,2024,4,false,285,-370
Detroit Pistons,2024,5,true,149,-179
Detroit Pistons,2024,6,false,208,-263
Detroit Pistons,2024,7,true,129,-154
Detroit Pistons,2024,8,true,227,-286
Detroit Pistons,2024,9,false,-119,-101
Detroit Pistons,2024,10,true,-137,114
Detroit Pistons,2024,11,false,147,-179
Detroit Pistons,2024,12,true,100,-122
Detroit Pistons,2024,13,false,229,-286
Detroit Pistons,2024,14,true,-141,118
Detroit Pistons,2024,15,true,-208,172
Detroit Pistons,2024,16,false,-179,149
Detroit Pistons,2024,17,false,-143,122
Detroit Pistons,2024,18,false,318,-417
Detroit Pistons,2024,19,true,-167,141
Detroit Pistons,2024,20,false,258,-323
Detroit Pistons,2024,21,true,164,-196
Detroit Pistons,2024,22,false,100,-119
Detroit Pistons,2024,23,false,124,-149
Detroit Pistons,2024,24,false,575,-833
Detroit Pistons,2024,25,true,265,-333
Detroit Pistons,2024,26,false,466,-667
Detroit Pistons,2024,27,true,159,-192
Detroit Pistons,2024,28,false,-185,154
Detroit Pistons,2024,29,true,185,-227
Detroit Pistons,2024,30,true,214,-263
Detroit Pistons,2024,31,true,165,-196
Detroit Pistons,2024,32,false,200,-250
Detroit Pistons,2024,33,true,-132,110
Detroit Pistons,2024,34,true,-303,241
Detroit Pistons,2024,35,true,214,-263
Detroit Pistons,2024,36,true,-244,199
Detroit Pistons,2024,37,true,-400,313
Detroit Pistons,2024,38,false,125,-147
Detroit Pistons,2024,39,true,-208,173
Detroit Pistons,2024,40,true,264,-333
Detroit Pistons,2024,41,false,108,-127
Detroit Pistons,2024,42,false,-109,-112
Detroit Pistons,2024,43,true,246,-323
Detroit Pistons,2024,44,true,146,-175
Detroit Pistons,2024,45,false,133,-159
Detroit Pistons,2024,46,false,371,-500
Detroit Pistons,2024,47,false,184,-227
Detroit Pistons,2024,48,true,-102,-118
Detroit Pistons,2024,49,true,-227,190
Detroit Pistons,2024,50,false,-192,159
Detroit Pistons,2024,51,false,136,-164
Detroit Pistons,2024,52,true,175,-213
Detroit Pistons,2024,53,true,-667,469
Detroit Pistons,2024,54,true,-196,162
Detroit Pistons,2024,55,true,-227,189
Detroit Pistons,2024,56,true,-185,156
Detroit Pistons,2024,57,true,-132,110
Detroit Pistons,2024,58,true,-147,124
Detroit Pistons,2024,59,true,158,-192
Detroit Pistons,2024,60,false,-133,110
Detroit Pistons,2024,61,true,-667,483
Detroit Pistons,2024,62,true,-476,371
Detroit Pistons,2024,63,false,-159,133
Detroit Pistons,2024,64,false,174,-204
Detroit Pistons,2024,65,true,-164,140
Detroit Pistons,2024,66,true,-1111,682
Detroit Pistons,2024,67,false,-769,558
Detroit Pistons,2024,68,false,150,-179
Detroit Pistons,2024,69,true,-244,202
Detroit Pistons,2024,70,true,-196,160
Detroit Pistons,2024,71,false,-417,320
Detroit Pistons,2024,72,true,-714,507
Detroit Pistons,2024,73,true,-385,307
Detroit Pistons,2024,74,true,219,-270
Detroit Pistons,2024,75,false,233,-286
Detroit Pistons,2024,76,false,568,-833
Detroit Pistons,2024,77,true,-476,359
Detroit Pistons,2024,78,false,-103,-118
Detroit Pistons,2024,79,false,-222,175
Detroit Pistons,2024,80,true,-169,138
Detroit Pistons,2024,81,false,-185,152
Detroit Pistons,2024,82,false,-400,311
Detroit Pistons,2025,1,false,-154,129
Detroit Pistons,2025,2,true,210,-250
Detroit Pistons,2025,3,true,-135,114
Detroit Pistons,2025,4,false,110,-128
Detroit Pistons,2025,5,true,104,-125
Detroit Pistons,2025,6,true,-294,240
Detroit Pistons,2025,7,true,-175,150
Detroit Pistons,2025,8,true,-455,350
Detroit Pistons,2025,9,true,-500,375
Detroit Pistons,2025,10,true,-185,154
Detroit Pistons,2025,11,true,-588,425
Detroit Pistons,2025,12,true,125,-149
Detroit Pistons,2025,13,true,-115,-102
Detroit Pistons,2025,14,true,-345,275
Detroit Pistons,2025,15,true,-120,104
Detroit Pistons,2025,16,true,-345,280
Detroit Pistons,2025,17,true,-417,333
Detroit Pistons,2025,18,false,-128,110
Detroit Pistons,2025,19,false,-159,138
Detroit Pistons,2025,20,true,146,-164
Detroit Pistons,2025,21,true,-385,320
Detroit Pistons,2025,22,false,-189,164
Detroit Pistons,2025,23,true,-333,275
Detroit Pistons,2025,24,true,-667,500
Detroit Pistons,2025,25,true,-278,235
Detroit Pistons,2025,26,true,104,-120
Detroit Pistons,2025,27,false,-222,185
Detroit Pistons,2025,28,true,-476,375
Detroit Pistons,2025,29,true,-238,204
Detroit Pistons,2025,30,true,-400,340
Detroit Pistons,2025,31,false,-385,325
Detroit Pistons,2025,32,false,-164,140
Detroit Pistons,2025,33,true,-139,120
Detroit Pistons,2025,34,false,-189,160
Detroit Pistons,2025,35,true,134,-149
Detroit Pistons,2025,36,true,104,-122
Detroit Pistons,2025,37,true,-323,260
Detroit Pistons,2025,38,false,-118,100
Detroit Pistons,2025,39,true,-270,225
Detroit Pistons,2025,40,true,-909,675
Detroit Pistons,2025,41,true,-133,120
Detroit Pistons,2025,42,true,-270,235
Detroit Pistons,2025,43,false,-175,150
Detroit Pistons,2025,44,true,-588,490
Detroit Pistons,2025,45,true,-263,225
Detroit Pistons,2025,46,false,-149,129
Detroit Pistons,2025,47,true,114,-133
Detroit Pistons,2025,48,true,-714,520
Detroit Pistons,2025,49,true,-189,165
Detroit Pistons,2025,50,false,-1250,810
Detroit Pistons,2025,51,true,-200,185
Detroit Pistons,2025,52,true,-133,120
Detroit Pistons,2025,53,true,-104,-112
Detroit Pistons,2025,54,true,140,-159
Detroit Pistons,2025,55,true,-556,425
Detroit Pistons,2025,56,false,-120,104
Detroit Pistons,2025,57,true,-455,350
Detroit Pistons,2025,58,true,-333,270
Detroit Pistons,2025,59,true,-196,185
Detroit Pistons,2025,60,false,-139,125
Detroit Pistons,2025,61,false,129,-149
Detroit Pistons,2025,62,false,-769,575
Detroit Pistons,2025,63,false,-118,100
Detroit Pistons,2025,64,true,-1111,750
Detroit Pistons,2025,65,true,-1111,700
Detroit Pistons,2025,66,true,-1429,950
Detroit Pistons,2025,67,false,-149,129
Detroit Pistons,2025,68,true,-2000,1300
Detroit Pistons,2025,69,true,-1000,725
Detroit Pistons,2025,70,true,-227,195
Detroit Pistons,2025,71,true,100,-118
Detroit Pistons,2025,72,false,-141,125
Detroit Pistons,2025,73,true,-200,179
Detroit Pistons,2025,74,true,-130,114
Detroit Pistons,2025,75,false,500,-588
Detroit Pistons,2025,76,true,-154,135
Detroit Pistons,2025,77,true,-208,175
Detroit Pistons,2025,78,true,-169,146
Detroit Pistons,2025,79,false,-112,100
Detroit Pistons,2025,80,true,-3333,1550
Detroit Pistons,2025,81,true,179,-208
Detroit Pistons,2025,82,true,-1111,810
Golden State Warriors,2016,1,false,-417,319
Golden State Warriors,2016,2,true,-909,611
Golden State Warriors,2016,3,true,-909,610
Golden State Warriors,2016,4,true,-217,179
Golden State Warriors,2016,5,true,-1000,661
Golden State Warriors,2016,6,false,-909,589
Golden State Warriors,2016,7,true,-5000,1732
Golden State Warriors,2016,8,true,-5000,1588
Golden State Warriors,2016,9,true,-294,237
Golden State Warriors,2016,10,true,-3333,1555
Golden State Warriors,2016,11,true,-250,202
Golden State Warriors,2016,12,true,-435,338
Golden State Warriors,2016,13,true,-476,351
Golden State Warriors,2016,14,true,-2000,1125
Golden State Warriors,2016,15,true,-5000,1771
Golden State Warriors,2016,16,true,-1667,916
Golden State Warriors,2016,17,true,-1250,757
Golden State Warriors,2016,18,true,-1667,950
Golden State Warriors,2016,19,false,-714,497
Golden State Warriors,2016,20,true,-3333,1559
Golden State Warriors,2016,21,true,-1667,965
Golden State Warriors,2016,22,true,-179,150
Golden State Warriors,2016,23,true,-833,559
Golden State Warriors,2016,24,false,-1111,732
Golden State Warriors,2016,25,true,-556,411
Golden State Warriors,2016,26,true,-667,483
Golden State Warriors,2016,27,true,-3333,1310
Golden State Warriors,2016,28,true,-1429,874
Golden State Warriors,2016,29,true,-1000,663
Golden State Warriors,2016,30,true,-1429,831
Golden State Warriors,2016,31,true,-357,278
Golden State Warriors,2016,32,false,-164,139
Golden State Warriors,2016,33,true,-526,393
Golden State Warriors,2016,34,true,-5000,1601
Golden State Warriors,2016,35,true,-2000,1121
Golden State Warriors,2016,36,true,-3333,1393
Golden State Warriors,2016,37,false,-1429,906
Golden State Warriors,2016,38,true,-833,561
Golden State Warriors,2016,39,true,-2000,1083
Golden State Warriors,2016,40,true,-1429,869
Golden State Warriors,2016,41,true,-400,316
Golden State Warriors,2016,42,true,-1429,844
Golden State Warriors,2016,43,true,-222,183
Golden State Warriors,2016,44,true,-1667,986
Golden State Warriors,2016,45,false,-769,542
Golden State Warriors,2016,46,true,-556,416
Golden State Warriors,2016,47,true,-1250,763
Golden State Warriors,2016,48,true,-250,208
Golden State Warriors,2016,49,true,-2000,1108
Golden State Warriors,2016,50,true,-345,275
Golden State Warriors,2016,51,false,-1667,977
Golden State Warriors,2016,52,true,-3333,1525
Golden State Warriors,2016,53,true,-357,283
Golden State Warriors,2016,54,true,-357,283
Golden State Warriors,2016,55,false,-909,612
Golden State Warriors,2016,56,true,-5000,1591
Golden State Warriors,2016,57,true,-1111,721
Golden State Warriors,2016,58,true,-10000,2056
Golden State Warriors,2016,59,true,-1667,977
Golden State Warriors,2016,60,false,-312,250
Golden State Warriors,2016,61,false,-333,270
Golden State Warriors,2016,62,true,-667,483
Golden State Warriors,2016,63,true,-233,192
Golden State Warriors,2016,64,false,-370,289
Golden State Warriors,2016,65,false,-227,187
Golden State Warriors,2016,66,false,470,-625
Golden State Warriors,2016,67,true,-3333,1476
Golden State Warriors,2016,68,true,-1429,819
Golden State Warriors,2016,69,true,-667,488
Golden State Warriors,2016,70,true,-125,104
Golden State Warriors,2016,71,true,-204,171
Golden State Warriors,2016,72,true,-5000,1811
Golden State Warriors,2016,73,true,-833,571
Golden State Warriors,2016,74,true,100,-119
Golden State Warriors,2016,75,true,163,-192
Golden State Warriors,2016,76,true,-435,338
Golden State Warriors,2016,77,true,-526,400
Golden State Warriors,2016,78,true,-1667,941
Golden State Warriors,2016,79,true,-455,347
Golden State Warriors,2016,80,true,-3333,1368
Golden State Warriors,2016,81,false,-588,438
Golden State Warriors,2016,82,true,-1111,710
Golden State Warriors,2017,1,false,-455,349
Golden State Warriors,2017,2,true,-455,349
Golden State Warriors,2017,3,false,-400,308
Golden State Warriors,2017,4,true,-1111,727
Golden State Warriors,2017,5,true,-1000,660
Golden State Warriors,2017,6,true,-714,522
Golden State Warriors,2017,7,false,-1429,843
Golden State Warriors,2017,8,true,-233,192
Golden State Warriors,2017,9,true,-357,279
Golden State Warriors,2017,10,true,-400,308
Golden State Warriors,2017,11,true,-1429,810
Golden State Warriors,2017,12,true,-357,280
Golden State Warriors,2017,13,true,-1000,672
Golden State Warriors,2017,14,true,-769,562
Golden State Warriors,2017,15,false,-294,237
Golden State Warriors,2017,16,true,-435,330
Golden State Warriors,2017,17,true,-769,546
Golden State Warriors,2017,18,false,-222,185
Golden State Warriors,2017,19,true,-1667,969
Golden State Warriors,2017,20,true,-625,457
Golden State Warriors,2017,21,false,-909,641
Golden State Warriors,2017,22,true,-909,629
Golden State Warriors,2017,23,true,-625,467
Golden State Warriors,2017,24,true,-556,421
Golden State Warriors,2017,25,true,-417,333
Golden State Warriors,2017,26,true,-154,131
Golden State Warriors,2017,27,true,-217,179
Golden State Warriors,2017,28,true,-417,332
Golden State Warriors,2017,29,true,-556,415
Golden State Warriors,2017,30,true,-222,181
Golden State Warriors,2017,31,true,-526,390
Golden State Warriors,2017,32,true,-769,549
Golden State Warriors,2017,33,false,-370,295
Golden State Warriors,2017,34,true,-189,161
Golden State Warriors,2017,35,true,-714,525
Golden State Warriors,2017,36,false,-556,417
Golden State Warriors,2017,37,true,-1429,848
Golden State Warriors,2017,38,true,-357,285
Golden State Warriors,2017,39,true,-185,156
Golden State Warriors,2017,40,true,-400,309
Golden State Warriors,2017,41,true,-588,440
Golden State Warriors,2017,42,false,-909,624
Golden State Warriors,2017,43,true,-196,165
Golden State Warriors,2017,44,true,-227,188
Golden State Warriors,2017,45,true,-238,195
Golden State Warriors,2017,46,true,-400,307
Golden State Warriors,2017,47,false,-145,122
Golden State Warriors,2017,48,true,-2000,1088
Golden State Warriors,2017,49,true,-909,631
Golden State Warriors,2017,50,true,-714,517
Golden State Warriors,2017,51,false,-370,287
Golden State Warriors,2017,52,true,-1250,782
Golden State Warriors,2017,53,false,-208,172
Golden State Warriors,2017,54,false,-556,417
Golden State Warriors,2017,55,true,-1429,836
Golden State Warriors,2017,56,true,-667,491
Golden State Warriors,2017,57,true,-2000,1107
Golden State Warriors,2017,58,false,-256,211
Golden State Warriors,2017,59,true,-714,505
Golden State Warriors,2017,60,true,-526,398
Golden State Warriors,2017,61,true,-1111,695
Golden State Warriors,2017,62,true,-435,330
Golden State Warriors,2017,63,true,-1250,761
Golden State Warriors,2017,64,true,-2000,1041
Golden State Warriors,2017,65,true,-714,509
Golden State Warriors,2017,66,false,-105,-112
Golden State Warriors,2017,67,false,-164,138
Golden State Warriors,2017,68,true,-263,215
Golden State Warriors,2017,69,false,-417,324
Golden State Warriors,2017,70,true,-208,174
Golden State Warriors,2017,71,false,282,-357
Golden State Warriors,2017,72,true,-769,559
Golden State Warriors,2017,73,false,376,-500
Golden State Warriors,2017,74,false,289,-357
Golden State Warriors,2017,75,false,-179,152
Golden State Warriors,2017,76,true,-435,336
Golden State Warriors,2017,77,true,-2000,1107
Golden State Warriors,2017,78,true,150,-175
Golden State Warriors,2017,79,false,-145,124
Golden State Warriors,2017,80,false,-263,219
Golden State Warriors,2017,81,true,-909,608
Golden State Warriors,2017,82,false,278,-345
Golden State Warriors,2018,1,true,-1111,743
Golden State Warriors,2018,2,true,-139,117
Golden State Warriors,2018,3,false,-196,167
Golden State Warriors,2018,4,true,-1111,723
Golden State Warriors,2018,5,true,-556,430
Golden State Warriors,2018,6,true,-1000,657
Golden State Warriors,2018,7,true,-556,416
Golden State Warriors,2018,8,true,-833,571
Golden State Warriors,2018,9,true,-500,374
Golden State Warriors,2018,10,true,-714,507
Golden State Warriors,2018,11,true,-1429,855
Golden State Warriors,2018,12,false,-256,213
Golden State Warriors,2018,13,true,-357,284
Golden State Warriors,2018,14,false,-169,142
Golden State Warriors,2018,15,true,-833,584
Golden State Warriors,2018,16,false,147,-172
Golden State Warriors,2018,17,false,-132,112
Golden State Warriors,2018,18,false,125,-147
Golden State Warriors,2018,19,false,-104,-112
Golden State Warriors,2018,20,true,-118,-101
Golden State Warriors,2018,21,true,-270,221
Golden State Warriors,2018,22,true,-303,247
Golden State Warriors,2018,23,false,346,-455
Golden State Warriors,2018,24,false,-196,164
Golden State Warriors,2018,25,true,-714,503
Golden State Warriors,2018,26,true,-769,528
Golden State Warriors,2018,27,true,110,-132
Golden State Warriors,2018,28,true,-526,393
Golden State Warriors,2018,29,false,-333,270
Golden State Warriors,2018,30,true,-323,261
Golden State Warriors,2018,31,true,-1111,711
Golden State Warriors,2018,32,false,-130,110
Golden State Warriors,2018,33,true,-714,509
Golden State Warriors,2018,34,true,-714,501
Golden State Warriors,2018,35,false,-417,325
Golden State Warriors,2018,36,false,-417,323
Golden State Warriors,2018,37,true,-204,168
Golden State Warriors,2018,38,true,-625,455
Golden State Warriors,2018,39,false,-370,298
Golden State Warriors,2018,40,true,-345,270
Golden State Warriors,2018,41,true,-3333,1451
Golden State Warriors,2018,42,true,-2000,1062
Golden State Warriors,2018,43,true,-244,200
Golden State Warriors,2018,44,true,-135,116
Golden State Warriors,2018,45,true,-294,235
Golden State Warriors,2018,46,true,-303,248
Golden State Warriors,2018,47,true,-1111,727
Golden State Warriors,2018,48,true,-476,363
Golden State Warriors,2018,49,true,-167,140
Golden State Warriors,2018,50,true,-323,260
Golden State Warriors,2018,51,false,-357,290
Golden State Warriors,2018,52,true,-1667,1009
Golden State Warriors,2018,53,true,-2000,1032
Golden State Warriors,2018,54,true,-2500,1237
Golden State Warriors,2018,55,true,-1250,808
Golden State Warriors,2018,56,true,-435,344
Golden State Warriors,2018,57,false,-133,112
Golden State Warriors,2018,58,true,-1000,659
Golden State Warriors,2018,59,false,-833,596
Golden State Warriors,2018,60,true,-417,317
Golden State Warriors,2018,61,false,-526,391
Golden State Warriors,2018,62,false,-192,158
Golden State Warriors,2018,63,true,-208,174
Golden State Warriors,2018,64,false,-270,223
Golden State Warriors,2018,65,true,-270,224
Golden State Warriors,2018,66,false,-3333,1365
Golden State Warriors,2018,67,true,146,-172
Golden State Warriors,2018,68,true,106,-128
Golden State Warriors,2018,69,false,-147,125
Golden State Warriors,2018,70,true,-263,215
Golden State Warriors,2018,71,true,-714,517
Golden State Warriors,2018,72,false,-1250,784
Golden State Warriors,2018,73,true,-556,418
Golden State Warriors,2018,74,true,-526,401
Golden State Warriors,2018,75,false,-556,425
Golden State Warriors,2018,76,true,-769,538
Golden State Warriors,2018,77,true,-400,318
Golden State Warriors,2018,78,true,-1429,816
Golden State Warriors,2018,79,true,-2500,1152
Golden State Warriors,2018,80,true,-769,548
Golden State Warriors,2018,81,true,-476,369
Golden State Warriors,2018,82,false,-222,184
Golden State Warriors,2019,1,false,-103,-115
Golden State Warriors,2019,2,false,-114,-104
Golden State Warriors,2019,3,true,114,-135
Golden State Warriors,2019,4,false,-217,181
Golden State Warriors,2019,5,false,238,-294
Golden State Warriors,2019,6,false,200,-250
Golden State Warriors,2019,7,true,559,-833
Golden State Warriors,2019,8,false,1102,-2000
Golden State Warriors,2019,9,false,528,-769
Golden State Warriors,2019,10,false,567,-833
Golden State Warriors,2019,11,false,276,-345
Golden State Warriors,2019,12,false,316,-400
Golden State Warriors,2019,13,false,239,-294
Golden State Warriors,2019,14,false,142,-169
Golden State Warriors,2019,15,true,209,-256
Golden State Warriors,2019,16,false,755,-1111
Golden State Warriors,2019,17,false,1036,-2000
Golden State Warriors,2019,18,false,245,-303
Golden State Warriors,2019,19,true,114,-137
Golden State Warriors,2019,20,false,541,-769
Golden State Warriors,2019,21,false,282,-357
Golden State Warriors,2019,22,false,214,-263
Golden State Warriors,2019,23,false,117,-137
Golden State Warriors,2019,24,true,169,-204
Golden State Warriors,2019,25,false,-154,127
Golden State Warriors,2019,26,false,-208,175
Golden State Warriors,2019,27,false,764,-1250
Golden State Warriors,2019,28,false,160,-189
Golden State Warriors,2019,29,false,359,-476
Golden State Warriors,2019,30,true,108,-130
Golden State Warriors,2019,31,true,-111,-110
Golden State Warriors,2019,32,true,530,-769
Golden State Warriors,2019,33,true,140,-167
Golden State Warriors,2019,34,false,442,-588
Golden State Warriors,2019,35,false,488,-667
Golden State Warriors,2019,36,false,125,-147
Golden State Warriors,2019,37,false,122,-145
Golden State Warriors,2019,38,false,432,-588
Golden State Warriors,2019,39,false,763,-1250
Golden State Warriors,2019,40,false,852,-1429
Golden State Warriors,2019,41,false,217,-263
Golden State Warriors,2019,42,false,284,-357
Golden State Warriors,2019,43,false,139,-164
Golden State Warriors,2019,44,true,196,-238
Golden State Warriors,2019,45,false,259,-323
Golden State Warriors,2019,46,false,332,-417
Golden State Warriors,2019,47,false,220,-270
Golden State Warriors,2019,48,false,705,-1111
Golden State Warriors,2019,49,false,685,-1111
Golden State Warriors,2019,50,true,104,-123
Golden State Warriors,2019,51,true,215,-263
Golden State Warriors,2019,52,false,227,-278
Golden State Warriors,2019,53,false,755,-1250
Golden State Warriors,2019,54,false,225,-278
Golden State Warriors,2019,55,false,229,-278
Golden State Warriors,2019,56,false,388,-500
Golden State Warriors,2019,57,false,408,-556
Golden State Warriors,2019,58,false,247,-303
Golden State Warriors,2019,59,false,445,-588
Golden State Warriors,2019,60,true,395,-500
Golden State Warriors,2019,61,false,252,-312
Golden State Warriors,2019,62,true,1041,-2000
Golden State Warriors,2019,63,false,336,-417
Golden State Warriors,2019,64,true,143,-167
Golden State Warriors,2019,65,false,633,-909
Golden State Warriors,2020,1,false,260,-323
Golden State Warriors,2020,2,false,413,-556
Golden State Warriors,2020,3,true,-164,139
Golden State Warriors,2020,4,true,-175,150
Golden State Warriors,2020,5,false,140,-164
Golden State Warriors,2020,6,true,165,-192
Golden State Warriors,2020,7,true,102,-120
Golden State Warriors,2020,8,false,177,-213
Golden State Warriors,2020,9,true,215,-263
Golden State Warriors,2020,10,true,119,-139
Golden State Warriors,2020,11,false,-159,136
Golden State Warriors,2020,12,false,163,-189
Golden State Warriors,2020,13,true,326,-417
Golden State Warriors,2020,14,true,-116,100
Golden State Warriors,2020,15,false,-204,174
Golden State Warriors,2020,16,false,237,-286
Golden State Warriors,2020,17,true,-385,311
Golden State Warriors,2020,18,true,-400,322
Golden State Warriors,2020,19,false,106,-125
Golden State Warriors,2020,20,true,-213,179
Golden State Warriors,2020,21,false,121,-141
Golden State Warriors,2020,22,true,152,-175
Golden State Warriors,2020,23,false,156,-182
Golden State Warriors,2020,24,false,102,-119
Golden State Warriors,2020,25,true,-120,104
Golden State Warriors,2020,26,true,-417,329
Golden State Warriors,2020,27,false,136,-156
Golden State Warriors,2020,28,true,-500,392
Golden State Warriors,2020,29,true,-120,104
Golden State Warriors,2020,30,false,-200,171
Golden State Warriors,2020,31,false,-133,114
Golden State Warriors,2020,32,true,-167,144
Golden State Warriors,2020,33,true,117,-135
Golden State Warriors,2020,34,true,-250,211
Golden State Warriors,2020,35,false,124,-143
Golden State Warriors,2020,36,false,-115,-102
Golden State Warriors,2020,37,false,598,-833
Golden State Warriors,2020,38,false,238,-286
Golden State Warriors,2020,39,true,254,-312
Golden State Warriors,2020,40,false,104,-122
Golden State Warriors,2020,41,true,-625,469
Golden State Warriors,2020,42,true,219,-263
Golden State Warriors,2020,43,false,215,-256
Golden State Warriors,2020,44,false,149,-175
Golden State Warriors,2020,45,false,154,-179
Golden State Warriors,2020,46,false,227,-278
Golden State Warriors,2020,47,true,-123,104
Golden State Warriors,2020,48,false,123,-145
Golden State Warriors,2020,49,false,173,-200
Golden State Warriors,2020,50,false,104,-120
Golden State Warriors,2020,51,true,123,-143
Golden State Warriors,2020,52,false,-185,159
Golden State Warriors,2020,53,true,-294,240
Golden State Warriors,2020,54,true,175,-204
Golden State Warriors,2020,55,true,-833,599
Golden State Warriors,2020,56,true,-222,185
Golden State Warriors,2020,57,false,125,-147
Golden State Warriors,2020,58,true,169,-200
Golden State Warriors,2020,59,false,-127,108
Golden State Warriors,2020,60,true,119,-139
Golden State Warriors,2020,61,true,-323,261
Golden State Warriors,2020,62,false,-169,145
Golden State Warriors,2020,63,false,-179,152
Golden State Warriors,2020,64,true,-385,313
Golden State Warriors,2020,65,true,108,-125
Golden State Warriors,2020,66,false,106,-125
Golden State Warriors,2020,67,true,-1111,718
Golden State Warriors,2020,68,true,-1111,733
Golden State Warriors,2020,69,true,108,-125
Golden State Warriors,2020,70,true,161,-189
Golden State Warriors,2020,71,true,-114,-102
Golden State Warriors,2020,72,true,-161,139
Golden State Warriors,2021,1,true,143,-164
Golden State Warriors,2021,2,true,-172,149
Golden State Warriors,2021,3,true,-152,131
Golden State Warriors,2021,4,true,-476,370
Golden State Warriors,2021,5,false,-244,204
Golden State Warriors,2021,6,true,-833,580
Golden State Warriors,2021,7,true,-244,202
Golden State Warriors,2021,8,true,-455,361
Golden State Warriors,2021,9,true,-1000,662
Golden State Warriors,2021,10,true,-164,141
Golden State Warriors,2021,11,true,-323,263
Golden State Warriors,2021,12,true,-227,191
Golden State Warriors,2021,13,false,-213,181
Golden State Warriors,2021,14,true,121,-141
Golden State Warriors,2021,15,true,-455,358
Golden State Warriors,2021,16,true,-130,110
Golden State Warriors,2021,17,true,-400,316
Golden State Warriors,2021,18,true,-500,384
Golden State Warriors,2021,19,true,-250,209
Golden State Warriors,2021,20,true,-145,124
Golden State Warriors,2021,21,false,131,-152
Golden State Warriors,2021,22,true,-294,242
Golden State Warriors,2021,23,false,-435,347
Golden State Warriors,2021,24,true,-1667,1013
Golden State Warriors,2021,25,true,-1429,934
Golden State Warriors,2021,26,false,-154,131
Golden State Warriors,2021,27,true,-172,149
Golden State Warriors,2021,28,true,-233,194
Golden State Warriors,2021,29,true,-179,154
Golden State Warriors,2021,30,false,280,-345
Golden State Warriors,2021,31,true,-1000,648
Golden State Warriors,2021,32,true,-217,181
Golden State Warriors,2021,33,true,202,-244
Golden State Warriors,2021,34,false,-357,289
Golden State Warriors,2021,35,true,167,-196
Golden State Warriors,2021,36,true,-526,420
Golden State Warriors,2021,37,false,-185,159
Golden State Warriors,2021,38,false,100,-118
Golden State Warriors,2021,39,true,-333,275
Golden State Warriors,2021,40,false,-132,114
Golden State Warriors,2021,41,false,-105,-111
Golden State Warriors,2021,42,true,120,-139
Golden State Warriors,2021,43,false,158,-182
Golden State Warriors,2021,44,true,-1667,922
Golden State Warriors,2021,45,false,-1429,861
Golden State Warriors,2021,46,true,-625,472
Golden State Warriors,2021,47,true,-127,110
Golden State Warriors,2021,48,true,-161,140
Golden State Warriors,2021,49,true,-250,210
Golden State Warriors,2021,50,true,-500,396
Golden State Warriors,2021,51,true,-500,395
Golden State Warriors,2021,52,true,216,-256
Golden State Warriors,2021,53,true,-1111,736
Golden State Warriors,2021,54,true,-833,601
Golden State Warriors,2021,55,false,-102,-114
Golden State Warriors,2021,56,false,-417,340
Golden State Warriors,2021,57,true,-263,222
Golden State Warriors,2021,58,false,-244,206
Golden State Warriors,2021,59,false,-200,172
Golden State Warriors,2021,60,true,-526,413
Golden State Warriors,2021,61,false,-164,142
Golden State Warriors,2021,62,false,-161,140
Golden State Warriors,2021,63,false,102,-118
Golden State Warriors,2021,64,false,-227,190
Golden State Warriors,2021,65,false,282,-345
Golden State Warriors,2021,66,true,-238,197
Golden State Warriors,2021,67,true,-120,104
Golden State Warriors,2021,68,true,117,-135
Golden State Warriors,2021,69,true,-714,518
Golden State Warriors,2021,70,false,-123,106
Golden State Warriors,2021,71,false,-256,216
Golden State Warriors,2021,72,false,-312,257
Golden State Warriors,2021,73,true,379,-476
Golden State Warriors,2021,74,false,114,-132
Golden State Warriors,2021,75,false,-278,234
Golden State Warriors,2021,76,false,388,-476
Golden State Warriors,2021,77,false,169,-196
Golden State Warriors,2021,78,true,119,-137
Golden State Warriors,2021,79,true,-189,162
Golden State Warriors,2021,80,true,-1250,769
Golden State Warriors,2021,81,true,-286,240
Golden State Warriors,2021,82,true,-270,223
Golden State Warriors,2022,1,true,-312,247
Golden State Warriors,2022,2,false,-222,179
Golden State Warriors,2022,3,true,-500,374
Golden State Warriors,2022,4,false,104,-125
Golden State Warriors,2022,5,true,-227,185
Golden State Warriors,2022,6,false,-500,372
Golden State Warriors,2022,7,false,-303,237
Golden State Warriors,2022,8,false,-103,-118
Golden State Warriors,2022,9,false,-455,333
Golden State Warriors,2022,10,false,393,-526
Golden State Warriors,2022,11,true,-333,259
Golden State Warriors,2022,12,true,-154,129
Golden State Warriors,2022,13,false,-179,150
Golden State Warriors,2022,14,true,-417,318
Golden State Warriors,2022,15,false,-139,117
Golden State Warriors,2022,16,true,-294,231
Golden State Warriors,2022,17,true,-526,395
Golden State Warriors,2022,18,false,423,-588
Golden State Warriors,2022,19,true,-500,365
Golden State Warriors,2022,20,true,-333,258
Golden State Warriors,2022,21,true,-122,102
Golden State Warriors,2022,22,false,-108,-111
Golden State Warriors,2022,23,true,-294,231
Golden State Warriors,2022,24,true,-625,438
Golden State Warriors,2022,25,false,-769,520
Golden State Warriors,2022,26,false,183,-227
Golden State Warriors,2022,27,true,116,-137
Golden State Warriors,2022,28,false,119,-143
Golden State Warriors,2022,29,false,-122,102
Golden State Warriors,2022,30,false,333,-435
Golden State Warriors,2022,31,true,193,-238
Golden State Warriors,2022,32,false,193,-238
Golden State Warriors,2022,33,false,428,-588
Golden State Warriors,2022,34,true,227,-286
Golden State Warriors,2022,35,true,-204,170
Golden State Warriors,2022,36,true,152,-182
Golden State Warriors,2022,37,true,-104,-115
Golden State Warriors,2022,38,true,-120,102
Golden State Warriors,2022,39,false,-263,214
Golden State Warriors,2022,40,false,-250,206
Golden State Warriors,2022,41,false,-769,528
Golden State Warriors,2022,42,true,-370,286
Golden State Warriors,2022,43,false,-227,183
Golden State Warriors,2022,44,true,-147,124
Golden State Warriors,2022,45,false,222,-278
Golden State Warriors,2022,46,true,383,-526
Golden State Warriors,2022,47,false,-303,242
Golden State Warriors,2022,48,true,-145,122
Golden State Warriors,2022,49,true,-175,146
Golden State Warriors,2022,50,true,-200,165
Golden State Warriors,2022,51,false,-185,154
Golden State Warriors,2022,52,false,225,-270
Golden State Warriors,2022,53,true,-526,397
Golden State Warriors,2022,54,true,-152,131
Golden State Warriors,2022,55,false,122,-141
Golden State Warriors,2022,56,false,-213,177
Golden State Warriors,2022,57,true,-167,144
Golden State Warriors,2022,58,false,275,-333
Golden State Warriors,2022,59,false,200,-238
Golden State Warriors,2022,60,true,-400,319
Golden State Warriors,2022,61,true,-132,112
Golden State Warriors,2022,62,true,-200,168
Golden State Warriors,2022,63,true,123,-147
Golden State Warriors,2022,64,true,-200,165
Golden State Warriors,2022,65,false,-204,169
Golden State Warriors,2022,66,false,-179,150
Golden State Warriors,2022,67,false,-149,125
Golden State Warriors,2022,68,true,-164,138
Golden State Warriors,2022,69,true,-189,159
Golden State Warriors,2022,70,false,123,-147
Golden State Warriors,2022,71,false,133,-156
Golden State Warriors,2022,72,false,-120,102
Golden State Warriors,2022,73,true,-667,474
Golden State Warriors,2022,74,true,-159,136
Golden State Warriors,2022,75,true,-182,156
Golden State Warriors,2022,76,false,-217,181
Golden State Warriors,2022,77,true,-370,289
Golden State Warriors,2022,78,true,-1667,972
Golden State Warriors,2022,79,false,-169,149
Golden State Warriors,2022,80,true,-312,248
Golden State Warriors,2022,81,true,-625,441
Golden State Warriors,2022,82,true,-1429,871
Golden State Warriors,2023,1,false,-145,125
Golden State Warriors,2023,2,true,131,-152
Golden State Warriors,2023,3,true,-278,221
Golden State Warriors,2023,4,true,133,-156
Golden State Warriors,2023,5,true,-263,214
Golden State Warriors,2023,6,true,-244,200
Golden State Warriors,2023,7,false,-102,-115
Golden State Warriors,2023,8,true,-385,301
Golden State Warriors,2023,9,false,160,-189
Golden State Warriors,2023,10,false,-179,150
Golden State Warriors,2023,11,false,-154,133
Golden State Warriors,2023,12,false,131,-152
Golden State Warriors,2023,13,false,136,-156
Golden State Warriors,2023,14,false,-132,112
Golden State Warriors,2023,15,true,-286,231
Golden State Warriors,2023,16,false,124,-143
Golden State Warriors,2023,17,true,-455,353
Golden State Warriors,2023,18,false,108,-128
Golden State Warriors,2023,19,true,-128,108
Golden State Warriors,2023,20,false,172,-208
Golden State Warriors,2023,21,true,-714,522
Golden State Warriors,2023,22,false,131,-154
Golden State Warriors,2023,23,false,-114,-104
Golden State Warriors,2023,24,false,114,-133
Golden State Warriors,2023,25,true,-156,134
Golden State Warriors,2023,26,true,-227,186
Golden State Warriors,2023,27,true,165,-196
Golden State Warriors,2023,28,true,-556,405
Golden State Warriors,2023,29,true,-357,280
Golden State Warriors,2023,30,false,225,-270
Golden State Warriors,2023,31,false,-250,209
Golden State Warriors,2023,32,false,-172,147
Golden State Warriors,2023,33,true,-164,140
Golden State Warriors,2023,34,false,145,-169
Golden State Warriors,2023,35,true,-500,382
Golden State Warriors,2023,36,false,-132,110
Golden State Warriors,2023,37,false,121,-141
Golden State Warriors,2023,38,true,122,-143
Golden State Warriors,2023,39,false,624,-909
Golden State Warriors,2023,40,false,-303,243
Golden State Warriors,2023,41,true,-238,200
Golden State Warriors,2023,42,false,102,-120
Golden State Warriors,2023,43,false,-120,102
Golden State Warriors,2023,44,true,-135,117
Golden State Warriors,2023,45,true,-303,243
Golden State Warriors,2023,46,false,112,-132
Golden State Warriors,2023,47,true,-111,-106
Golden State Warriors,2023,48,true,-154,129
Golden State Warriors,2023,49,true,181,-227
Golden State Warriors,2023,50,true,102,-119
Golden State Warriors,2023,51,true,-112,-105
Golden State Warriors,2023,52,false,-161,136
Golden State Warriors,2023,53,true,-135,118
Golden State Warriors,2023,54,true,-233,188
Golden State Warriors,2023,55,true,-714,516
Golden State Warriors,2023,56,false,-125,106
Golden State Warriors,2023,57,true,-556,415
Golden State Warriors,2023,58,true,-159,135
Golden State Warriors,2023,59,true,-145,124
Golden State Warriors,2023,60,false,277,-345
Golden State Warriors,2023,61,true,-143,121
Golden State Warriors,2023,62,false,-357,284
Golden State Warriors,2023,63,false,-667,498
Golden State Warriors,2023,64,true,-196,167
Golden State Warriors,2023,65,false,288,-357
Golden State Warriors,2023,66,true,106,-125
Golden State Warriors,2023,67,false,-238,199
Golden State Warriors,2023,68,true,-625,451
Golden State Warriors,2023,69,false,-189,160
Golden State Warriors,2023,70,false,112,-130
Golden State Warriors,2023,71,true,-208,170
Golden State Warriors,2023,72,true,149,-175
Golden State Warriors,2023,73,true,-833,581
Golden State Warriors,2023,74,true,-526,396
Golden State Warriors,2023,75,true,-106,-110
Golden State Warriors,2023,76,true,-154,131
Golden State Warriors,2023,77,false,-109,-111
Golden State Warriors,2023,78,true,-769,547
Golden State Warriors,2023,79,true,-130,110
Golden State Warriors,2023,80,true,-833,597
Golden State Warriors,2023,81,false,-185,154
Golden State Warriors,2023,82,true,-556,416
Golden State Warriors,2024,1,true,-294,231
Golden State Warriors,2024,2,true,-256,206
Golden State Warriors,2024,3,false,-417,311
Golden State Warriors,2024,4,true,110,-132
Golden State Warriors,2024,5,true,-164,137
Golden State Warriors,2024,6,true,159,-192
Golden State Warriors,2024,7,true,-588,422
Golden State Warriors,2024,8,true,217,-270
Golden State Warriors,2024,9,false,136,-161
Golden State Warriors,2024,10,true,206,-256
Golden State Warriors,2024,11,true,-147,122
Golden State Warriors,2024,12,true,-303,237
Golden State Warriors,2024,13,false,-213,174
Golden State Warriors,2024,14,true,-333,264
Golden State Warriors,2024,15,true,-500,370
Golden State Warriors,2024,16,false,-164,138
Golden State Warriors,2024,17,false,-909,608
Golden State Warriors,2024,18,false,152,-185
Golden State Warriors,2024,19,false,-105,-114
Golden State Warriors,2024,20,false,167,-200
Golden State Warriors,2024,21,true,154,-189
Golden State Warriors,2024,22,false,-101,-119
Golden State Warriors,2024,23,true,-119,-101
Golden State Warriors,2024,24,false,-109,-110
Golden State Warriors,2024,25,false,112,-133
Golden State Warriors,2024,26,true,141,-169
Golden State Warriors,2024,27,false,-217,175
Golden State Warriors,2024,28,false,-167,140
Golden State Warriors,2024,29,false,184,-227
Golden State Warriors,2024,30,true,-250,200
Golden State Warriors,2024,31,false,139,-167
Golden State Warriors,2024,32,true,-179,145
Golden State Warriors,2024,33,true,-154,127
Golden State Warriors,2024,34,false,-159,134
Golden State Warriors,2024,35,false,-400,315
Golden State Warriors,2024,36,true,-147,125
Golden State Warriors,2024,37,false,397,-556
Golden State Warriors,2024,38,false,-217,177
Golden State Warriors,2024,39,true,214,-270
Golden State Warriors,2024,40,true,-909,626
Golden State Warriors,2024,41,false,318,-417
Golden State Warriors,2024,42,false,237,-303
Golden State Warriors,2024,43,true,-175,146
Golden State Warriors,2024,44,false,-105,-114
Golden State Warriors,2024,45,true,-526,380
Golden State Warriors,2024,46,true,338,-455
Golden State Warriors,2024,47,false,120,-141
Golden State Warriors,2024,48,true,-164,137
Golden State Warriors,2024,49,false,-256,209
Golden State Warriors,2024,50,false,163,-192
Golden State Warriors,2024,51,true,-250,204
Golden State Warriors,2024,52,true,-270,220
Golden State Warriors,2024,53,false,-323,257
Golden State Warriors,2024,54,true,-119,102
Golden State Warriors,2024,55,true,-132,110
Golden State Warriors,2024,56,true,-400,316
Golden State Warriors,2024,57,true,-1667,916
Golden State Warriors,2024,58,true,-196,164
Golden State Warriors,2024,59,false,-256,214
Golden State Warriors,2024,60,true,-769,548
Golden State Warriors,2024,61,true,-104,-114
Golden State Warriors,2024,62,true,-588,422
Golden State Warriors,2024,63,true,-204,174
Golden State Warriors,2024,64,true,-667,499
Golden State Warriors,2024,65,true,-278,231
Golden State Warriors,2024,66,true,-256,213
Golden State Warriors,2024,67,false,-588,430
Golden State Warriors,2024,68,true,108,-128
Golden State Warriors,2024,69,true,-1111,692
Golden State Warriors,2024,70,false,-141,120
Golden State Warriors,2024,71,false,-189,156
Golden State Warriors,2024,72,true,-1250,816
Golden State Warriors,2024,73,true,-588,449
Golden State Warriors,2024,74,true,-172,143
Golden State Warriors,2024,75,true,-106,-115
Golden State Warriors,2024,76,true,-149,125
Golden State Warriors,2024,77,false,-213,175
Golden State Warriors,2024,78,true,-476,353
Golden State Warriors,2024,79,false,-2000,952
Golden State Warriors,2024,80,true,-1250,744
Golden State Warriors,2024,81,false,-167,138
Golden State Warriors,2025,1,true,-141,120
Golden State Warriors,2025,2,true,-118,100
Golden State Warriors,2025,3,false,-149,125
Golden State Warriors,2025,4,true,-333,270
Golden State Warriors,2025,5,true,104,-120
Golden State Warriors,2025,6,false,-303,250
Golden State Warriors,2025,7,false,-500,375
Golden State Warriors,2025,8,true,-455,375
Golden State Warriors,2025,9,false,125,-143
Golden State Warriors,2025,10,false,350,-417
Golden State Warriors,2025,11,true,-667,525
Golden State Warriors,2025,12,false,260,-312
Golden State Warriors,2025,13,true,140,-161
Golden State Warriors,2025,14,true,125,-149
Golden State Warriors,2025,15,true,-556,400
Golden State Warriors,2025,16,false,-143,125
Golden State Warriors,2025,17,false,340,-417
Golden State Warriors,2025,18,false,-455,375
Golden State Warriors,2025,19,true,-769,600
Golden State Warriors,2025,20,false,-149,125
Golden State Warriors,2025,21,true,-417,350
Golden State Warriors,2025,22,false,425,-556
Golden State Warriors,2025,23,false,150,-172
Golden State Warriors,2025,24,true,300,-370
Golden State Warriors,2025,25,true,-115,100
Golden State Warriors,2025,26,false,-189,166
Golden State Warriors,2025,27,false,-200,170
Golden State Warriors,2025,28,false,-130,118
Golden State Warriors,2025,29,true,-233,195
Golden State Warriors,2025,30,true,-233,198
Golden State Warriors,2025,31,true,-323,290
Golden State Warriors,2025,32,false,-179,154
Golden State Warriors,2025,33,true,-222,190
Golden State Warriors,2025,34,true,-294,240
Golden State Warriors,2025,35,false,530,-714
Golden State Warriors,2025,36,true,-588,440
Golden State Warriors,2025,37,false,-156,135
Golden State Warriors,2025,38,true,-233,210
Golden State Warriors,2025,39,true,-769,610
Golden State Warriors,2025,40,false,-270,229
Golden State Warriors,2025,41,true,-455,380
Golden State Warriors,2025,42,true,-270,220
Golden State Warriors,2025,43,true,-270,240
Golden State Warriors,2025,44,true,-189,175
Golden State Warriors,2025,45,false,-167,150
Golden State Warriors,2025,46,false,-250,204
Golden State Warriors,2025,47,true,175,-200
Golden State Warriors,2025,48,false,245,-294
Golden State Warriors,2025,49,true,-303,260
Golden State Warriors,2025,50,false,-133,114
Golden State Warriors,2025,51,false,-182,160
Golden State Warriors,2025,52,true,190,-208
Golden State Warriors,2025,53,false,116,-125
Golden State Warriors,2025,54,true,-345,309
Golden State Warriors,2025,55,false,210,-233
Golden State Warriors,2025,56,false,195,-204
Golden State Warriors,2025,57,true,204,-238
Golden State Warriors,2025,58,false,-118,100
Golden State Warriors,2025,59,true,-179,154
Golden State Warriors,2025,60,false,140,-159
Golden State Warriors,2025,61,false,102,-115
Golden State Warriors,2025,62,true,330,-400
Golden State Warriors,2025,63,false,475,-588
Golden State Warriors,2025,64,false,-263,220
Golden State Warriors,2025,65,false,-222,185
Golden State Warriors,2025,66,false,172,-200
Golden State Warriors,2025,67,false,650,-909
Golden State Warriors,2025,68,true,-303,250
Golden State Warriors,2025,69,false,475,-588
Golden State Warriors,2025,70,false,195,-227
Golden State Warriors,2025,71,false,265,-303
Golden State Warriors,2025,72,true,-130,120
Golden State Warriors,2025,73,true,-625,500
Golden State Warriors,2025,74,true,-714,550
Golden State Warriors,2025,75,false,480,-667
Golden State Warriors,2025,76,false,700,-1111
Golden State Warriors,2025,77,false,375,-455
Golden State Warriors,2025,78,false,145,-164
Golden State Warriors,2025,79,true,-909,700
Golden State Warriors,2025,80,false,-118,104
Golden State Warriors,2025,81,false,-500,400
Golden State Warriors,2025,82,false,148,-164
Houston Rockets,2016,1,false,-250,204
Houston Rockets,2016,2,true,-132,110
Houston Rockets,2016,3,true,-196,165
Houston Rockets,2016,4,false,409,-556
Houston Rockets,2016,5,true,-105,-112
Houston Rockets,2016,6,false,133,-156
Houston Rockets,2016,7,true,-103,-115
Houston Rockets,2016,8,true,338,-435
Houston Rockets,2016,9,false,106,-125
Houston Rockets,2016,10,true,-833,576
Houston Rockets,2016,11,false,117,-139
Houston Rockets,2016,12,true,-213,177
Houston Rockets,2016,13,true,-303,243
Houston Rockets,2016,14,true,-135,114
Houston Rockets,2016,15,false,-179,152
Houston Rockets,2016,16,true,-161,138
Houston Rockets,2016,17,true,-128,108
Houston Rockets,2016,18,false,-118,-101
Houston Rockets,2016,19,true,497,-714
Houston Rockets,2016,20,true,135,-159
Houston Rockets,2016,21,true,-227,187
Houston Rockets,2016,22,true,-1429,883
Houston Rockets,2016,23,true,-123,104
Houston Rockets,2016,24,true,-1111,703
Houston Rockets,2016,25,true,-1111,718
Houston Rockets,2016,26,true,-1250,782
Houston Rockets,2016,27,true,-1000,650
Houston Rockets,2016,28,true,-149,125
Houston Rockets,2016,29,false,-115,-103
Houston Rockets,2016,30,true,-270,223
Houston Rockets,2016,31,false,-167,142
Houston Rockets,2016,32,true,-1111,696
Houston Rockets,2016,33,true,-213,177
Houston Rockets,2016,34,true,-667,467
Houston Rockets,2016,35,true,-1000,698
Houston Rockets,2016,36,true,-357,280
Houston Rockets,2016,37,true,-400,312
Houston Rockets,2016,38,true,-213,175
Houston Rockets,2016,39,true,-135,114
Houston Rockets,2016,40,true,-455,348
Houston Rockets,2016,41,false,-159,136
Houston Rockets,2016,42,false,-323,259
Houston Rockets,2016,43,true,-1667,967
Houston Rockets,2016,44,false,-312,257
Houston Rockets,2016,45,true,-270,225
Houston Rockets,2016,46,false,183,-222
Houston Rockets,2016,47,true,-119,100
Houston Rockets,2016,48,false,-204,171
Houston Rockets,2016,49,false,-175,149
Houston Rockets,2016,50,true,-286,234
Houston Rockets,2016,51,false,-161,137
Houston Rockets,2016,52,true,-909,601
Houston Rockets,2016,53,false,-526,400
Houston Rockets,2016,54,true,-556,409
Houston Rockets,2016,55,true,-769,542
Houston Rockets,2016,56,true,-139,118
Houston Rockets,2016,57,true,-2000,1168
Houston Rockets,2016,58,false,-556,419
Houston Rockets,2016,59,true,-167,142
Houston Rockets,2016,60,true,-909,635
Houston Rockets,2016,61,false,-526,393
Houston Rockets,2016,62,true,120,-141
Houston Rockets,2016,63,true,-417,318
Houston Rockets,2016,64,false,141,-167
Houston Rockets,2016,65,false,-417,318
Houston Rockets,2016,66,true,-256,209
Houston Rockets,2016,67,true,-294,239
Houston Rockets,2016,68,true,-3333,1503
Houston Rockets,2016,69,false,-256,215
Houston Rockets,2016,70,true,-132,110
Houston Rockets,2016,71,true,-385,300
Houston Rockets,2016,72,true,-370,291
Houston Rockets,2016,73,true,-244,200
Houston Rockets,2016,74,false,-119,100
Houston Rockets,2016,75,false,-105,-114
Houston Rockets,2016,76,false,338,-435
Houston Rockets,2016,77,true,-345,277
Houston Rockets,2016,78,true,-345,273
Houston Rockets,2016,79,false,-769,530
Houston Rockets,2016,80,true,-500,384
Houston Rockets,2016,81,false,363,-476
Houston Rockets,2016,82,true,-357,281
Houston Rockets,2017,1,true,349,-455
Houston Rockets,2017,2,true,-294,237
Houston Rockets,2017,3,true,-769,549
Houston Rockets,2017,4,false,-345,276
Houston Rockets,2017,5,true,-164,138
Houston Rockets,2017,6,true,-147,125
Houston Rockets,2017,7,false,150,-185
Houston Rockets,2017,8,false,-294,240
Houston Rockets,2017,9,true,-238,194
Houston Rockets,2017,10,true,-417,325
Houston Rockets,2017,11,true,-244,204
Houston Rockets,2017,12,true,-217,179
Houston Rockets,2017,13,true,-278,229
Houston Rockets,2017,14,true,-161,136
Houston Rockets,2017,15,false,-256,213
Houston Rockets,2017,16,true,-1000,639
Houston Rockets,2017,17,true,-312,257
Houston Rockets,2017,18,true,-417,321
Houston Rockets,2017,19,true,-3333,1489
Houston Rockets,2017,20,true,-3333,1460
Houston Rockets,2017,21,true,-714,519
Houston Rockets,2017,22,true,-833,573
Houston Rockets,2017,23,true,-256,213
Houston Rockets,2017,24,true,-370,292
Houston Rockets,2017,25,true,-1000,683
Houston Rockets,2017,26,true,-833,585
Houston Rockets,2017,27,true,-370,294
Houston Rockets,2017,28,true,-588,448
Houston Rockets,2017,29,true,-909,596
Houston Rockets,2017,30,false,-1667,911
Houston Rockets,2017,31,false,-909,631
Houston Rockets,2017,32,false,108,-128
Houston Rockets,2017,33,false,-127,108
Houston Rockets,2017,34,false,-133,110
Houston Rockets,2017,35,true,-1429,857
Houston Rockets,2017,36,true,-303,250
Houston Rockets,2017,37,false,156,-185
Houston Rockets,2017,38,false,-250,204
Houston Rockets,2017,39,true,-238,197
Houston Rockets,2017,40,true,-294,240
Houston Rockets,2017,41,true,-294,236
Houston Rockets,2017,42,false,-200,168
Houston Rockets,2017,43,true,-208,171
Houston Rockets,2017,44,true,122,-145
Houston Rockets,2017,45,true,-667,495
Houston Rockets,2017,46,true,-278,227
Houston Rockets,2017,47,false,-189,159
Houston Rockets,2017,48,true,-1667,909
Houston Rockets,2017,49,true,-1111,699
Houston Rockets,2017,50,true,-137,116
Houston Rockets,2017,51,true,-164,139
Houston Rockets,2017,52,true,-714,503
Houston Rockets,2017,53,true,-192,161
Houston Rockets,2017,54,true,-417,322
Houston Rockets,2017,55,true,-1667,1008
Houston Rockets,2017,56,true,-167,139
Houston Rockets,2017,57,true,-1667,1005
Houston Rockets,2017,58,true,-345,279
Houston Rockets,2017,59,true,-192,162
Houston Rockets,2017,60,true,-116,-102
Houston Rockets,2017,61,true,-417,320
Houston Rockets,2017,62,true,-370,300
Houston Rockets,2017,63,true,-213,175
Houston Rockets,2017,64,true,-244,198
Houston Rockets,2017,65,false,-152,127
Houston Rockets,2017,66,true,-625,465
Houston Rockets,2017,67,true,-833,573
Houston Rockets,2017,68,true,-833,570
Houston Rockets,2017,69,true,-417,319
Houston Rockets,2017,70,true,-323,259
Houston Rockets,2017,71,true,-189,156
Houston Rockets,2017,72,true,-769,544
Houston Rockets,2017,73,true,-435,344
Houston Rockets,2017,74,true,-1667,946
Houston Rockets,2017,75,true,-1429,856
Houston Rockets,2017,76,true,-5000,1687
Houston Rockets,2017,77,false,-112,-105
Houston Rockets,2017,78,true,-400,319
Houston Rockets,2017,79,true,-714,515
Houston Rockets,2017,80,false,-208,177
Houston Rockets,2017,81,true,-370,301
Houston Rockets,2017,82,false,114,-133
Houston Rockets,2018,1,false,-357,285
Houston Rockets,2018,2,true,-156,133
Houston Rockets,2018,3,false,110,-130
Houston Rockets,2018,4,false,-115,-102
Houston Rockets,2018,5,false,-169,144
Houston Rockets,2018,6,false,-189,160
Houston Rockets,2018,7,true,-179,152
Houston Rockets,2018,8,true,-400,315
Houston Rockets,2018,9,true,-104,-114
Houston Rockets,2018,10,false,-208,172
Houston Rockets,2018,11,false,-164,141
Houston Rockets,2018,12,true,-137,114
Houston Rockets,2018,13,true,150,-182
Houston Rockets,2018,14,true,-172,147
Houston Rockets,2018,15,true,-1000,657
Houston Rockets,2018,16,true,-435,341
Houston Rockets,2018,17,false,-175,150
Houston Rockets,2018,18,false,-303,249
Houston Rockets,2018,19,false,106,-127
Houston Rockets,2018,20,false,-244,200
Houston Rockets,2018,21,true,-161,139
Houston Rockets,2018,22,true,-1250,800
Houston Rockets,2018,23,false,-135,114
Houston Rockets,2018,24,false,-102,-116
Houston Rockets,2018,25,false,-164,138
Houston Rockets,2018,26,true,-256,209
Houston Rockets,2018,27,true,-233,195
Houston Rockets,2018,28,true,-204,170
Houston Rockets,2018,29,true,-208,171
Houston Rockets,2018,30,true,-714,501
Houston Rockets,2018,31,false,-145,124
Houston Rockets,2018,32,true,-204,171
Houston Rockets,2018,33,true,-104,-114
Houston Rockets,2018,34,true,121,-143
Houston Rockets,2018,35,true,-161,136
Houston Rockets,2018,36,true,-185,154
Houston Rockets,2018,37,true,298,-370
Houston Rockets,2018,38,false,110,-130
Houston Rockets,2018,39,true,-114,-105
Houston Rockets,2018,40,false,104,-123
Houston Rockets,2018,41,true,-1429,869
Houston Rockets,2018,42,false,-217,177
Houston Rockets,2018,43,true,-161,136
Houston Rockets,2018,44,false,-238,192
Houston Rockets,2018,45,true,-303,243
Houston Rockets,2018,46,false,156,-185
Houston Rockets,2018,47,true,-357,287
Houston Rockets,2018,48,true,136,-161
Houston Rockets,2018,49,true,-417,322
Houston Rockets,2018,50,false,-1429,839
Houston Rockets,2018,51,false,134,-159
Houston Rockets,2018,52,true,237,-294
Houston Rockets,2018,53,true,-417,325
Houston Rockets,2018,54,true,-175,148
Houston Rockets,2018,55,false,-137,116
Houston Rockets,2018,56,true,-667,495
Houston Rockets,2018,57,false,-185,156
Houston Rockets,2018,58,false,-149,127
Houston Rockets,2018,59,true,596,-833
Houston Rockets,2018,60,true,-1111,700
Houston Rockets,2018,61,true,-222,181
Houston Rockets,2018,62,true,-476,371
Houston Rockets,2018,63,true,110,-130
Houston Rockets,2018,64,true,134,-159
Houston Rockets,2018,65,true,-357,281
Houston Rockets,2018,66,true,-417,324
Houston Rockets,2018,67,true,-526,399
Houston Rockets,2018,68,false,-172,146
Houston Rockets,2018,69,true,-1000,668
Houston Rockets,2018,70,true,-500,384
Houston Rockets,2018,71,true,-345,279
Houston Rockets,2018,72,false,-227,187
Houston Rockets,2018,73,true,-263,215
Houston Rockets,2018,74,true,-526,405
Houston Rockets,2018,75,false,133,-156
Houston Rockets,2018,76,true,-244,200
Houston Rockets,2018,77,true,-556,423
Houston Rockets,2018,78,true,-250,206
Houston Rockets,2018,79,true,-141,120
Houston Rockets,2018,80,true,-5000,1586
Houston Rockets,2018,81,true,-5000,1664
Houston Rockets,2018,82,false,-152,127
Houston Rockets,2019,1,false,-119,100
Houston Rockets,2019,2,true,-909,581
Houston Rockets,2019,3,true,-556,420
Houston Rockets,2019,4,true,-345,277
Houston Rockets,2019,5,false,-189,159
Houston Rockets,2019,6,false,-156,129
Houston Rockets,2019,7,true,-238,197
Houston Rockets,2019,8,true,-2000,1102
Houston Rockets,2019,9,true,-286,229
Houston Rockets,2019,10,true,-323,257
Houston Rockets,2019,11,true,-137,114
Houston Rockets,2019,12,true,-256,208
Houston Rockets,2019,13,true,116,-137
Houston Rockets,2019,14,true,-333,267
Houston Rockets,2019,15,false,-101,-118
Houston Rockets,2019,16,false,179,-213
Houston Rockets,2019,17,false,-222,186
Houston Rockets,2019,18,true,-323,260
Houston Rockets,2019,19,true,-1250,790
Houston Rockets,2019,20,false,-303,243
Houston Rockets,2019,21,true,106,-127
Houston Rockets,2019,22,true,-769,534
Houston Rockets,2019,23,false,-833,581
Houston Rockets,2019,24,true,-769,532
Houston Rockets,2019,25,true,-270,223
Houston Rockets,2019,26,false,-333,268
Houston Rockets,2019,27,true,-556,428
Houston Rockets,2019,28,true,175,-213
Houston Rockets,2019,29,true,-435,336
Houston Rockets,2019,30,true,-250,204
Houston Rockets,2019,31,false,-769,530
Houston Rockets,2019,32,true,-455,359
Houston Rockets,2019,33,false,177,-213
Houston Rockets,2019,34,true,-244,204
Houston Rockets,2019,35,true,-185,156
Houston Rockets,2019,36,true,-345,275
Houston Rockets,2019,37,false,-167,142
Houston Rockets,2019,38,true,-526,407
Houston Rockets,2019,39,false,-185,156
Houston Rockets,2019,40,false,-385,308
Houston Rockets,2019,41,false,-154,129
Houston Rockets,2019,42,false,-323,262
Houston Rockets,2019,43,true,-526,412
Houston Rockets,2019,44,true,-238,196
Houston Rockets,2019,45,false,120,-141
Houston Rockets,2019,46,true,823,-1429
Houston Rockets,2019,47,false,-227,189
Houston Rockets,2019,48,true,-345,275
Houston Rockets,2019,49,true,-208,173
Houston Rockets,2019,50,true,-1000,667
Houston Rockets,2019,51,true,208,-250
Houston Rockets,2019,52,false,-135,114
Houston Rockets,2019,53,false,-143,121
Houston Rockets,2019,54,true,-137,114
Houston Rockets,2019,55,true,-500,388
Houston Rockets,2019,56,true,106,-125
Houston Rockets,2019,57,true,-1000,657
Houston Rockets,2019,58,true,-833,588
Houston Rockets,2019,59,true,-116,-101
Houston Rockets,2019,60,false,-556,419
Houston Rockets,2019,61,false,-104,-114
Houston Rockets,2019,62,false,-345,278
Houston Rockets,2019,63,false,-333,274
Houston Rockets,2019,64,true,-909,632
Houston Rockets,2019,65,true,-116,100
Houston Rockets,2019,66,true,172,-200
Houston Rockets,2019,67,false,-159,138
Houston Rockets,2019,68,true,-154,134
Houston Rockets,2019,69,true,-189,163
Houston Rockets,2019,70,false,152,-175
Houston Rockets,2019,71,false,-270,229
Houston Rockets,2019,72,false,-143,125
Houston Rockets,2020,1,false,262,-323
Houston Rockets,2020,2,false,214,-263
Houston Rockets,2020,3,true,-213,179
Houston Rockets,2020,4,true,-101,-108
Houston Rockets,2020,5,false,-167,143
Houston Rockets,2020,6,false,123,-145
Houston Rockets,2020,7,true,-286,233
Houston Rockets,2020,8,false,152,-179
Houston Rockets,2020,9,false,160,-189
Houston Rockets,2020,10,true,237,-294
Houston Rockets,2020,11,false,237,-294
Houston Rockets,2020,12,false,-128,108
Houston Rockets,2020,13,false,194,-227
Houston Rockets,2020,14,true,125,-145
Houston Rockets,2020,15,true,243,-294
Houston Rockets,2020,16,true,-156,136
Houston Rockets,2020,17,true,-185,159
Houston Rockets,2020,18,true,110,-128
Houston Rockets,2020,19,true,-200,171
Houston Rockets,2020,20,false,-263,223
Houston Rockets,2020,21,true,141,-164
Houston Rockets,2020,22,false,-116,-101
Houston Rockets,2020,23,false,-123,104
Houston Rockets,2020,24,false,215,-256
Houston Rockets,2020,25,false,110,-128
Houston Rockets,2020,26,false,-108,-109
Houston Rockets,2020,27,false,106,-125
Houston Rockets,2020,28,false,296,-370
Houston Rockets,2020,29,false,-106,-110
Houston Rockets,2020,30,false,-200,171
Houston Rockets,2020,31,false,224,-270
Houston Rockets,2020,32,false,142,-167
Houston Rockets,2020,33,false,-145,125
Houston Rockets,2020,34,false,425,-556
Houston Rockets,2020,35,false,208,-250
Houston Rockets,2020,36,false,1354,-3333
Houston Rockets,2020,37,false,480,-667
Houston Rockets,2020,38,false,315,-400
Houston Rockets,2020,39,false,469,-625
Houston Rockets,2020,40,false,-135,114
Houston Rockets,2020,41,false,-192,165
Houston Rockets,2020,42,true,303,-385
Houston Rockets,2020,43,false,146,-172
Houston Rockets,2020,44,false,148,-172
Houston Rockets,2020,45,true,159,-185
Houston Rockets,2020,46,false,283,-357
Houston Rockets,2020,47,false,678,-1000
Houston Rockets,2020,48,false,542,-769
Houston Rockets,2020,49,false,122,-141
Houston Rockets,2020,50,false,733,-1111
Houston Rockets,2020,51,true,415,-556
Houston Rockets,2020,52,false,493,-667
Houston Rockets,2020,53,false,240,-294
Houston Rockets,2020,54,false,610,-909
Houston Rockets,2020,55,false,141,-164
Houston Rockets,2020,56,false,324,-400
Houston Rockets,2020,57,true,-114,-103
Houston Rockets,2020,58,false,169,-200
Houston Rockets,2020,59,false,498,-667
Houston Rockets,2020,60,false,374,-476
Houston Rockets,2020,61,false,819,-1250
Houston Rockets,2020,62,false,114,-135
Houston Rockets,2020,63,true,722,-1111
Houston Rockets,2020,64,false,313,-385
Houston Rockets,2020,65,false,436,-588
Houston Rockets,2020,66,false,835,-1429
Houston Rockets,2020,67,false,1201,-2500
Houston Rockets,2020,68,false,1038,-2000
Houston Rockets,2020,69,false,948,-1667
Houston Rockets,2020,70,false,376,-476
Houston Rockets,2020,71,true,259,-312
Houston Rockets,2020,72,false,249,-303
Houston Rockets,2021,1,false,200,-233
Houston Rockets,2021,2,true,-149,127
Houston Rockets,2021,3,false,179,-213
Houston Rockets,2021,4,false,480,-625
Houston Rockets,2021,5,false,354,-435
Houston Rockets,2021,6,false,443,-588
Houston Rockets,2021,7,false,498,-667
Houston Rockets,2021,8,false,505,-667
Houston Rockets,2021,9,false,474,-625
Houston Rockets,2021,10,false,662,-1000
Houston Rockets,2021,11,false,-147,125
Houston Rockets,2021,12,false,223,-270
Houston Rockets,2021,13,false,304,-385
Houston Rockets,2021,14,false,509,-714
Houston Rockets,2021,15,false,134,-156
Houston Rockets,2021,16,false,504,-667
Houston Rockets,2021,17,false,496,-667
Houston Rockets,2021,18,true,351,-435
Houston Rockets,2021,19,true,177,-208
Houston Rockets,2021,20,true,-139,119
Houston Rockets,2021,21,true,112,-132
Houston Rockets,2021,22,true,-149,129
Houston Rockets,2021,23,true,125,-145
Houston Rockets,2021,24,true,144,-167
Houston Rockets,2021,25,false,348,-435
Houston Rockets,2021,26,false,281,-345
Houston Rockets,2021,27,true,419,-556
Houston Rockets,2021,28,false,344,-435
Houston Rockets,2021,29,false,186,-217
Houston Rockets,2021,30,true,-110,-106
Houston Rockets,2021,31,false,244,-294
Houston Rockets,2021,32,false,330,-417
Houston Rockets,2021,33,false,225,-270
Houston Rockets,2021,34,false,278,-345
Houston Rockets,2021,35,false,192,-227
Houston Rockets,2021,36,false,175,-208
Houston Rockets,2021,37,false,261,-312
Houston Rockets,2021,38,false,667,-1000
Houston Rockets,2021,39,true,254,-312
Houston Rockets,2021,40,false,127,-149
Houston Rockets,2021,41,false,221,-263
Houston Rockets,2021,42,false,383,-476
Houston Rockets,2021,43,true,248,-303
Houston Rockets,2021,44,false,172,-204
Houston Rockets,2021,45,true,162,-189
Houston Rockets,2021,46,true,713,-1111
Houston Rockets,2021,47,false,472,-625
Houston Rockets,2021,48,false,167,-196
Houston Rockets,2021,49,false,122,-141
Houston Rockets,2021,50,false,395,-500
Houston Rockets,2021,51,true,169,-200
Houston Rockets,2021,52,false,242,-294
Houston Rockets,2021,53,false,211,-250
Houston Rockets,2021,54,false,313,-385
Houston Rockets,2021,55,false,247,-294
Houston Rockets,2021,56,false,911,-1429
Houston Rockets,2021,57,false,1076,-2000
Houston Rockets,2021,58,false,420,-556
Houston Rockets,2021,59,false,135,-156
Houston Rockets,2021,60,false,225,-270
Houston Rockets,2021,61,false,229,-278
Houston Rockets,2021,62,false,858,-1429
Houston Rockets,2021,63,false,328,-417
Houston Rockets,2021,64,true,441,-588
Houston Rockets,2021,65,false,1040,-2000
Houston Rockets,2021,66,true,252,-303
Houston Rockets,2021,67,false,437,-588
Houston Rockets,2021,68,false,220,-263
Houston Rockets,2021,69,false,393,-500
Houston Rockets,2021,70,false,150,-175
Houston Rockets,2021,71,false,571,-833
Houston Rockets,2021,72,true,139,-161
Houston Rockets,2021,73,false,397,-500
Houston Rockets,2021,74,true,-185,158
Houston Rockets,2021,75,true,-179,152
Houston Rockets,2021,76,false,353,-435
Houston Rockets,2021,77,false,127,-147
Houston Rockets,2021,78,false,131,-152
Houston Rockets,2021,79,false,682,-1000
Houston Rockets,2021,80,false,1064,-2000
Houston Rockets,2021,81,false,554,-769
Houston Rockets,2021,82,false,541,-769
Houston Rockets,2022,1,false,376,-500
Houston Rockets,2022,2,false,227,-286
Houston Rockets,2022,3,false,659,-1000
Houston Rockets,2022,4,true,118,-139
Houston Rockets,2022,5,false,273,-357
Houston Rockets,2022,6,false,152,-182
Houston Rockets,2022,7,false,592,-909
Houston Rockets,2022,8,false,295,-385
Houston Rockets,2022,9,false,185,-227
Houston Rockets,2022,10,false,250,-323
Houston Rockets,2022,11,true,163,-196
Houston Rockets,2022,12,false,359,-476
Houston Rockets,2022,13,false,387,-526
Houston Rockets,2022,14,false,173,-208
Houston Rockets,2022,15,true,218,-263
Houston Rockets,2022,16,false,181,-227
Houston Rockets,2022,17,false,395,-526
Houston Rockets,2022,18,true,227,-286
Houston Rockets,2022,19,true,104,-125
Houston Rockets,2022,20,false,463,-667
Houston Rockets,2022,21,false,468,-714
Houston Rockets,2022,22,true,457,-667
Houston Rockets,2022,23,false,438,-625
Houston Rockets,2022,24,true,275,-345
Houston Rockets,2022,25,false,-132,110
Houston Rockets,2022,26,true,348,-476
Houston Rockets,2022,27,true,216,-263
Houston Rockets,2022,28,false,123,-145
Houston Rockets,2022,29,false,127,-152
Houston Rockets,2022,30,false,-189,159
Houston Rockets,2022,31,false,-116,-103
Houston Rockets,2022,32,false,219,-270
Houston Rockets,2022,33,true,218,-270
Houston Rockets,2022,34,false,857,-1429
Houston Rockets,2022,35,false,349,-455
Houston Rockets,2022,36,false,136,-161
Houston Rockets,2022,37,false,225,-278
Houston Rockets,2022,38,false,229,-286
Houston Rockets,2022,39,false,221,-270
Houston Rockets,2022,40,false,141,-167
Houston Rockets,2022,41,false,311,-400
Houston Rockets,2022,42,false,330,-455
Houston Rockets,2022,43,false,363,-476
Houston Rockets,2022,44,false,236,-294
Houston Rockets,2022,45,false,124,-147
Houston Rockets,2022,46,false,263,-333
Houston Rockets,2022,47,true,200,-244
Houston Rockets,2022,48,false,110,-132
Houston Rockets,2022,49,false,279,-357
Houston Rockets,2022,50,true,181,-222
Houston Rockets,2022,51,true,186,-233
Houston Rockets,2022,52,false,235,-294
Houston Rockets,2022,53,false,361,-476
Houston Rockets,2022,54,false,225,-270
Houston Rockets,2022,55,false,286,-357
Houston Rockets,2022,56,false,497,-714
Houston Rockets,2022,57,false,638,-1000
Houston Rockets,2022,58,false,344,-455
Houston Rockets,2022,59,false,319,-400
Houston Rockets,2022,60,false,332,-435
Houston Rockets,2022,61,false,516,-714
Houston Rockets,2022,62,false,396,-526
Houston Rockets,2022,63,true,-118,-101
Houston Rockets,2022,64,true,-189,159
Houston Rockets,2022,65,false,209,-256
Houston Rockets,2022,66,false,357,-500
Houston Rockets,2022,67,false,258,-323
Houston Rockets,2022,68,true,621,-1000
Houston Rockets,2022,69,true,121,-145
Houston Rockets,2022,70,true,181,-222
Houston Rockets,2022,71,false,185,-227
Houston Rockets,2022,72,false,474,-667
Houston Rockets,2022,73,false,520,-769
Houston Rockets,2022,74,false,542,-769
Houston Rockets,2022,75,false,634,-1000
Houston Rockets,2022,76,false,575,-833
Houston Rockets,2022,77,false,424,-588
Houston Rockets,2022,78,true,-244,200
Houston Rockets,2022,79,false,451,-667
Houston Rockets,2022,80,true,455,-667
Houston Rockets,2022,81,true,-204,171
Houston Rockets,2022,82,true,-172,146
Houston Rockets,2023,1,false,154,-182
Houston Rockets,2023,2,false,131,-152
Houston Rockets,2023,3,false,221,-278
Houston Rockets,2023,4,true,-147,125
Houston Rockets,2023,5,true,117,-137
Houston Rockets,2023,6,true,110,-130
Houston Rockets,2023,7,true,110,-128
Houston Rockets,2023,8,true,-145,125
Houston Rockets,2023,9,true,164,-192
Houston Rockets,2023,10,false,239,-286
Houston Rockets,2023,11,false,196,-238
Houston Rockets,2023,12,false,231,-286
Houston Rockets,2023,13,true,-200,170
Houston Rockets,2023,14,true,127,-145
Houston Rockets,2023,15,false,147,-172
Houston Rockets,2023,16,false,349,-455
Houston Rockets,2023,17,false,168,-200
Houston Rockets,2023,18,true,108,-127
Houston Rockets,2023,19,true,303,-385
Houston Rockets,2023,20,true,-370,301
Houston Rockets,2023,21,true,-435,330
Houston Rockets,2023,22,true,-141,120
Houston Rockets,2023,23,false,227,-278
Houston Rockets,2023,24,false,144,-169
Houston Rockets,2023,25,false,-143,122
Houston Rockets,2023,26,true,-345,274
Houston Rockets,2023,27,true,234,-286
Houston Rockets,2023,28,false,-145,123
Houston Rockets,2023,29,false,127,-149
Houston Rockets,2023,30,false,100,-118
Houston Rockets,2023,31,true,-417,317
Houston Rockets,2023,32,true,-172,145
Houston Rockets,2023,33,false,148,-175
Houston Rockets,2023,34,true,225,-278
Houston Rockets,2023,35,false,149,-179
Houston Rockets,2023,36,false,142,-167
Houston Rockets,2023,37,true,-370,296
Houston Rockets,2023,38,false,687,-1111
Houston Rockets,2023,39,false,265,-333
Houston Rockets,2023,40,false,227,-278
Houston Rockets,2023,41,true,-128,108
Houston Rockets,2023,42,false,494,-714
Houston Rockets,2023,43,false,-476,357
Houston Rockets,2023,44,true,-196,164
Houston Rockets,2023,45,false,146,-169
Houston Rockets,2023,46,true,-101,-116
Houston Rockets,2023,47,false,-116,-101
Houston Rockets,2023,48,true,-179,150
Houston Rockets,2023,49,false,252,-312
Houston Rockets,2023,50,false,264,-323
Houston Rockets,2023,51,false,122,-143
Houston Rockets,2023,52,false,224,-278
Houston Rockets,2023,53,true,-108,-108
Houston Rockets,2023,54,false,-135,116
Houston Rockets,2023,55,false,213,-263
Houston Rockets,2023,56,true,122,-143
Houston Rockets,2023,57,false,200,-244
Houston Rockets,2023,58,false,363,-476
Houston Rockets,2023,59,false,297,-385
Houston Rockets,2023,60,true,320,-417
Houston Rockets,2023,61,true,-278,227
Houston Rockets,2023,62,false,209,-256
Houston Rockets,2023,63,true,-263,220
Houston Rockets,2023,64,true,225,-270
Houston Rockets,2023,65,true,-149,127
Houston Rockets,2023,66,true,-357,288
Houston Rockets,2023,67,true,166,-196
Houston Rockets,2023,68,true,-526,395
Houston Rockets,2023,69,true,-154,129
Houston Rockets,2023,70,true,-526,397
Houston Rockets,2023,71,true,-1000,663
Houston Rockets,2023,72,true,161,-192
Houston Rockets,2023,73,true,-323,260
Houston Rockets,2023,74,false,137,-159
Houston Rockets,2023,75,false,243,-294
Houston Rockets,2023,76,false,131,-154
Houston Rockets,2023,77,false,135,-156
Houston Rockets,2023,78,false,319,-417
Houston Rockets,2023,79,true,117,-137
Houston Rockets,2023,80,false,-556,409
Houston Rockets,2023,81,true,-233,194
Houston Rockets,2023,82,true,-175,148
Houston Rockets,2024,1,false,-333,269
Houston Rockets,2024,2,true,-172,145
Houston Rockets,2024,3,false,-125,102
Houston Rockets,2024,4,true,-143,120
Houston Rockets,2024,5,true,210,-263
Houston Rockets,2024,6,false,-192,159
Houston Rockets,2024,7,true,108,-130
Houston Rockets,2024,8,true,-278,217
Houston Rockets,2024,9,false,263,-333
Houston Rockets,2024,10,true,-179,147
Houston Rockets,2024,11,true,-714,488
Houston Rockets,2024,12,true,-200,164
Houston Rockets,2024,13,true,-196,163
Houston Rockets,2024,14,true,-192,160
Houston Rockets,2024,15,false,135,-161
Houston Rockets,2024,16,true,-238,193
Houston Rockets,2024,17,true,-714,479
Houston Rockets,2024,18,false,-714,509
Houston Rockets,2024,19,true,122,-143
Houston Rockets,2024,20,true,-213,177
Houston Rockets,2024,21,true,100,-120
Houston Rockets,2024,22,false,104,-123
Houston Rockets,2024,23,false,-189,154
Houston Rockets,2024,24,true,-152,127
Houston Rockets,2024,25,true,-417,322
Houston Rockets,2024,26,true,-385,303
Houston Rockets,2024,27,true,-238,194
Houston Rockets,2024,28,true,-270,220
Houston Rockets,2024,29,false,-112,-106
Houston Rockets,2024,30,false,-357,281
Houston Rockets,2024,31,true,-196,163
Houston Rockets,2024,32,false,133,-159
Houston Rockets,2024,33,true,-182,149
Houston Rockets,2024,34,true,-909,614
Houston Rockets,2024,35,true,121,-143
Houston Rockets,2024,36,true,-141,119
Houston Rockets,2024,37,true,-204,172
Houston Rockets,2024,38,false,160,-189
Houston Rockets,2024,39,true,-526,394
Houston Rockets,2024,40,false,-323,246
Houston Rockets,2024,41,true,100,-120
Houston Rockets,2024,42,true,154,-189
Houston Rockets,2024,43,true,185,-227
Houston Rockets,2024,44,true,-189,156
Houston Rockets,2024,45,false,148,-182
Houston Rockets,2024,46,false,-833,556
Houston Rockets,2024,47,false,225,-278
Houston Rockets,2024,48,false,-400,313
Houston Rockets,2024,49,false,-102,-115
Houston Rockets,2024,50,false,129,-154
Houston Rockets,2024,51,true,-345,269
Houston Rockets,2024,52,true,-435,332
Houston Rockets,2024,53,false,102,-119
Houston Rockets,2024,54,true,-172,146
Houston Rockets,2024,55,false,-323,263
Houston Rockets,2024,56,true,-149,125
Houston Rockets,2024,57,true,-312,252
Houston Rockets,2024,58,false,-175,148
Houston Rockets,2024,59,false,697,-1111
Houston Rockets,2024,60,false,156,-182
Houston Rockets,2024,61,true,-161,136
Houston Rockets,2024,62,true,-286,229
Houston Rockets,2024,63,true,-161,135
Houston Rockets,2024,64,true,-185,154
Houston Rockets,2024,65,true,-667,476
Houston Rockets,2024,66,true,-345,280
Houston Rockets,2024,67,true,-1667,921
Houston Rockets,2024,68,true,-135,112
Houston Rockets,2024,69,true,-185,154
Houston Rockets,2024,70,false,-294,236
Houston Rockets,2024,71,true,-323,257
Houston Rockets,2024,72,true,-909,600
Houston Rockets,2024,73,true,-133,114
Houston Rockets,2024,74,false,150,-182
Houston Rockets,2024,75,true,-1429,809
Houston Rockets,2024,76,true,188,-238
Houston Rockets,2024,77,true,175,-213
Houston Rockets,2024,78,false,367,-526
Houston Rockets,2024,79,false,605,-909
Houston Rockets,2024,80,false,198,-244
Houston Rockets,2025,1,false,210,-250
Houston Rockets,2025,2,false,-250,210
Houston Rockets,2025,3,true,-1250,800
Houston Rockets,2025,4,true,-227,185
Houston Rockets,2025,5,true,-189,160
Houston Rockets,2025,6,true,-667,475
Houston Rockets,2025,7,true,-303,250
Houston Rockets,2025,8,false,-169,145
Houston Rockets,2025,9,true,-169,145
Houston Rockets,2025,10,true,-1667,900
Houston Rockets,2025,11,true,-303,250
Houston Rockets,2025,12,true,-312,260
Houston Rockets,2025,13,true,-118,100
Houston Rockets,2025,14,false,-154,129
Houston Rockets,2025,15,true,-238,200
Houston Rockets,2025,16,true,125,-149
Houston Rockets,2025,17,true,-588,450
Houston Rockets,2025,18,false,-588,450
Houston Rockets,2025,19,true,-1250,830
Houston Rockets,2025,20,true,-370,325
Houston Rockets,2025,21,false,-250,220
Houston Rockets,2025,22,true,-370,309
Houston Rockets,2025,23,false,-115,-102
Houston Rockets,2025,24,false,-400,325
Houston Rockets,2025,25,true,-110,100
Houston Rockets,2025,26,false,-667,500
Houston Rockets,2025,27,false,-263,229
Houston Rockets,2025,28,true,-125,110
Houston Rockets,2025,29,true,-135,120
Houston Rockets,2025,30,true,-667,500
Houston Rockets,2025,31,true,-556,475
Houston Rockets,2025,32,false,-312,280
Houston Rockets,2025,33,true,-303,250
Houston Rockets,2025,34,false,-270,225
Houston Rockets,2025,35,false,-250,204
Houston Rockets,2025,36,false,-714,550
Houston Rockets,2025,37,true,-526,425
Houston Rockets,2025,38,false,150,-175
Houston Rockets,2025,39,true,-159,144
Houston Rockets,2025,40,true,-833,610
Houston Rockets,2025,41,true,-167,145
Houston Rockets,2025,42,false,-133,114
Houston Rockets,2025,43,true,150,-175
Houston Rockets,2025,44,true,-500,390
Houston Rockets,2025,45,false,-141,120
Houston Rockets,2025,46,true,-250,225
Houston Rockets,2025,47,true,-385,333
Houston Rockets,2025,48,true,-250,210
Houston Rockets,2025,49,false,-294,265
Houston Rockets,2025,50,false,-179,154
Houston Rockets,2025,51,true,140,-159
Houston Rockets,2025,52,true,-303,260
Houston Rockets,2025,53,false,-333,270
Houston Rockets,2025,54,true,-185,164
Houston Rockets,2025,55,false,140,-159
Houston Rockets,2025,56,true,-833,600
Houston Rockets,2025,57,true,-909,660
Houston Rockets,2025,58,true,-141,120
Houston Rockets,2025,59,false,-133,120
Houston Rockets,2025,60,true,-1000,700
Houston Rockets,2025,61,false,-400,330
Houston Rockets,2025,62,true,-263,220
Houston Rockets,2025,63,false,198,-227
Houston Rockets,2025,64,true,-189,166
Houston Rockets,2025,65,false,215,-250
Houston Rockets,2025,66,true,-222,190
Houston Rockets,2025,67,false,100,-116
Houston Rockets,2025,68,false,-130,110
Houston Rockets,2025,69,true,-145,125
Houston Rockets,2025,70,true,-141,120
Houston Rockets,2025,71,false,-370,309
Houston Rockets,2025,72,false,-128,116
Houston Rockets,2025,73,true,-909,700
Houston Rockets,2025,74,true,-238,200
Houston Rockets,2025,75,true,100,-112
Houston Rockets,2025,76,true,-2500,1300
Houston Rockets,2025,77,true,-2000,1100
Houston Rockets,2025,78,true,-164,145
Houston Rockets,2025,79,true,-116,100
Houston Rockets,2025,80,true,-233,204
Houston Rockets,2025,81,false,-500,384
Houston Rockets,2025,82,true,-769,725
Indiana Pacers,2016,1,true,-238,197
Indiana Pacers,2016,2,false,-244,199
Indiana Pacers,2016,3,false,125,-167
Indiana Pacers,2016,4,true,-455,351
Indiana Pacers,2016,5,false,-147,125
Indiana Pacers,2016,6,true,-161,137
Indiana Pacers,2016,7,false,125,-147
Indiana Pacers,2016,8,true,-909,607
Indiana Pacers,2016,9,false,-213,177
Indiana Pacers,2016,10,false,110,-130
Indiana Pacers,2016,11,true,-357,281
Indiana Pacers,2016,12,true,-139,120
Indiana Pacers,2016,13,false,-189,160
Indiana Pacers,2016,14,true,388,-526
Indiana Pacers,2016,15,false,1125,-2000
Indiana Pacers,2016,16,false,-102,-116
Indiana Pacers,2016,17,true,-233,196
Indiana Pacers,2016,18,true,568,-833
Indiana Pacers,2016,19,false,264,-333
Indiana Pacers,2016,20,true,518,-714
Indiana Pacers,2016,21,false,965,-1667
Indiana Pacers,2016,22,true,-179,152
Indiana Pacers,2016,23,false,-167,142
Indiana Pacers,2016,24,true,-102,-118
Indiana Pacers,2016,25,true,100,-119
Indiana Pacers,2016,26,false,-115,-103
Indiana Pacers,2016,27,false,118,-139
Indiana Pacers,2016,28,true,166,-196
Indiana Pacers,2016,29,true,-217,179
Indiana Pacers,2016,30,false,156,-185
Indiana Pacers,2016,31,false,-105,-114
Indiana Pacers,2016,32,false,110,-132
Indiana Pacers,2016,33,false,165,-196
Indiana Pacers,2016,34,true,-175,150
Indiana Pacers,2016,35,true,-233,194
Indiana Pacers,2016,36,true,170,-204
Indiana Pacers,2016,37,true,-625,462
Indiana Pacers,2016,38,true,-303,244
Indiana Pacers,2016,39,false,-192,163
Indiana Pacers,2016,40,true,-196,165
Indiana Pacers,2016,41,true,117,-139
Indiana Pacers,2016,42,false,-167,142
Indiana Pacers,2016,43,false,239,-294
Indiana Pacers,2016,44,false,-233,192
Indiana Pacers,2016,45,true,127,-149
Indiana Pacers,2016,46,true,-182,152
Indiana Pacers,2016,47,true,137,-161
Indiana Pacers,2016,48,true,-141,120
Indiana Pacers,2016,49,true,-250,212
Indiana Pacers,2016,50,true,-149,127
Indiana Pacers,2016,51,true,-189,160
Indiana Pacers,2016,52,false,139,-164
Indiana Pacers,2016,53,false,197,-238
Indiana Pacers,2016,54,false,-263,218
Indiana Pacers,2016,55,false,168,-200
Indiana Pacers,2016,56,false,206,-250
Indiana Pacers,2016,57,false,119,-141
Indiana Pacers,2016,58,true,-108,-111
Indiana Pacers,2016,59,false,161,-192
Indiana Pacers,2016,60,true,393,-526
Indiana Pacers,2016,61,false,426,-588
Indiana Pacers,2016,62,true,129,-152
Indiana Pacers,2016,63,false,152,-179
Indiana Pacers,2016,64,true,-175,148
Indiana Pacers,2016,65,false,104,-123
Indiana Pacers,2016,66,true,-244,200
Indiana Pacers,2016,67,false,-161,136
Indiana Pacers,2016,68,true,-147,125
Indiana Pacers,2016,69,false,125,-149
Indiana Pacers,2016,70,true,108,-128
Indiana Pacers,2016,71,false,229,-278
Indiana Pacers,2016,72,false,-125,106
Indiana Pacers,2016,73,true,-455,354
Indiana Pacers,2016,74,false,-182,156
Indiana Pacers,2016,75,false,158,-182
Indiana Pacers,2016,76,false,196,-238
Indiana Pacers,2016,77,false,307,-400
Indiana Pacers,2016,78,true,-149,127
Indiana Pacers,2016,79,true,-200,168
Indiana Pacers,2016,80,true,-189,160
Indiana Pacers,2016,81,true,-455,344
Indiana Pacers,2016,82,true,-1667,953
Indiana Pacers,2017,1,true,-154,129
Indiana Pacers,2017,2,false,181,-217
Indiana Pacers,2017,3,false,355,-476
Indiana Pacers,2017,4,true,521,-714
Indiana Pacers,2017,5,false,683,-1111
Indiana Pacers,2017,6,true,222,-270
Indiana Pacers,2017,7,true,-227,186
Indiana Pacers,2017,8,true,388,-526
Indiana Pacers,2017,9,false,159,-189
Indiana Pacers,2017,10,false,-114,-104
Indiana Pacers,2017,11,false,100,-120
Indiana Pacers,2017,12,false,210,-256
Indiana Pacers,2017,13,true,-156,131
Indiana Pacers,2017,14,false,136,-161
Indiana Pacers,2017,15,true,129,-152
Indiana Pacers,2017,16,true,-115,-104
Indiana Pacers,2017,17,true,183,-217
Indiana Pacers,2017,18,true,139,-164
Indiana Pacers,2017,19,true,112,-132
Indiana Pacers,2017,20,false,134,-156
Indiana Pacers,2017,21,true,-189,160
Indiana Pacers,2017,22,false,519,-714
Indiana Pacers,2017,23,false,240,-294
Indiana Pacers,2017,24,true,-625,465
Indiana Pacers,2017,25,true,-526,408
Indiana Pacers,2017,26,true,141,-167
Indiana Pacers,2017,27,true,-213,175
Indiana Pacers,2017,28,false,-106,-111
Indiana Pacers,2017,29,false,-208,177
Indiana Pacers,2017,30,true,-161,136
Indiana Pacers,2017,31,false,118,-139
Indiana Pacers,2017,32,true,-196,165
Indiana Pacers,2017,33,true,-476,366
Indiana Pacers,2017,34,false,106,-125
Indiana Pacers,2017,35,false,-172,145
Indiana Pacers,2017,36,false,127,-152
Indiana Pacers,2017,37,false,125,-149
Indiana Pacers,2017,38,false,269,-333
Indiana Pacers,2017,39,true,-244,198
Indiana Pacers,2017,40,true,-123,104
Indiana Pacers,2017,41,false,-196,164
Indiana Pacers,2017,42,true,104,-123
Indiana Pacers,2017,43,true,-161,138
Indiana Pacers,2017,44,true,167,-196
Indiana Pacers,2017,45,false,161,-192
Indiana Pacers,2017,46,false,-132,110
Indiana Pacers,2017,47,true,198,-238
Indiana Pacers,2017,48,true,-278,227
Indiana Pacers,2017,49,false,222,-270
Indiana Pacers,2017,50,true,-263,219
Indiana Pacers,2017,51,true,-130,110
Indiana Pacers,2017,52,true,-370,294
Indiana Pacers,2017,53,false,138,-161
Indiana Pacers,2017,54,true,-116,-102
Indiana Pacers,2017,55,false,127,-152
Indiana Pacers,2017,56,true,149,-172
Indiana Pacers,2017,57,true,-345,272
Indiana Pacers,2017,58,true,-169,144
Indiana Pacers,2017,59,true,-323,263
Indiana Pacers,2017,60,false,-159,134
Indiana Pacers,2017,61,false,-192,160
Indiana Pacers,2017,62,true,142,-167
Indiana Pacers,2017,63,true,149,-175
Indiana Pacers,2017,64,true,-141,120
Indiana Pacers,2017,65,false,102,-120
Indiana Pacers,2017,66,true,-400,321
Indiana Pacers,2017,67,true,161,-189
Indiana Pacers,2017,68,true,217,-263
Indiana Pacers,2017,69,false,150,-179
Indiana Pacers,2017,70,false,160,-189
Indiana Pacers,2017,71,true,-217,179
Indiana Pacers,2017,72,false,-101,-118
Indiana Pacers,2017,73,true,-167,141
Indiana Pacers,2017,74,true,-156,135
Indiana Pacers,2017,75,true,-357,289
Indiana Pacers,2017,76,true,-385,305
Indiana Pacers,2017,77,true,127,-152
Indiana Pacers,2017,78,false,161,-189
Indiana Pacers,2017,79,true,124,-145
Indiana Pacers,2017,80,false,272,-345
Indiana Pacers,2017,81,true,-116,-101
Indiana Pacers,2017,82,false,-127,108
Indiana Pacers,2018,1,true,-303,246
Indiana Pacers,2018,2,false,148,-172
Indiana Pacers,2018,3,true,-385,305
Indiana Pacers,2018,4,false,112,-132
Indiana Pacers,2018,5,true,104,-123
Indiana Pacers,2018,6,true,-303,246
Indiana Pacers,2018,7,false,-172,147
Indiana Pacers,2018,8,true,-250,206
Indiana Pacers,2018,9,true,-312,256
Indiana Pacers,2018,10,true,136,-161
Indiana Pacers,2018,11,false,-114,-104
Indiana Pacers,2018,12,false,-145,122
Indiana Pacers,2018,13,true,-135,112
Indiana Pacers,2018,14,false,114,-137
Indiana Pacers,2018,15,true,-217,181
Indiana Pacers,2018,16,true,-714,519
Indiana Pacers,2018,17,true,143,-169
Indiana Pacers,2018,18,false,143,-169
Indiana Pacers,2018,19,false,-127,106
Indiana Pacers,2018,20,true,164,-196
Indiana Pacers,2018,21,true,-145,123
Indiana Pacers,2018,22,false,181,-217
Indiana Pacers,2018,23,false,-127,106
Indiana Pacers,2018,24,true,-370,289
Indiana Pacers,2018,25,true,143,-169
Indiana Pacers,2018,26,true,-222,185
Indiana Pacers,2018,27,true,-244,206
Indiana Pacers,2018,28,true,110,-133
Indiana Pacers,2018,29,true,121,-143
Indiana Pacers,2018,30,true,-833,585
Indiana Pacers,2018,31,false,-1111,699
Indiana Pacers,2018,32,false,158,-189
Indiana Pacers,2018,33,true,-149,125
Indiana Pacers,2018,34,true,-625,462
Indiana Pacers,2018,35,true,-270,219
Indiana Pacers,2018,36,true,-278,231
Indiana Pacers,2018,37,true,-1250,788
Indiana Pacers,2018,38,true,-303,242
Indiana Pacers,2018,39,false,102,-122
Indiana Pacers,2018,40,true,-526,395
Indiana Pacers,2018,41,false,243,-303
Indiana Pacers,2018,42,true,-385,305
Indiana Pacers,2018,43,true,-625,461
Indiana Pacers,2018,44,false,-152,129
Indiana Pacers,2018,45,true,-323,262
Indiana Pacers,2018,46,true,-345,279
Indiana Pacers,2018,47,true,-250,204
Indiana Pacers,2018,48,false,-204,170
Indiana Pacers,2018,49,false,260,-323
Indiana Pacers,2018,50,false,-105,-114
Indiana Pacers,2018,51,false,135,-159
Indiana Pacers,2018,52,true,114,-133
Indiana Pacers,2018,53,true,-161,137
Indiana Pacers,2018,54,true,117,-139
Indiana Pacers,2018,55,true,-263,218
Indiana Pacers,2018,56,true,-1429,877
Indiana Pacers,2018,57,true,-217,179
Indiana Pacers,2018,58,false,159,-189
Indiana Pacers,2018,59,true,-213,177
Indiana Pacers,2018,60,true,-106,-111
Indiana Pacers,2018,61,false,118,-139
Indiana Pacers,2018,62,false,-116,-102
Indiana Pacers,2018,63,true,-161,135
Indiana Pacers,2018,64,false,-152,129
Indiana Pacers,2018,65,true,-278,229
Indiana Pacers,2018,66,false,393,-526
Indiana Pacers,2018,67,false,217,-263
Indiana Pacers,2018,68,true,-714,529
Indiana Pacers,2018,69,true,-115,-103
Indiana Pacers,2018,70,false,231,-286
Indiana Pacers,2018,71,false,156,-189
Indiana Pacers,2018,72,false,179,-213
Indiana Pacers,2018,73,false,517,-714
Indiana Pacers,2018,74,true,102,-120
Indiana Pacers,2018,75,false,231,-286
Indiana Pacers,2018,76,false,241,-294
Indiana Pacers,2018,77,false,-123,104
Indiana Pacers,2018,78,true,-222,184
Indiana Pacers,2018,79,true,120,-143
Indiana Pacers,2018,80,false,100,-119
Indiana Pacers,2018,81,false,-139,118
Indiana Pacers,2018,82,true,183,-222
Indiana Pacers,2019,1,false,-303,244
Indiana Pacers,2019,2,false,-154,144
Indiana Pacers,2019,3,false,-123,102
Indiana Pacers,2019,4,true,129,-152
Indiana Pacers,2019,5,true,-286,234
Indiana Pacers,2019,6,true,-130,108
Indiana Pacers,2019,7,false,-139,117
Indiana Pacers,2019,8,true,-149,127
Indiana Pacers,2019,9,true,-250,206
Indiana Pacers,2019,10,true,167,-200
Indiana Pacers,2019,11,true,-119,100
Indiana Pacers,2019,12,false,208,-256
Indiana Pacers,2019,13,false,273,-345
Indiana Pacers,2019,14,true,114,-135
Indiana Pacers,2019,15,true,-270,218
Indiana Pacers,2019,16,true,-500,371
Indiana Pacers,2019,17,true,-118,-101
Indiana Pacers,2019,18,true,-667,480
Indiana Pacers,2019,19,false,217,-263
Indiana Pacers,2019,20,true,-500,378
Indiana Pacers,2019,21,true,-116,-102
Indiana Pacers,2019,22,false,-120,100
Indiana Pacers,2019,23,true,-233,193
Indiana Pacers,2019,24,false,-143,122
Indiana Pacers,2019,25,true,-120,102
Indiana Pacers,2019,26,true,-244,200
Indiana Pacers,2019,27,true,-769,527
Indiana Pacers,2019,28,true,100,-119
Indiana Pacers,2019,29,true,-208,175
Indiana Pacers,2019,30,false,296,-370
Indiana Pacers,2019,31,true,-227,187
Indiana Pacers,2019,32,false,172,-208
Indiana Pacers,2019,33,false,102,-120
Indiana Pacers,2019,34,true,-156,133
Indiana Pacers,2019,35,false,-106,-112
Indiana Pacers,2019,36,false,-303,247
Indiana Pacers,2019,37,true,-238,199
Indiana Pacers,2019,38,false,-114,-104
Indiana Pacers,2019,39,true,-105,-112
Indiana Pacers,2019,40,true,-161,137
Indiana Pacers,2019,41,true,-175,149
Indiana Pacers,2019,42,true,-286,231
Indiana Pacers,2019,43,true,-111,-106
Indiana Pacers,2019,44,false,262,-323
Indiana Pacers,2019,45,true,-118,100
Indiana Pacers,2019,46,true,-270,220
Indiana Pacers,2019,47,false,127,-149
Indiana Pacers,2019,48,true,-435,343
Indiana Pacers,2019,49,false,-667,484
Indiana Pacers,2019,50,false,-213,175
Indiana Pacers,2019,51,false,196,-238
Indiana Pacers,2019,52,false,-114,-104
Indiana Pacers,2019,53,false,-204,172
Indiana Pacers,2019,54,false,-270,222
Indiana Pacers,2019,55,true,-122,102
Indiana Pacers,2019,56,true,-286,235
Indiana Pacers,2019,57,false,170,-204
Indiana Pacers,2019,58,true,-714,509
Indiana Pacers,2019,59,true,-556,408
Indiana Pacers,2019,60,true,-435,342
Indiana Pacers,2019,61,true,-132,112
Indiana Pacers,2019,62,false,491,-667
Indiana Pacers,2019,63,true,-139,118
Indiana Pacers,2019,64,true,210,-250
Indiana Pacers,2019,65,false,127,-147
Indiana Pacers,2019,66,true,216,-256
Indiana Pacers,2019,67,true,-400,323
Indiana Pacers,2019,68,true,100,-116
Indiana Pacers,2019,69,false,-119,102
Indiana Pacers,2019,70,true,186,-213
Indiana Pacers,2019,71,false,149,-169
Indiana Pacers,2019,72,true,229,-270
Indiana Pacers,2019,73,true,-102,-112
Indiana Pacers,2020,1,true,-323,261
Indiana Pacers,2020,2,true,-233,195
Indiana Pacers,2020,3,true,123,-143
Indiana Pacers,2020,4,false,-119,100
Indiana Pacers,2020,5,true,-323,263
Indiana Pacers,2020,6,false,-455,351
Indiana Pacers,2020,7,true,108,-127
Indiana Pacers,2020,8,true,-145,123
Indiana Pacers,2020,9,false,-149,125
Indiana Pacers,2020,10,false,-169,145
Indiana Pacers,2020,11,true,136,-159
Indiana Pacers,2020,12,true,125,-147
Indiana Pacers,2020,13,false,276,-345
Indiana Pacers,2020,14,false,118,-137
Indiana Pacers,2020,15,true,-192,167
Indiana Pacers,2020,16,false,-179,156
Indiana Pacers,2020,17,true,-133,114
Indiana Pacers,2020,18,true,-147,125
Indiana Pacers,2020,19,false,-164,142
Indiana Pacers,2020,20,false,-145,125
Indiana Pacers,2020,21,true,-185,160
Indiana Pacers,2020,22,false,325,-417
Indiana Pacers,2020,23,false,-122,104
Indiana Pacers,2020,24,false,171,-200
Indiana Pacers,2020,25,false,-119,100
Indiana Pacers,2020,26,true,-167,144
Indiana Pacers,2020,27,true,-119,102
Indiana Pacers,2020,28,false,-192,165
Indiana Pacers,2020,29,true,-217,181
Indiana Pacers,2020,30,false,-135,117
Indiana Pacers,2020,31,false,120,-139
Indiana Pacers,2020,32,false,-105,-111
Indiana Pacers,2020,33,false,138,-161
Indiana Pacers,2020,34,true,-270,224
Indiana Pacers,2020,35,false,144,-167
Indiana Pacers,2020,36,false,160,-185
Indiana Pacers,2020,37,true,239,-294
Indiana Pacers,2020,38,false,152,-175
Indiana Pacers,2020,39,false,-125,106
Indiana Pacers,2020,40,true,154,-179
Indiana Pacers,2020,41,true,138,-161
Indiana Pacers,2020,42,false,224,-270
Indiana Pacers,2020,43,true,-312,257
Indiana Pacers,2020,44,true,-120,102
Indiana Pacers,2020,45,false,-294,240
Indiana Pacers,2020,46,false,100,-118
Indiana Pacers,2020,47,false,-200,171
Indiana Pacers,2020,48,true,231,-278
Indiana Pacers,2020,49,false,108,-128
Indiana Pacers,2020,50,true,102,-119
Indiana Pacers,2020,51,true,-244,206
Indiana Pacers,2020,52,true,141,-164
Indiana Pacers,2020,53,false,131,-154
Indiana Pacers,2020,54,true,-164,141
Indiana Pacers,2020,55,false,409,-526
Indiana Pacers,2020,56,false,112,-130
Indiana Pacers,2020,57,false,136,-159
Indiana Pacers,2020,58,true,-385,309
Indiana Pacers,2020,59,true,-185,156
Indiana Pacers,2020,60,true,-227,192
Indiana Pacers,2020,61,false,190,-222
Indiana Pacers,2020,62,false,181,-213
Indiana Pacers,2020,63,true,-333,275
Indiana Pacers,2020,64,false,160,-185
Indiana Pacers,2020,65,false,-250,206
Indiana Pacers,2020,66,true,204,-244
Indiana Pacers,2020,67,false,152,-179
Indiana Pacers,2020,68,true,-435,351
Indiana Pacers,2020,69,true,175,-208
Indiana Pacers,2020,70,false,354,-455
Indiana Pacers,2020,71,false,309,-385
Indiana Pacers,2020,72,true,-238,197
Indiana Pacers,2021,1,false,-110,-104
Indiana Pacers,2021,2,false,-125,108
Indiana Pacers,2021,3,true,137,-159
Indiana Pacers,2021,4,false,110,-127
Indiana Pacers,2021,5,false,-101,-115
Indiana Pacers,2021,6,false,324,-400
Indiana Pacers,2021,7,false,-147,127
Indiana Pacers,2021,8,true,-143,125
Indiana Pacers,2021,9,true,-108,-109
Indiana Pacers,2021,10,false,188,-222
Indiana Pacers,2021,11,true,116,-135
Indiana Pacers,2021,12,false,-161,139
Indiana Pacers,2021,13,true,419,-556
Indiana Pacers,2021,14,true,-167,142
Indiana Pacers,2021,15,false,129,-152
Indiana Pacers,2021,16,false,-270,225
Indiana Pacers,2021,17,false,-112,-105
Indiana Pacers,2021,18,true,-323,260
Indiana Pacers,2021,19,true,100,-118
Indiana Pacers,2021,20,false,-250,208
Indiana Pacers,2021,21,true,-200,170
Indiana Pacers,2021,22,false,112,-130
Indiana Pacers,2021,23,false,144,-169
Indiana Pacers,2021,24,false,-130,110
Indiana Pacers,2021,25,false,-217,183
Indiana Pacers,2021,26,true,-227,191
Indiana Pacers,2021,27,true,-196,167
Indiana Pacers,2021,28,true,-130,110
Indiana Pacers,2021,29,false,149,-172
Indiana Pacers,2021,30,false,-149,127
Indiana Pacers,2021,31,true,-526,403
Indiana Pacers,2021,32,false,-133,114
Indiana Pacers,2021,33,true,-270,225
Indiana Pacers,2021,34,false,154,-179
Indiana Pacers,2021,35,false,-164,140
Indiana Pacers,2021,36,false,138,-161
Indiana Pacers,2021,37,false,152,-179
Indiana Pacers,2021,38,false,138,-161
Indiana Pacers,2021,39,false,305,-385
Indiana Pacers,2021,40,true,166,-192
Indiana Pacers,2021,41,false,309,-385
Indiana Pacers,2021,42,false,-115,-102
Indiana Pacers,2021,43,false,195,-233
Indiana Pacers,2021,44,false,117,-137
Indiana Pacers,2021,45,true,138,-161
Indiana Pacers,2021,46,true,861,-1429
Indiana Pacers,2021,47,false,668,-1000
Indiana Pacers,2021,48,false,143,-167
Indiana Pacers,2021,49,false,114,-133
Indiana Pacers,2021,50,true,-127,108
Indiana Pacers,2021,51,false,403,-526
Indiana Pacers,2021,52,true,-108,-109
Indiana Pacers,2021,53,false,-161,139
Indiana Pacers,2021,54,false,-101,-115
Indiana Pacers,2021,55,false,222,-270
Indiana Pacers,2021,56,false,626,-909
Indiana Pacers,2021,57,false,199,-238
Indiana Pacers,2021,58,false,254,-312
Indiana Pacers,2021,59,false,701,-1000
Indiana Pacers,2021,60,true,-112,-104
Indiana Pacers,2021,61,false,-323,267
Indiana Pacers,2021,62,true,336,-417
Indiana Pacers,2021,63,false,119,-137
Indiana Pacers,2021,64,true,-132,112
Indiana Pacers,2021,65,false,-145,124
Indiana Pacers,2021,66,false,114,-133
Indiana Pacers,2021,67,false,121,-141
Indiana Pacers,2021,68,true,104,-122
Indiana Pacers,2021,69,false,566,-769
Indiana Pacers,2021,70,false,212,-250
Indiana Pacers,2021,71,true,-175,150
Indiana Pacers,2021,72,true,-294,244
Indiana Pacers,2021,73,false,-238,198
Indiana Pacers,2021,74,false,486,-667
Indiana Pacers,2021,75,false,527,-714
Indiana Pacers,2021,76,false,269,-323
Indiana Pacers,2021,77,false,392,-500
Indiana Pacers,2021,78,false,900,-1429
Indiana Pacers,2021,79,false,-189,162
Indiana Pacers,2021,80,false,498,-667
Indiana Pacers,2021,81,false,774,-1250
Indiana Pacers,2021,82,false,1070,-2000
Indiana Pacers,2022,1,false,117,-137
Indiana Pacers,2022,2,false,-123,104
Indiana Pacers,2022,3,true,-115,-104
Indiana Pacers,2022,4,false,557,-833
Indiana Pacers,2022,5,false,231,-286
Indiana Pacers,2022,6,true,165,-200
Indiana Pacers,2022,7,true,480,-714
Indiana Pacers,2022,8,false,252,-323
Indiana Pacers,2022,9,true,131,-156
Indiana Pacers,2022,10,true,168,-204
Indiana Pacers,2022,11,false,164,-196
Indiana Pacers,2022,12,true,-141,119
Indiana Pacers,2022,13,true,-105,-112
Indiana Pacers,2022,14,true,-227,181
Indiana Pacers,2022,15,true,-286,231
Indiana Pacers,2022,16,true,-286,229
Indiana Pacers,2022,17,false,108,-128
Indiana Pacers,2022,18,true,139,-169
Indiana Pacers,2022,19,false,-132,110
Indiana Pacers,2022,20,true,140,-167
Indiana Pacers,2022,21,false,158,-189
Indiana Pacers,2022,22,false,146,-175
Indiana Pacers,2022,23,false,169,-204
Indiana Pacers,2022,24,true,520,-769
Indiana Pacers,2022,25,false,156,-189
Indiana Pacers,2022,26,true,-169,142
Indiana Pacers,2022,27,false,-323,258
Indiana Pacers,2022,28,false,136,-161
Indiana Pacers,2022,29,true,102,-122
Indiana Pacers,2022,30,false,266,-333
Indiana Pacers,2022,31,false,-108,-111
Indiana Pacers,2022,32,true,334,-455
Indiana Pacers,2022,33,true,192,-233
Indiana Pacers,2022,34,false,108,-128
Indiana Pacers,2022,35,true,104,-125
Indiana Pacers,2022,36,true,146,-172
Indiana Pacers,2022,37,true,119,-143
Indiana Pacers,2022,38,true,108,-128
Indiana Pacers,2022,39,false,165,-200
Indiana Pacers,2022,40,true,-115,-104
Indiana Pacers,2022,41,true,-208,171
Indiana Pacers,2022,42,false,164,-196
Indiana Pacers,2022,43,false,137,-161
Indiana Pacers,2022,44,false,250,-323
Indiana Pacers,2022,45,false,177,-217
Indiana Pacers,2022,46,false,141,-169
Indiana Pacers,2022,47,false,211,-256
Indiana Pacers,2022,48,false,124,-147
Indiana Pacers,2022,49,true,104,-123
Indiana Pacers,2022,50,false,166,-200
Indiana Pacers,2022,51,false,204,-250
Indiana Pacers,2022,52,false,265,-333
Indiana Pacers,2022,53,false,123,-143
Indiana Pacers,2022,54,true,104,-122
Indiana Pacers,2022,55,false,150,-175
Indiana Pacers,2022,56,false,214,-256
Indiana Pacers,2022,57,false,-141,122
Indiana Pacers,2022,58,false,177,-213
Indiana Pacers,2022,59,false,-109,-109
Indiana Pacers,2022,60,true,-141,120
Indiana Pacers,2022,61,false,269,-333
Indiana Pacers,2022,62,true,120,-139
Indiana Pacers,2022,63,true,278,-345
Indiana Pacers,2022,64,false,-189,161
Indiana Pacers,2022,65,true,179,-217
Indiana Pacers,2022,66,false,200,-238
Indiana Pacers,2022,67,true,-500,357
Indiana Pacers,2022,68,true,-164,138
Indiana Pacers,2022,69,false,-172,146
Indiana Pacers,2022,70,true,553,-833
Indiana Pacers,2022,71,false,165,-196
Indiana Pacers,2022,72,false,-130,110
Indiana Pacers,2022,73,true,320,-417
Indiana Pacers,2022,74,false,447,-667
Indiana Pacers,2022,75,false,365,-500
Indiana Pacers,2022,76,false,231,-278
Indiana Pacers,2022,77,false,570,-833
Indiana Pacers,2022,78,true,186,-227
Indiana Pacers,2022,79,false,532,-769
Indiana Pacers,2022,80,false,162,-192
Indiana Pacers,2022,81,false,-250,208
Indiana Pacers,2022,82,true,363,-500
Indiana Pacers,2023,1,true,-192,164
Indiana Pacers,2023,2,true,-154,134
Indiana Pacers,2023,3,false,-154,131
Indiana Pacers,2023,4,false,524,-769
Indiana Pacers,2023,5,true,112,-132
Indiana Pacers,2023,6,false,-196,165
Indiana Pacers,2023,7,true,-370,298
Indiana Pacers,2023,8,true,-233,189
Indiana Pacers,2023,9,true,-105,-114
Indiana Pacers,2023,10,false,216,-263
Indiana Pacers,2023,11,true,186,-222
Indiana Pacers,2023,12,false,-182,154
Indiana Pacers,2023,13,true,139,-161
Indiana Pacers,2023,14,false,-141,121
Indiana Pacers,2023,15,true,-385,311
Indiana Pacers,2023,16,false,-667,484
Indiana Pacers,2023,17,false,139,-164
Indiana Pacers,2023,18,true,158,-185
Indiana Pacers,2023,19,true,-278,227
Indiana Pacers,2023,20,false,208,-256
Indiana Pacers,2023,21,false,-333,269
Indiana Pacers,2023,22,false,372,-500
Indiana Pacers,2023,23,false,144,-169
Indiana Pacers,2023,24,true,-500,376
Indiana Pacers,2023,25,false,112,-132
Indiana Pacers,2023,26,false,-135,116
Indiana Pacers,2023,27,true,123,-145
Indiana Pacers,2023,28,true,-109,-109
Indiana Pacers,2023,29,true,-172,145
Indiana Pacers,2023,30,true,264,-323
Indiana Pacers,2023,31,true,137,-164
Indiana Pacers,2023,32,true,-141,121
Indiana Pacers,2023,33,false,217,-270
Indiana Pacers,2023,34,true,134,-156
Indiana Pacers,2023,35,true,-323,261
Indiana Pacers,2023,36,true,179,-217
Indiana Pacers,2023,37,false,399,-526
Indiana Pacers,2023,38,false,216,-263
Indiana Pacers,2023,39,true,278,-345
Indiana Pacers,2023,40,false,-323,265
Indiana Pacers,2023,41,false,208,-256
Indiana Pacers,2023,42,false,167,-196
Indiana Pacers,2023,43,true,145,-169
Indiana Pacers,2023,44,true,160,-192
Indiana Pacers,2023,45,true,-286,231
Indiana Pacers,2023,46,false,272,-333
Indiana Pacers,2023,47,false,106,-125
Indiana Pacers,2023,48,false,144,-172
Indiana Pacers,2023,49,true,-625,454
Indiana Pacers,2023,50,true,-323,264
Indiana Pacers,2023,51,false,-227,181
Indiana Pacers,2023,52,true,-164,143
Indiana Pacers,2023,53,false,-500,374
Indiana Pacers,2023,54,true,-143,122
Indiana Pacers,2023,55,true,-769,533
Indiana Pacers,2023,56,true,110,-130
Indiana Pacers,2023,57,false,-233,188
Indiana Pacers,2023,58,true,-167,141
Indiana Pacers,2023,59,false,170,-204
Indiana Pacers,2023,60,false,-263,214
Indiana Pacers,2023,61,true,179,-217
Indiana Pacers,2023,62,false,-115,-103
Indiana Pacers,2023,63,true,-112,-103
Indiana Pacers,2023,64,true,179,-217
Indiana Pacers,2023,65,false,-200,169
Indiana Pacers,2023,66,true,-312,260
Indiana Pacers,2023,67,false,-250,204
Indiana Pacers,2023,68,true,-588,436
Indiana Pacers,2023,69,true,160,-189
Indiana Pacers,2023,70,false,120,-141
Indiana Pacers,2023,71,true,202,-238
Indiana Pacers,2023,72,false,-154,131
Indiana Pacers,2023,73,true,-159,134
Indiana Pacers,2023,74,true,-769,520
Indiana Pacers,2023,75,false,-270,220
Indiana Pacers,2023,76,true,-238,197
Indiana Pacers,2023,77,true,-147,122
Indiana Pacers,2023,78,true,-909,635
Indiana Pacers,2023,79,false,122,-145
Indiana Pacers,2023,80,true,-909,622
Indiana Pacers,2024,1,true,-227,181
Indiana Pacers,2024,2,false,159,-196
Indiana Pacers,2024,3,false,-345,272
Indiana Pacers,2024,4,false,174,-213
Indiana Pacers,2024,5,true,221,-278
Indiana Pacers,2024,6,false,-185,154
Indiana Pacers,2024,7,true,159,-189
Indiana Pacers,2024,8,true,-217,177
Indiana Pacers,2024,9,false,-278,218
Indiana Pacers,2024,10,true,131,-159
Indiana Pacers,2024,11,false,-104,-114
Indiana Pacers,2024,12,false,-189,154
Indiana Pacers,2024,13,true,-161,138
Indiana Pacers,2024,14,false,-159,133
Indiana Pacers,2024,15,false,193,-238
Indiana Pacers,2024,16,false,184,-227
Indiana Pacers,2024,17,true,-769,513
Indiana Pacers,2024,18,true,-323,254
Indiana Pacers,2024,19,true,-417,320
Indiana Pacers,2024,20,false,-196,164
Indiana Pacers,2024,21,false,192,-238
Indiana Pacers,2024,22,false,-154,129
Indiana Pacers,2024,23,false,-154,129
Indiana Pacers,2024,24,true,-164,137
Indiana Pacers,2024,25,false,-667,473
Indiana Pacers,2024,26,true,208,-256
Indiana Pacers,2024,27,true,-278,224
Indiana Pacers,2024,28,true,199,-244
Indiana Pacers,2024,29,true,125,-149
Indiana Pacers,2024,30,true,175,-217
Indiana Pacers,2024,31,false,173,-213
Indiana Pacers,2024,32,false,468,-667
Indiana Pacers,2024,33,true,404,-556
Indiana Pacers,2024,34,false,110,-132
Indiana Pacers,2024,35,true,112,-133
Indiana Pacers,2024,36,true,-147,123
Indiana Pacers,2024,37,true,-556,417
Indiana Pacers,2024,38,true,-204,169
Indiana Pacers,2024,39,true,-556,397
Indiana Pacers,2024,40,true,312,-400
Indiana Pacers,2024,41,false,262,-333
Indiana Pacers,2024,42,true,-127,108
Indiana Pacers,2024,43,true,-455,355
Indiana Pacers,2024,44,false,-143,121
Indiana Pacers,2024,45,true,-141,117
Indiana Pacers,2024,46,true,-227,184
Indiana Pacers,2024,47,true,-417,315
Indiana Pacers,2024,48,true,-256,204
Indiana Pacers,2024,49,false,-217,177
Indiana Pacers,2024,50,true,181,-222
Indiana Pacers,2024,51,false,-189,156
Indiana Pacers,2024,52,false,114,-137
Indiana Pacers,2024,53,true,-435,338
Indiana Pacers,2024,54,true,-103,-116
Indiana Pacers,2024,55,true,-164,139
Indiana Pacers,2024,56,false,138,-167
Indiana Pacers,2024,57,true,-625,459
Indiana Pacers,2024,58,false,-145,124
Indiana Pacers,2024,59,true,-588,420
Indiana Pacers,2024,60,true,-182,156
Indiana Pacers,2024,61,false,110,-128
Indiana Pacers,2024,62,false,-111,-108
Indiana Pacers,2024,63,false,-169,144
Indiana Pacers,2024,64,true,-114,-105
Indiana Pacers,2024,65,true,-909,596
Indiana Pacers,2024,66,false,139,-164
Indiana Pacers,2024,67,true,405,-556
Indiana Pacers,2024,68,true,-526,390
Indiana Pacers,2024,69,true,-333,263
Indiana Pacers,2024,70,true,-769,513
Indiana Pacers,2024,71,true,102,-122
Indiana Pacers,2024,72,false,-105,-112
Indiana Pacers,2024,73,true,-769,531
Indiana Pacers,2024,74,false,291,-385
Indiana Pacers,2024,75,true,-172,143
Indiana Pacers,2024,76,true,-1250,727
Indiana Pacers,2024,77,true,-2000,984
Indiana Pacers,2024,78,true,192,-238
Indiana Pacers,2024,79,true,-2500,1148
Indiana Pacers,2024,80,true,-476,351
Indiana Pacers,2024,81,false,-164,134
Indiana Pacers,2024,82,true,-263,212
Indiana Pacers,2025,1,false,250,-303
Indiana Pacers,2025,2,false,114,-135
Indiana Pacers,2025,3,false,475,-625
Indiana Pacers,2025,4,false,195,-238
Indiana Pacers,2025,5,false,114,-133
Indiana Pacers,2025,6,true,375,-500
Indiana Pacers,2025,7,false,195,-238
Indiana Pacers,2025,8,false,-250,210
Indiana Pacers,2025,9,false,350,-455
Indiana Pacers,2025,10,false,525,-667
Indiana Pacers,2025,11,false,-139,120
Indiana Pacers,2025,12,false,140,-164
Indiana Pacers,2025,13,false,204,-250
Indiana Pacers,2025,14,false,275,-345
Indiana Pacers,2025,15,true,104,-125
Indiana Pacers,2025,16,false,625,-909
Indiana Pacers,2025,17,false,333,-417
Indiana Pacers,2025,18,false,350,-455
Indiana Pacers,2025,19,true,-238,220
Indiana Pacers,2025,20,true,129,-141
Indiana Pacers,2025,21,false,160,-189
Indiana Pacers,2025,22,false,260,-303
Indiana Pacers,2025,23,true,168,-189
Indiana Pacers,2025,24,true,-164,140
Indiana Pacers,2025,25,false,188,-227
Indiana Pacers,2025,26,false,-435,350
Indiana Pacers,2025,27,false,140,-164
Indiana Pacers,2025,28,false,118,-135
Indiana Pacers,2025,29,false,450,-588
Indiana Pacers,2025,30,false,104,-120
Indiana Pacers,2025,31,false,270,-333
Indiana Pacers,2025,32,false,220,-263
Indiana Pacers,2025,33,false,500,-667
Indiana Pacers,2025,34,false,160,-179
Indiana Pacers,2025,35,false,175,-196
Indiana Pacers,2025,36,false,200,-233
Indiana Pacers,2025,37,false,200,-233
Indiana Pacers,2025,38,true,154,-179
Indiana Pacers,2025,39,true,204,-244
Indiana Pacers,2025,40,true,172,-204
Indiana Pacers,2025,41,false,-115,100
Indiana Pacers,2025,42,true,-185,158
Indiana Pacers,2025,43,false,675,-909
Indiana Pacers,2025,44,false,220,-250
Indiana Pacers,2025,45,false,350,-455
Indiana Pacers,2025,46,true,700,-909
Indiana Pacers,2025,47,false,179,-208
Indiana Pacers,2025,48,true,110,-125
Indiana Pacers,2025,49,true,104,-118
Indiana Pacers,2025,50,false,210,-250
Indiana Pacers,2025,51,false,125,-147
Indiana Pacers,2025,52,false,-120,104
Indiana Pacers,2025,53,false,280,-333
Indiana Pacers,2025,54,true,400,-526
Indiana Pacers,2025,55,true,190,-227
Indiana Pacers,2025,56,false,-123,110
Indiana Pacers,2025,57,false,100,-112
Indiana Pacers,2025,58,false,-102,-115
Indiana Pacers,2025,59,false,409,-526
Indiana Pacers,2025,60,false,525,-625
Indiana Pacers,2025,61,false,100,-106
Indiana Pacers,2025,62,false,475,-588
Indiana Pacers,2025,63,false,325,-400
Indiana Pacers,2025,64,false,350,-400
Indiana Pacers,2025,65,false,136,-159
Indiana Pacers,2025,66,false,333,-417
Indiana Pacers,2025,67,false,500,-667
Indiana Pacers,2025,68,false,240,-303
Indiana Pacers,2025,69,false,570,-769
Indiana Pacers,2025,70,false,525,-714
Indiana Pacers,2025,71,false,900,-1250
Indiana Pacers,2025,72,true,450,-556
Indiana Pacers,2025,73,false,350,-417
Indiana Pacers,2025,74,false,330,-385
Indiana Pacers,2025,75,true,280,-333
Indiana Pacers,2025,76,true,144,-161
Indiana Pacers,2025,77,false,900,-1429
Indiana Pacers,2025,78,false,980,-1667
Indiana Pacers,2025,79,false,550,-769
Indiana Pacers,2025,80,true,-154,135
Indiana Pacers,2025,81,false,750,-1111
Indiana Pacers,2025,82,false,810,-1111
Los Angeles Clippers,2016,1,true,-141,118
Los Angeles Clippers,2016,2,true,-323,260
Los Angeles Clippers,2016,3,true,-1111,711
Los Angeles Clippers,2016,4,false,-323,257
Los Angeles Clippers,2016,5,true,-244,199
Los Angeles Clippers,2016,6,true,173,-208
Los Angeles Clippers,2016,7,true,-435,332
Los Angeles Clippers,2016,8,true,-714,509
Los Angeles Clippers,2016,9,true,-200,168
Los Angeles Clippers,2016,10,true,-222,181
Los Angeles Clippers,2016,11,true,-3333,1528
Los Angeles Clippers,2016,12,false,-1111,751
Los Angeles Clippers,2016,13,true,-417,322
Los Angeles Clippers,2016,14,true,-357,281
Los Angeles Clippers,2016,15,true,-455,351
Los Angeles Clippers,2016,16,true,-667,476
Los Angeles Clippers,2016,17,false,-286,236
Los Angeles Clippers,2016,18,false,-833,568
Los Angeles Clippers,2016,19,false,-714,513
Los Angeles Clippers,2016,20,true,145,-172
Los Angeles Clippers,2016,21,true,-182,154
Los Angeles Clippers,2016,22,false,-714,518
Los Angeles Clippers,2016,23,false,150,-179
Los Angeles Clippers,2016,24,true,-1667,903
Los Angeles Clippers,2016,25,true,-556,408
Los Angeles Clippers,2016,26,true,-435,330
Los Angeles Clippers,2016,27,true,-345,277
Los Angeles Clippers,2016,28,false,-227,188
Los Angeles Clippers,2016,29,true,-357,287
Los Angeles Clippers,2016,30,true,108,-130
Los Angeles Clippers,2016,31,false,-189,159
Los Angeles Clippers,2016,32,false,-152,127
Los Angeles Clippers,2016,33,false,154,-182
Los Angeles Clippers,2016,34,false,-125,106
Los Angeles Clippers,2016,35,false,467,-667
Los Angeles Clippers,2016,36,false,342,-435
Los Angeles Clippers,2016,37,true,-189,162
Los Angeles Clippers,2016,38,true,102,-122
Los Angeles Clippers,2016,39,true,-145,123
Los Angeles Clippers,2016,40,true,-500,367
Los Angeles Clippers,2016,41,true,-588,426
Los Angeles Clippers,2016,42,true,-769,541
Los Angeles Clippers,2016,43,true,-357,292
Los Angeles Clippers,2016,44,false,104,-123
Los Angeles Clippers,2016,45,false,174,-208
Los Angeles Clippers,2016,46,true,258,-323
Los Angeles Clippers,2016,47,false,-192,162
Los Angeles Clippers,2016,48,false,763,-1250
Los Angeles Clippers,2016,49,true,-145,123
Los Angeles Clippers,2016,50,false,275,-345
Los Angeles Clippers,2016,51,false,186,-222
Los Angeles Clippers,2016,52,false,212,-256
Los Angeles Clippers,2016,53,true,-115,-103
Los Angeles Clippers,2016,54,true,122,-143
Los Angeles Clippers,2016,55,true,312,-400
Los Angeles Clippers,2016,56,true,-161,137
Los Angeles Clippers,2016,57,false,721,-1111
Los Angeles Clippers,2016,58,false,121,-143
Los Angeles Clippers,2016,59,true,-667,476
Los Angeles Clippers,2016,60,false,-141,120
Los Angeles Clippers,2016,61,false,-227,185
Los Angeles Clippers,2016,62,true,-152,129
Los Angeles Clippers,2016,63,true,-303,248
Los Angeles Clippers,2016,64,false,-169,143
Los Angeles Clippers,2016,65,true,116,-137
Los Angeles Clippers,2016,66,true,-1667,980
Los Angeles Clippers,2016,67,false,102,-122
Los Angeles Clippers,2016,68,false,-333,268
Los Angeles Clippers,2016,69,false,179,-213
Los Angeles Clippers,2016,70,true,-526,216
Los Angeles Clippers,2016,71,true,-625,470
Los Angeles Clippers,2016,72,true,-556,408
Los Angeles Clippers,2016,73,false,-222,183
Los Angeles Clippers,2016,74,true,-204,172
Los Angeles Clippers,2016,75,false,-1250,785
Los Angeles Clippers,2016,76,true,-256,216
Los Angeles Clippers,2016,77,true,-588,430
Los Angeles Clippers,2016,78,true,-2000,1115
Los Angeles Clippers,2016,79,true,-714,525
Los Angeles Clippers,2016,80,true,102,-122
Los Angeles Clippers,2016,81,true,-476,363
Los Angeles Clippers,2016,82,true,-3333,1362
Los Angeles Clippers,2017,1,true,-244,200
Los Angeles Clippers,2017,2,true,-1250,786
Los Angeles Clippers,2017,3,true,-200,167
Los Angeles Clippers,2017,4,true,110,-132
Los Angeles Clippers,2017,5,false,-323,259
Los Angeles Clippers,2017,6,false,192,-233
Los Angeles Clippers,2017,7,true,-556,413
Los Angeles Clippers,2017,8,false,-204,170
Los Angeles Clippers,2017,9,false,-213,179
Los Angeles Clippers,2017,10,false,148,-172
Los Angeles Clippers,2017,11,false,181,-217
Los Angeles Clippers,2017,12,false,193,-233
Los Angeles Clippers,2017,13,false,-132,110
Los Angeles Clippers,2017,14,false,220,-270
Los Angeles Clippers,2017,15,false,171,-200
Los Angeles Clippers,2017,16,false,-130,112
Los Angeles Clippers,2017,17,true,-152,127
Los Angeles Clippers,2017,18,true,-182,154
Los Angeles Clippers,2017,19,true,-189,159
Los Angeles Clippers,2017,20,false,-108,-109
Los Angeles Clippers,2017,21,false,161,-189
Los Angeles Clippers,2017,22,false,560,-769
Los Angeles Clippers,2017,23,false,175,-213
Los Angeles Clippers,2017,24,true,108,-127
Los Angeles Clippers,2017,25,true,184,-222
Los Angeles Clippers,2017,26,true,-112,-105
Los Angeles Clippers,2017,27,false,408,-526
Los Angeles Clippers,2017,28,false,209,-250
Los Angeles Clippers,2017,29,false,548,-769
Los Angeles Clippers,2017,30,true,-222,185
Los Angeles Clippers,2017,31,true,631,-909
Los Angeles Clippers,2017,32,false,112,-132
Los Angeles Clippers,2017,33,true,-217,179
Los Angeles Clippers,2017,34,true,-152,127
Los Angeles Clippers,2017,35,true,-127,108
Los Angeles Clippers,2017,36,true,-238,198
Los Angeles Clippers,2017,37,false,-104,-115
Los Angeles Clippers,2017,38,false,309,-400
Los Angeles Clippers,2017,39,true,-185,156
Los Angeles Clippers,2017,40,true,624,-909
Los Angeles Clippers,2017,41,true,-172,144
Los Angeles Clippers,2017,42,true,-286,235
Los Angeles Clippers,2017,43,true,168,-200
Los Angeles Clippers,2017,44,true,-179,150
Los Angeles Clippers,2017,45,false,120,-143
Los Angeles Clippers,2017,46,false,-130,110
Los Angeles Clippers,2017,47,false,-164,140
Los Angeles Clippers,2017,48,true,-185,158
Los Angeles Clippers,2017,49,true,110,-130
Los Angeles Clippers,2017,50,false,121,-143
Los Angeles Clippers,2017,51,true,-370,294
Los Angeles Clippers,2017,52,true,-256,213
Los Angeles Clippers,2017,53,true,134,-159
Los Angeles Clippers,2017,54,false,164,-192
Los Angeles Clippers,2017,55,true,-196,163
Los Angeles Clippers,2017,56,true,168,-200
Los Angeles Clippers,2017,57,false,505,-714
Los Angeles Clippers,2017,58,true,-227,189
Los Angeles Clippers,2017,59,true,179,-217
Los Angeles Clippers,2017,60,false,320,-417
Los Angeles Clippers,2017,61,true,-417,328
Los Angeles Clippers,2017,62,true,-345,268
Los Angeles Clippers,2017,63,false,-130,110
Los Angeles Clippers,2017,64,true,-103,-115
Los Angeles Clippers,2017,65,true,-909,601
Los Angeles Clippers,2017,66,true,-345,271
Los Angeles Clippers,2017,67,false,570,-833
Los Angeles Clippers,2017,68,false,206,-250
Los Angeles Clippers,2017,69,false,-116,-102
Los Angeles Clippers,2017,70,false,142,-167
Los Angeles Clippers,2017,71,true,184,-222
Los Angeles Clippers,2017,72,false,141,-167
Los Angeles Clippers,2017,73,true,326,-417
Los Angeles Clippers,2017,74,true,-154,131
Los Angeles Clippers,2017,75,true,-667,500
Los Angeles Clippers,2017,76,false,213,-256
Los Angeles Clippers,2017,77,false,-152,127
Los Angeles Clippers,2017,78,true,108,-127
Los Angeles Clippers,2017,79,false,272,-345
Los Angeles Clippers,2017,80,false,134,-159
Los Angeles Clippers,2017,81,false,358,-455
Los Angeles Clippers,2017,82,false,-139,118
Los Angeles Clippers,2018,1,false,112,-132
Los Angeles Clippers,2018,2,true,-152,127
Los Angeles Clippers,2018,3,true,-130,110
Los Angeles Clippers,2018,4,false,194,-233
Los Angeles Clippers,2018,5,true,144,-169
Los Angeles Clippers,2018,6,true,-164,140
Los Angeles Clippers,2018,7,false,131,-154
Los Angeles Clippers,2018,8,false,186,-227
Los Angeles Clippers,2018,9,true,-169,142
Los Angeles Clippers,2018,10,true,-238,196
Los Angeles Clippers,2018,11,false,173,-208
Los Angeles Clippers,2018,12,true,156,-189
Los Angeles Clippers,2018,13,true,142,-169
Los Angeles Clippers,2018,14,true,-270,217
Los Angeles Clippers,2018,15,true,-189,156
Los Angeles Clippers,2018,16,true,-278,224
Los Angeles Clippers,2018,17,false,-111,-106
Los Angeles Clippers,2018,18,true,-185,156
Los Angeles Clippers,2018,19,true,150,-179
Los Angeles Clippers,2018,20,true,-1000,645
Los Angeles Clippers,2018,21,true,-135,114
Los Angeles Clippers,2018,22,false,-161,138
Los Angeles Clippers,2018,23,true,104,-123
Los Angeles Clippers,2018,24,false,110,-132
Los Angeles Clippers,2018,25,false,-556,403
Los Angeles Clippers,2018,26,true,-500,383
Los Angeles Clippers,2018,27,false,131,-156
Los Angeles Clippers,2018,28,false,127,-149
Los Angeles Clippers,2018,29,false,216,-263
Los Angeles Clippers,2018,30,false,-119,100
Los Angeles Clippers,2018,31,true,-156,133
Los Angeles Clippers,2018,32,true,-133,112
Los Angeles Clippers,2018,33,false,501,-714
Los Angeles Clippers,2018,34,true,-208,173
Los Angeles Clippers,2018,35,true,-294,237
Los Angeles Clippers,2018,36,false,-145,125
Los Angeles Clippers,2018,37,false,102,-119
Los Angeles Clippers,2018,38,true,-196,162
Los Angeles Clippers,2018,39,true,-278,227
Los Angeles Clippers,2018,40,true,-263,211
Los Angeles Clippers,2018,41,false,181,-222
Los Angeles Clippers,2018,42,false,-294,239
Los Angeles Clippers,2018,43,false,-103,-115
Los Angeles Clippers,2018,44,false,-112,-105
Los Angeles Clippers,2018,45,false,248,-303
Los Angeles Clippers,2018,46,true,372,-476
Los Angeles Clippers,2018,47,false,125,-147
Los Angeles Clippers,2018,48,true,187,-227
Los Angeles Clippers,2018,49,true,-200,168
Los Angeles Clippers,2018,50,true,-164,139
Los Angeles Clippers,2018,51,false,-244,204
Los Angeles Clippers,2018,52,false,110,-130
Los Angeles Clippers,2018,53,true,117,-137
Los Angeles Clippers,2018,54,false,365,-476
Los Angeles Clippers,2018,55,true,135,-159
Los Angeles Clippers,2018,56,false,218,-263
Los Angeles Clippers,2018,57,true,576,-833
Los Angeles Clippers,2018,58,false,143,-167
Los Angeles Clippers,2018,59,true,-333,265
Los Angeles Clippers,2018,60,true,-143,121
Los Angeles Clippers,2018,61,false,366,-476
Los Angeles Clippers,2018,62,true,-161,138
Los Angeles Clippers,2018,63,false,404,-526
Los Angeles Clippers,2018,64,true,131,-156
Los Angeles Clippers,2018,65,true,-556,430
Los Angeles Clippers,2018,66,true,144,-169
Los Angeles Clippers,2018,67,true,-127,106
Los Angeles Clippers,2018,68,true,106,-125
Los Angeles Clippers,2018,69,false,138,-161
Los Angeles Clippers,2018,70,true,-435,334
Los Angeles Clippers,2018,71,true,-233,191
Los Angeles Clippers,2018,72,true,-213,179
Los Angeles Clippers,2018,73,true,-286,236
Los Angeles Clippers,2018,74,true,-400,315
Los Angeles Clippers,2018,75,true,-149,125
Los Angeles Clippers,2018,76,false,426,-556
Los Angeles Clippers,2018,77,true,-417,326
Los Angeles Clippers,2018,78,true,-526,401
Los Angeles Clippers,2018,79,false,120,-141
Los Angeles Clippers,2018,80,false,-769,552
Los Angeles Clippers,2018,81,false,548,-769
Los Angeles Clippers,2018,82,true,-323,264
Los Angeles Clippers,2019,1,true,138,-164
Los Angeles Clippers,2019,2,true,-115,-103
Los Angeles Clippers,2019,3,false,-556,412
Los Angeles Clippers,2019,4,true,-2000,1109
Los Angeles Clippers,2019,5,false,224,-270
Los Angeles Clippers,2019,6,true,-196,164
Los Angeles Clippers,2019,7,true,-192,160
Los Angeles Clippers,2019,8,false,206,-256
Los Angeles Clippers,2019,9,true,-227,188
Los Angeles Clippers,2019,10,true,-455,355
Los Angeles Clippers,2019,11,false,114,-137
Los Angeles Clippers,2019,12,false,-179,150
Los Angeles Clippers,2019,13,true,-476,363
Los Angeles Clippers,2019,14,true,-345,276
Los Angeles Clippers,2019,15,true,-303,247
Los Angeles Clippers,2019,16,true,-213,179
Los Angeles Clippers,2019,17,true,-1000,664
Los Angeles Clippers,2019,18,true,-123,102
Los Angeles Clippers,2019,19,true,-278,224
Los Angeles Clippers,2019,20,false,-227,187
Los Angeles Clippers,2019,21,true,-909,623
Los Angeles Clippers,2019,22,true,-455,351
Los Angeles Clippers,2019,23,false,156,-185
Los Angeles Clippers,2019,24,true,-455,348
Los Angeles Clippers,2019,25,true,122,-143
Los Angeles Clippers,2019,26,true,-152,127
Los Angeles Clippers,2019,27,true,-200,166
Los Angeles Clippers,2019,28,false,-159,134
Los Angeles Clippers,2019,29,true,-1429,823
Los Angeles Clippers,2019,30,false,-213,175
Los Angeles Clippers,2019,31,true,-294,240
Los Angeles Clippers,2019,32,false,-106,-111
Los Angeles Clippers,2019,33,true,112,-132
Los Angeles Clippers,2019,34,false,-345,274
Los Angeles Clippers,2019,35,true,-278,229
Los Angeles Clippers,2019,36,true,-1000,635
Los Angeles Clippers,2019,37,false,-588,432
Los Angeles Clippers,2019,38,true,-526,388
Los Angeles Clippers,2019,39,true,-1429,852
Los Angeles Clippers,2019,40,false,-110,-108
Los Angeles Clippers,2019,41,true,-2000,1051
Los Angeles Clippers,2019,42,true,-556,416
Los Angeles Clippers,2019,43,true,-233,193
Los Angeles Clippers,2019,44,true,119,-141
Los Angeles Clippers,2019,45,false,-192,162
Los Angeles Clippers,2019,46,true,-133,112
Los Angeles Clippers,2019,47,true,-156,131
Los Angeles Clippers,2019,48,false,-1250,806
Los Angeles Clippers,2019,49,true,-556,420
Los Angeles Clippers,2019,50,true,-435,343
Los Angeles Clippers,2019,51,true,-270,221
Los Angeles Clippers,2019,52,false,-556,411
Los Angeles Clippers,2019,53,true,-238,195
Los Angeles Clippers,2019,54,false,-111,-106
Los Angeles Clippers,2019,55,false,-101,-116
Los Angeles Clippers,2019,56,false,-435,334
Los Angeles Clippers,2019,57,true,-667,484
Los Angeles Clippers,2019,58,true,-333,264
Los Angeles Clippers,2019,59,true,-278,225
Los Angeles Clippers,2019,60,true,-1250,769
Los Angeles Clippers,2019,61,true,-196,165
Los Angeles Clippers,2019,62,true,-114,-104
Los Angeles Clippers,2019,63,false,-137,117
Los Angeles Clippers,2019,64,true,-909,633
Los Angeles Clippers,2019,65,false,150,-175
Los Angeles Clippers,2019,66,true,-213,183
Los Angeles Clippers,2019,67,false,-385,318
Los Angeles Clippers,2019,68,true,-175,152
Los Angeles Clippers,2019,69,true,158,-182
Los Angeles Clippers,2019,70,false,-435,348
Los Angeles Clippers,2019,71,true,-208,179
Los Angeles Clippers,2019,72,true,-189,170
Los Angeles Clippers,2020,1,true,117,-135
Los Angeles Clippers,2020,2,true,-167,142
Los Angeles Clippers,2020,3,false,-154,131
Los Angeles Clippers,2020,4,true,-588,432
Los Angeles Clippers,2020,5,true,-233,196
Los Angeles Clippers,2020,6,false,-161,137
Los Angeles Clippers,2020,7,true,-156,133
Los Angeles Clippers,2020,8,false,-303,248
Los Angeles Clippers,2020,9,true,-213,177
Los Angeles Clippers,2020,10,false,-263,215
Los Angeles Clippers,2020,11,true,-833,572
Los Angeles Clippers,2020,12,true,-556,418
Los Angeles Clippers,2020,13,true,-278,227
Los Angeles Clippers,2020,14,true,-345,276
Los Angeles Clippers,2020,15,true,-625,475
Los Angeles Clippers,2020,16,true,-1111,723
Los Angeles Clippers,2020,17,true,-1000,654
Los Angeles Clippers,2020,18,false,187,-222
Los Angeles Clippers,2020,19,true,114,-132
Los Angeles Clippers,2020,20,true,-286,242
Los Angeles Clippers,2020,21,true,-455,355
Los Angeles Clippers,2020,22,false,-122,106
Los Angeles Clippers,2020,23,true,-417,326
Los Angeles Clippers,2020,24,false,-217,185
Los Angeles Clippers,2020,25,false,-357,290
Los Angeles Clippers,2020,26,true,-400,326
Los Angeles Clippers,2020,27,true,-312,258
Los Angeles Clippers,2020,28,true,-435,341
Los Angeles Clippers,2020,29,true,164,-189
Los Angeles Clippers,2020,30,false,227,-270
Los Angeles Clippers,2020,31,true,-106,-110
Los Angeles Clippers,2020,32,false,-256,218
Los Angeles Clippers,2020,33,true,-769,548
Los Angeles Clippers,2020,34,false,-333,270
Los Angeles Clippers,2020,35,true,-312,254
Los Angeles Clippers,2020,36,false,106,-122
Los Angeles Clippers,2020,37,false,-200,172
Los Angeles Clippers,2020,38,false,-370,300
Los Angeles Clippers,2020,39,true,-286,238
Los Angeles Clippers,2020,40,false,-233,197
Los Angeles Clippers,2020,41,true,-115,-102
Los Angeles Clippers,2020,42,false,-133,116
Los Angeles Clippers,2020,43,true,-455,359
Los Angeles Clippers,2020,44,true,-238,200
Los Angeles Clippers,2020,45,true,-238,199
Los Angeles Clippers,2020,46,true,-119,100
Los Angeles Clippers,2020,47,true,-208,179
Los Angeles Clippers,2020,48,true,-101,-115
Los Angeles Clippers,2020,49,false,-667,500
Los Angeles Clippers,2020,50,false,-127,108
Los Angeles Clippers,2020,51,true,-625,469
Los Angeles Clippers,2020,52,true,-250,211
Los Angeles Clippers,2020,53,true,-227,193
Los Angeles Clippers,2020,54,true,-667,493
Los Angeles Clippers,2020,55,true,-909,646
Los Angeles Clippers,2020,56,true,-154,131
Los Angeles Clippers,2020,57,true,-127,108
Los Angeles Clippers,2020,58,false,158,-182
Los Angeles Clippers,2020,59,true,-714,533
Los Angeles Clippers,2020,60,true,-204,174
Los Angeles Clippers,2020,61,true,154,-182
Los Angeles Clippers,2020,62,true,-476,374
Los Angeles Clippers,2020,63,false,-132,110
Los Angeles Clippers,2020,64,false,156,-182
Los Angeles Clippers,2020,65,false,-217,183
Los Angeles Clippers,2020,66,true,-667,500
Los Angeles Clippers,2020,67,true,-370,304
Los Angeles Clippers,2020,68,false,-333,270
Los Angeles Clippers,2020,69,true,-1000,703
Los Angeles Clippers,2020,70,true,-385,305
Los Angeles Clippers,2020,71,false,-312,259
Los Angeles Clippers,2020,72,false,-333,276
Los Angeles Clippers,2021,1,false,149,-172
Los Angeles Clippers,2021,2,false,-172,147
Los Angeles Clippers,2021,3,true,-135,118
Los Angeles Clippers,2021,4,false,-370,299
Los Angeles Clippers,2021,5,false,139,-161
Los Angeles Clippers,2021,6,true,-833,582
Los Angeles Clippers,2021,7,true,-139,119
Los Angeles Clippers,2021,8,true,-141,121
Los Angeles Clippers,2021,9,true,-244,206
Los Angeles Clippers,2021,10,true,-149,127
Los Angeles Clippers,2021,11,true,-208,179
Los Angeles Clippers,2021,12,true,-278,227
Los Angeles Clippers,2021,13,false,-172,147
Los Angeles Clippers,2021,14,true,-312,252
Los Angeles Clippers,2021,15,false,-111,-106
Los Angeles Clippers,2021,16,false,-185,158
Los Angeles Clippers,2021,17,true,-217,184
Los Angeles Clippers,2021,18,false,-147,125
Los Angeles Clippers,2021,19,true,-714,505
Los Angeles Clippers,2021,20,false,124,-145
Los Angeles Clippers,2021,21,false,-294,243
Los Angeles Clippers,2021,22,false,-244,206
Los Angeles Clippers,2021,23,true,117,-137
Los Angeles Clippers,2021,24,false,-127,108
Los Angeles Clippers,2021,25,true,-189,161
Los Angeles Clippers,2021,26,true,-123,106
Los Angeles Clippers,2021,27,true,-370,300
Los Angeles Clippers,2021,28,true,137,-159
Los Angeles Clippers,2021,29,false,516,-714
Los Angeles Clippers,2021,30,false,-185,159
Los Angeles Clippers,2021,31,false,-250,209
Los Angeles Clippers,2021,32,true,-182,156
Los Angeles Clippers,2021,33,false,139,-161
Los Angeles Clippers,2021,34,false,140,-164
Los Angeles Clippers,2021,35,true,195,-233
Los Angeles Clippers,2021,36,false,219,-263
Los Angeles Clippers,2021,37,true,753,-1111
Los Angeles Clippers,2021,38,false,-159,137
Los Angeles Clippers,2021,39,false,451,-588
Los Angeles Clippers,2021,40,false,110,-128
Los Angeles Clippers,2021,41,true,150,-175
Los Angeles Clippers,2021,42,true,119,-139
Los Angeles Clippers,2021,43,false,142,-167
Los Angeles Clippers,2021,44,false,102,-120
Los Angeles Clippers,2021,45,true,-137,117
Los Angeles Clippers,2021,46,false,341,-435
Los Angeles Clippers,2021,47,true,259,-312
Los Angeles Clippers,2021,48,false,150,-175
Los Angeles Clippers,2021,49,true,170,-200
Los Angeles Clippers,2021,50,true,100,-116
Los Angeles Clippers,2021,51,false,295,-357
Los Angeles Clippers,2021,52,true,197,-233
Los Angeles Clippers,2021,53,false,-109,-108
Los Angeles Clippers,2021,54,true,-159,137
Los Angeles Clippers,2021,55,false,165,-196
Los Angeles Clippers,2021,56,false,279,-333
Los Angeles Clippers,2021,57,false,204,-244
Los Angeles Clippers,2021,58,true,224,-270
Los Angeles Clippers,2021,59,true,206,-244
Los Angeles Clippers,2021,60,false,624,-909
Los Angeles Clippers,2021,61,true,-556,420
Los Angeles Clippers,2021,62,true,127,-149
Los Angeles Clippers,2021,63,true,-270,225
Los Angeles Clippers,2021,64,true,-278,229
Los Angeles Clippers,2021,65,true,-128,110
Los Angeles Clippers,2021,66,false,-222,189
Los Angeles Clippers,2021,67,false,197,-238
Los Angeles Clippers,2021,68,true,-164,141
Los Angeles Clippers,2021,69,false,248,-303
Los Angeles Clippers,2021,70,true,-182,158
Los Angeles Clippers,2021,71,false,243,-294
Los Angeles Clippers,2021,72,false,117,-135
Los Angeles Clippers,2021,73,false,181,-213
Los Angeles Clippers,2021,74,false,219,-263
Los Angeles Clippers,2021,75,false,181,-213
Los Angeles Clippers,2021,76,true,117,-135
Los Angeles Clippers,2021,77,false,118,-137
Los Angeles Clippers,2021,78,true,137,-159
Los Angeles Clippers,2021,79,true,-128,110
Los Angeles Clippers,2021,80,true,-303,247
Los Angeles Clippers,2021,81,true,-769,558
Los Angeles Clippers,2021,82,true,-714,524
Los Angeles Clippers,2022,1,true,-200,165
Los Angeles Clippers,2022,2,true,-139,118
Los Angeles Clippers,2022,3,false,100,-120
Los Angeles Clippers,2022,4,false,-222,179
Los Angeles Clippers,2022,5,false,-278,222
Los Angeles Clippers,2022,6,false,-132,110
Los Angeles Clippers,2022,7,true,-385,295
Los Angeles Clippers,2022,8,true,-227,185
Los Angeles Clippers,2022,9,true,-167,140
Los Angeles Clippers,2022,10,false,-167,140
Los Angeles Clippers,2022,11,true,145,-172
Los Angeles Clippers,2022,12,true,-154,129
Los Angeles Clippers,2022,13,false,-122,102
Los Angeles Clippers,2022,14,true,-208,173
Los Angeles Clippers,2022,15,false,213,-263
Los Angeles Clippers,2022,16,true,-588,424
Los Angeles Clippers,2022,17,true,-400,313
Los Angeles Clippers,2022,18,true,-137,114
Los Angeles Clippers,2022,19,false,365,-500
Los Angeles Clippers,2022,20,false,144,-175
Los Angeles Clippers,2022,21,true,110,-132
Los Angeles Clippers,2022,22,true,148,-175
Los Angeles Clippers,2022,23,false,235,-294
Los Angeles Clippers,2022,24,false,136,-161
Los Angeles Clippers,2022,25,true,-250,202
Los Angeles Clippers,2022,26,false,-263,214
Los Angeles Clippers,2022,27,false,211,-256
Los Angeles Clippers,2022,28,true,-200,166
Los Angeles Clippers,2022,29,true,150,-179
Los Angeles Clippers,2022,30,true,-286,229
Los Angeles Clippers,2022,31,false,196,-238
Los Angeles Clippers,2022,32,true,-200,165
Los Angeles Clippers,2022,33,true,-385,297
Los Angeles Clippers,2022,34,false,139,-164
Los Angeles Clippers,2022,35,true,-222,181
Los Angeles Clippers,2022,36,true,138,-161
Los Angeles Clippers,2022,37,false,219,-270
Los Angeles Clippers,2022,38,false,-143,119
Los Angeles Clippers,2022,39,false,-106,-114
Los Angeles Clippers,2022,40,false,161,-192
Los Angeles Clippers,2022,41,false,179,-217
Los Angeles Clippers,2022,42,false,-133,112
Los Angeles Clippers,2022,43,true,-116,-103
Los Angeles Clippers,2022,44,false,-196,164
Los Angeles Clippers,2022,45,true,-476,363
Los Angeles Clippers,2022,46,false,-118,100
Los Angeles Clippers,2022,47,false,277,-357
Los Angeles Clippers,2022,48,true,-303,236
Los Angeles Clippers,2022,49,true,108,-128
Los Angeles Clippers,2022,50,true,-182,152
Los Angeles Clippers,2022,51,true,-909,598
Los Angeles Clippers,2022,52,true,100,-119
Los Angeles Clippers,2022,53,false,443,-625
Los Angeles Clippers,2022,54,true,-145,122
Los Angeles Clippers,2022,55,false,154,-182
Los Angeles Clippers,2022,56,true,-145,124
Los Angeles Clippers,2022,57,true,-345,279
Los Angeles Clippers,2022,58,false,-323,265
Los Angeles Clippers,2022,59,false,118,-137
Los Angeles Clippers,2022,60,true,-333,275
Los Angeles Clippers,2022,61,true,-115,-103
Los Angeles Clippers,2022,62,false,-250,206
Los Angeles Clippers,2022,63,false,152,-179
Los Angeles Clippers,2022,64,false,-238,202
Los Angeles Clippers,2022,65,false,-147,123
Los Angeles Clippers,2022,66,false,225,-286
Los Angeles Clippers,2022,67,true,-294,237
Los Angeles Clippers,2022,68,true,-143,119
Los Angeles Clippers,2022,69,true,-204,169
Los Angeles Clippers,2022,70,true,-147,123
Los Angeles Clippers,2022,71,false,-263,216
Los Angeles Clippers,2022,72,true,-185,156
Los Angeles Clippers,2022,73,false,-263,218
Los Angeles Clippers,2022,74,true,-200,168
Los Angeles Clippers,2022,75,false,-192,163
Los Angeles Clippers,2022,76,true,-185,156
Los Angeles Clippers,2022,77,true,106,-127
Los Angeles Clippers,2022,78,false,177,-213
Los Angeles Clippers,2022,79,false,150,-175
Los Angeles Clippers,2022,80,true,-106,-110
Los Angeles Clippers,2022,81,true,-1667,959
Los Angeles Clippers,2022,82,true,-476,359
Los Angeles Clippers,2023,1,true,-476,348
Los Angeles Clippers,2023,2,false,-175,148
Los Angeles Clippers,2023,3,true,-400,311
Los Angeles Clippers,2023,4,true,-244,202
Los Angeles Clippers,2023,5,false,131,-152
Los Angeles Clippers,2023,6,false,104,-123
Los Angeles Clippers,2023,7,false,-208,177
Los Angeles Clippers,2023,8,false,100,-118
Los Angeles Clippers,2023,9,false,-345,278
Los Angeles Clippers,2023,10,false,158,-185
Los Angeles Clippers,2023,11,true,-286,239
Los Angeles Clippers,2023,12,true,-370,293
Los Angeles Clippers,2023,13,true,-333,272
Los Angeles Clippers,2023,14,false,-200,172
Los Angeles Clippers,2023,15,true,-122,104
Los Angeles Clippers,2023,16,false,-526,397
Los Angeles Clippers,2023,17,true,-123,106
Los Angeles Clippers,2023,18,false,108,-128
Los Angeles Clippers,2023,19,true,-208,172
Los Angeles Clippers,2023,20,true,-110,-106
Los Angeles Clippers,2023,21,true,-323,265
Los Angeles Clippers,2023,22,true,-909,629
Los Angeles Clippers,2023,23,true,-164,140
Los Angeles Clippers,2023,24,true,-133,114
Los Angeles Clippers,2023,25,true,-256,206
Los Angeles Clippers,2023,26,true,-169,144
Los Angeles Clippers,2023,27,true,-128,108
Los Angeles Clippers,2023,28,false,193,-233
Los Angeles Clippers,2023,29,false,150,-182
Los Angeles Clippers,2023,30,true,-526,392
Los Angeles Clippers,2023,31,true,-169,142
Los Angeles Clippers,2023,32,true,-333,270
Los Angeles Clippers,2023,33,true,-172,145
Los Angeles Clippers,2023,34,true,-110,-106
Los Angeles Clippers,2023,35,false,-192,165
Los Angeles Clippers,2023,36,true,-208,172
Los Angeles Clippers,2023,37,true,-625,455
Los Angeles Clippers,2023,38,true,-345,277
Los Angeles Clippers,2023,39,false,-110,-108
Los Angeles Clippers,2023,40,true,-233,191
Los Angeles Clippers,2023,41,true,-500,374
Los Angeles Clippers,2023,42,true,-400,313
Los Angeles Clippers,2023,43,true,-323,262
Los Angeles Clippers,2023,44,true,222,-278
Los Angeles Clippers,2023,45,false,-123,106
Los Angeles Clippers,2023,46,true,-435,337
Los Angeles Clippers,2023,47,true,-714,479
Los Angeles Clippers,2023,48,true,-200,165
Los Angeles Clippers,2023,49,true,-172,147
Los Angeles Clippers,2023,50,false,-208,177
Los Angeles Clippers,2023,51,true,-1667,918
Los Angeles Clippers,2023,52,false,-196,164
Los Angeles Clippers,2023,53,true,136,-161
Los Angeles Clippers,2023,54,false,102,-120
Los Angeles Clippers,2023,55,true,-417,318
Los Angeles Clippers,2023,56,false,-179,148
Los Angeles Clippers,2023,57,false,-122,102
Los Angeles Clippers,2023,58,true,-1429,802
Los Angeles Clippers,2023,59,true,120,-139
Los Angeles Clippers,2023,60,false,-105,102
Los Angeles Clippers,2023,61,true,-256,209
Los Angeles Clippers,2023,62,true,-323,258
Los Angeles Clippers,2023,63,false,206,-244
Los Angeles Clippers,2023,64,false,-238,193
Los Angeles Clippers,2023,65,true,-238,196
Los Angeles Clippers,2023,66,false,213,-263
Los Angeles Clippers,2023,67,false,-455,353
Los Angeles Clippers,2023,68,true,-714,498
Los Angeles Clippers,2023,69,true,-1250,769
Los Angeles Clippers,2023,70,false,-385,301
Los Angeles Clippers,2023,71,false,-238,202
Los Angeles Clippers,2023,72,true,-263,212
Los Angeles Clippers,2023,73,true,-123,104
Los Angeles Clippers,2023,74,true,-1250,735
Los Angeles Clippers,2023,75,false,122,-143
Los Angeles Clippers,2023,76,true,129,-152
Los Angeles Clippers,2023,77,true,-769,557
Los Angeles Clippers,2023,78,true,-179,150
Los Angeles Clippers,2023,79,true,305,-385
Los Angeles Clippers,2023,80,false,401,-556
Los Angeles Clippers,2023,81,false,-1429,832
Los Angeles Clippers,2023,82,false,148,-175
Los Angeles Clippers,2024,1,false,166,-200
Los Angeles Clippers,2024,2,true,259,-323
Los Angeles Clippers,2024,3,true,311,-417
Los Angeles Clippers,2024,4,false,-345,267
Los Angeles Clippers,2024,5,false,152,-182
Los Angeles Clippers,2024,6,false,185,-227
Los Angeles Clippers,2024,7,true,-179,149
Los Angeles Clippers,2024,8,true,-123,102
Los Angeles Clippers,2024,9,true,202,-256
Los Angeles Clippers,2024,10,true,-250,202
Los Angeles Clippers,2024,11,false,221,-278
Los Angeles Clippers,2024,12,false,164,-200
Los Angeles Clippers,2024,13,false,163,-196
Los Angeles Clippers,2024,14,true,-476,353
Los Angeles Clippers,2024,15,true,174,-213
Los Angeles Clippers,2024,16,true,125,-149
Los Angeles Clippers,2024,17,true,143,-169
Los Angeles Clippers,2024,18,true,-122,102
Los Angeles Clippers,2024,19,false,382,-526
Los Angeles Clippers,2024,20,true,-417,322
Los Angeles Clippers,2024,21,false,204,-250
Los Angeles Clippers,2024,22,true,127,-152
Los Angeles Clippers,2024,23,true,-385,297
Los Angeles Clippers,2024,24,false,160,-192
Los Angeles Clippers,2024,25,false,127,-152
Los Angeles Clippers,2024,26,false,234,-294
Los Angeles Clippers,2024,27,true,-312,250
Los Angeles Clippers,2024,28,true,-108,-111
Los Angeles Clippers,2024,29,false,136,-161
Los Angeles Clippers,2024,30,true,192,-238
Los Angeles Clippers,2024,31,true,-227,184
Los Angeles Clippers,2024,32,true,-192,158
Los Angeles Clippers,2024,33,false,131,-159
Los Angeles Clippers,2024,34,false,496,-714
Los Angeles Clippers,2024,35,true,-278,227
Los Angeles Clippers,2024,36,false,118,-139
Los Angeles Clippers,2024,37,false,-175,148
Los Angeles Clippers,2024,38,true,-345,273
Los Angeles Clippers,2024,39,true,-1111,694
Los Angeles Clippers,2024,40,true,-278,229
Los Angeles Clippers,2024,41,true,-182,150
Los Angeles Clippers,2024,42,false,-250,200
Los Angeles Clippers,2024,43,false,497,-714
Los Angeles Clippers,2024,44,true,-1111,705
Los Angeles Clippers,2024,45,true,-161,137
Los Angeles Clippers,2024,46,false,-115,-103
Los Angeles Clippers,2024,47,true,-164,141
Los Angeles Clippers,2024,48,true,-909,600
Los Angeles Clippers,2024,49,false,-217,177
Los Angeles Clippers,2024,50,false,-345,280
Los Angeles Clippers,2024,51,false,-222,181
Los Angeles Clippers,2024,52,true,-1667,936
Los Angeles Clippers,2024,53,true,-244,199
Los Angeles Clippers,2024,54,true,-435,336
Los Angeles Clippers,2024,55,false,-114,-103
Los Angeles Clippers,2024,56,false,139,-164
Los Angeles Clippers,2024,57,false,124,-147
Los Angeles Clippers,2024,58,true,-400,309
Los Angeles Clippers,2024,59,false,102,-120
Los Angeles Clippers,2024,60,false,-133,114
Los Angeles Clippers,2024,61,false,-143,123
Los Angeles Clippers,2024,62,true,133,-159
Los Angeles Clippers,2024,63,true,-263,211
Los Angeles Clippers,2024,64,true,-244,202
Los Angeles Clippers,2024,65,false,-312,258
Los Angeles Clippers,2024,66,true,110,-130
Los Angeles Clippers,2024,67,true,-204,169
Los Angeles Clippers,2024,68,true,-833,575
Los Angeles Clippers,2024,69,true,114,-137
Los Angeles Clippers,2024,70,true,-250,202
Los Angeles Clippers,2024,71,false,-102,-116
Los Angeles Clippers,2024,72,true,-179,150
Los Angeles Clippers,2024,73,true,-769,553
Los Angeles Clippers,2024,74,false,219,-270
Los Angeles Clippers,2024,75,true,-149,124
Los Angeles Clippers,2024,76,true,-2500,1118
Los Angeles Clippers,2024,77,true,-667,470
Los Angeles Clippers,2024,78,true,-400,309
Los Angeles Clippers,2024,79,true,-833,553
Los Angeles Clippers,2024,80,true,-526,367
Los Angeles Clippers,2024,81,true,-278,221
Los Angeles Clippers,2024,82,true,138,-167
Los Angeles Clippers,2025,1,false,-417,340
Los Angeles Clippers,2025,2,true,-417,350
Los Angeles Clippers,2025,3,true,-333,265
Los Angeles Clippers,2025,4,false,-120,104
Los Angeles Clippers,2025,5,true,-556,400
Los Angeles Clippers,2025,6,false,-303,240
Los Angeles Clippers,2025,7,false,260,-323
Los Angeles Clippers,2025,8,false,120,-141
Los Angeles Clippers,2025,9,false,-185,154
Los Angeles Clippers,2025,10,false,-189,165
Los Angeles Clippers,2025,11,false,165,-200
Los Angeles Clippers,2025,12,true,-154,135
Los Angeles Clippers,2025,13,false,175,-208
Los Angeles Clippers,2025,14,false,170,-200
Los Angeles Clippers,2025,15,false,195,-238
Los Angeles Clippers,2025,16,true,-105,-110
Los Angeles Clippers,2025,17,false,240,-294
Los Angeles Clippers,2025,18,false,210,-250
Los Angeles Clippers,2025,19,false,-250,220
Los Angeles Clippers,2025,20,false,-370,309
Los Angeles Clippers,2025,21,false,200,-238
Los Angeles Clippers,2025,22,true,110,-125
Los Angeles Clippers,2025,23,false,-130,110
Los Angeles Clippers,2025,24,false,300,-345
Los Angeles Clippers,2025,25,false,309,-370
Los Angeles Clippers,2025,26,false,-208,188
Los Angeles Clippers,2025,27,false,950,-1429
Los Angeles Clippers,2025,28,true,108,-125
Los Angeles Clippers,2025,29,true,229,-263
Los Angeles Clippers,2025,30,true,-133,120
Los Angeles Clippers,2025,31,true,140,-164
Los Angeles Clippers,2025,32,true,-357,325
Los Angeles Clippers,2025,33,true,-833,600
Los Angeles Clippers,2025,34,false,-122,110
Los Angeles Clippers,2025,35,true,135,-156
Los Angeles Clippers,2025,36,false,166,-196
Los Angeles Clippers,2025,37,true,-222,185
Los Angeles Clippers,2025,38,true,100,-118
Los Angeles Clippers,2025,39,true,-189,175
Los Angeles Clippers,2025,40,true,-500,400
Los Angeles Clippers,2025,41,true,120,-135
Los Angeles Clippers,2025,42,true,-250,235
Los Angeles Clippers,2025,43,false,120,-133
Los Angeles Clippers,2025,44,true,-141,124
Los Angeles Clippers,2025,45,true,-455,370
Los Angeles Clippers,2025,46,true,-333,280
Los Angeles Clippers,2025,47,false,-135,118
Los Angeles Clippers,2025,48,true,129,-147
Los Angeles Clippers,2025,49,false,104,-110
Los Angeles Clippers,2025,50,false,129,-149
Los Angeles Clippers,2025,51,true,-161,140
Los Angeles Clippers,2025,52,true,295,-357
Los Angeles Clippers,2025,53,false,260,-303
Los Angeles Clippers,2025,54,true,270,-333
Los Angeles Clippers,2025,55,true,160,-182
Los Angeles Clippers,2025,56,false,210,-250
Los Angeles Clippers,2025,57,false,-175,154
Los Angeles Clippers,2025,58,false,265,-323
Los Angeles Clippers,2025,59,true,-333,275
Los Angeles Clippers,2025,60,true,-115,102
Los Angeles Clippers,2025,61,true,-588,475
Los Angeles Clippers,2025,62,false,225,-263
Los Angeles Clippers,2025,63,true,-303,265
Los Angeles Clippers,2025,64,true,112,-128
Los Angeles Clippers,2025,65,true,-118,104
Los Angeles Clippers,2025,66,true,-769,560
Los Angeles Clippers,2025,67,false,-833,650
Los Angeles Clippers,2025,68,false,260,-312
Los Angeles Clippers,2025,69,false,-130,110
Los Angeles Clippers,2025,70,false,150,-167
Los Angeles Clippers,2025,71,true,-256,225
Los Angeles Clippers,2025,72,true,-909,640
Los Angeles Clippers,2025,73,true,-175,150
Los Angeles Clippers,2025,74,true,-385,330
Los Angeles Clippers,2025,75,true,-1429,869
Los Angeles Clippers,2025,76,false,-189,165
Los Angeles Clippers,2025,77,false,-141,120
Los Angeles Clippers,2025,78,true,-833,610
Los Angeles Clippers,2025,79,true,-625,475
Los Angeles Clippers,2025,80,false,290,-357
Los Angeles Clippers,2025,81,false,104,-122
Los Angeles Clippers,2025,82,true,-164,148
Los Angeles Lakers,2016,1,true,204,-250
Los Angeles Lakers,2016,2,false,359,-476
Los Angeles Lakers,2016,3,false,334,-435
Los Angeles Lakers,2016,4,false,351,-455
Los Angeles Lakers,2016,5,true,629,-909
Los Angeles Lakers,2016,6,true,589,-909
Los Angeles Lakers,2016,7,true,-179,152
Los Angeles Lakers,2016,8,false,-185,158
Los Angeles Lakers,2016,9,true,179,-217
Los Angeles Lakers,2016,10,true,-109,-109
Los Angeles Lakers,2016,11,false,102,-120
Los Angeles Lakers,2016,12,true,-312,252
Los Angeles Lakers,2016,13,false,290,-370
Los Angeles Lakers,2016,14,false,-133,114
Los Angeles Lakers,2016,15,true,135,-159
Los Angeles Lakers,2016,16,false,1771,-5000
Los Angeles Lakers,2016,17,false,916,-1667
Los Angeles Lakers,2016,18,true,174,-208
Los Angeles Lakers,2016,19,false,186,-222
Los Angeles Lakers,2016,20,true,450,-625
Los Angeles Lakers,2016,21,false,403,-526
Los Angeles Lakers,2016,22,false,118,-139
Los Angeles Lakers,2016,23,false,159,-185
Los Angeles Lakers,2016,24,false,883,-1429
Los Angeles Lakers,2016,25,false,-122,104
Los Angeles Lakers,2016,26,false,118,-139
Los Angeles Lakers,2016,27,false,305,-385
Los Angeles Lakers,2016,28,false,-120,100
Los Angeles Lakers,2016,29,true,-106,-112
Los Angeles Lakers,2016,30,false,1214,-2500
Los Angeles Lakers,2016,31,false,328,-417
Los Angeles Lakers,2016,32,false,202,-244
Los Angeles Lakers,2016,33,false,166,-196
Los Angeles Lakers,2016,34,true,127,-152
Los Angeles Lakers,2016,35,false,177,-217
Los Angeles Lakers,2016,36,false,-175,148
Los Angeles Lakers,2016,37,false,294,-370
Los Angeles Lakers,2016,38,true,154,-182
Los Angeles Lakers,2016,39,false,225,-278
Los Angeles Lakers,2016,40,true,-141,119
Los Angeles Lakers,2016,41,true,-145,124
Los Angeles Lakers,2016,42,false,117,-137
Los Angeles Lakers,2016,43,false,1041,-2000
Los Angeles Lakers,2016,44,false,541,-769
Los Angeles Lakers,2016,45,false,112,-133
Los Angeles Lakers,2016,46,false,-110,-109
Los Angeles Lakers,2016,47,true,142,-167
Los Angeles Lakers,2016,48,false,199,-244
Los Angeles Lakers,2016,49,false,307,-400
Los Angeles Lakers,2016,50,false,783,-1250
Los Angeles Lakers,2016,51,true,-105,-112
Los Angeles Lakers,2016,52,false,451,-667
Los Angeles Lakers,2016,53,false,504,-714
Los Angeles Lakers,2016,54,true,173,-208
Los Angeles Lakers,2016,55,false,231,-286
Los Angeles Lakers,2016,56,true,194,-233
Los Angeles Lakers,2016,57,false,-141,120
Los Angeles Lakers,2016,58,false,156,-185
Los Angeles Lakers,2016,59,false,461,-625
Los Angeles Lakers,2016,60,false,604,-909
Los Angeles Lakers,2016,61,false,163,-192
Los Angeles Lakers,2016,62,false,254,-312
Los Angeles Lakers,2016,63,false,204,-244
Los Angeles Lakers,2016,64,false,354,-455
Los Angeles Lakers,2016,65,true,215,-263
Los Angeles Lakers,2016,66,false,-192,164
Los Angeles Lakers,2016,67,false,719,-1111
Los Angeles Lakers,2016,68,false,1503,-3333
Los Angeles Lakers,2016,69,false,273,-345
Los Angeles Lakers,2016,70,false,596,-833
Los Angeles Lakers,2016,71,false,408,-556
Los Angeles Lakers,2016,72,true,225,-270
Los Angeles Lakers,2016,73,false,229,-278
Los Angeles Lakers,2016,74,false,363,-476
Los Angeles Lakers,2016,75,false,529,-769
Los Angeles Lakers,2016,76,false,1115,-2000
Los Angeles Lakers,2016,77,true,254,-303
Los Angeles Lakers,2016,78,true,886,-1429
Los Angeles Lakers,2016,79,true,-130,110
Los Angeles Lakers,2016,80,true,188,-227
Los Angeles Lakers,2016,81,true,-139,118
Los Angeles Lakers,2016,82,false,710,-1111
Los Angeles Lakers,2017,1,false,200,-244
Los Angeles Lakers,2017,2,true,139,-164
Los Angeles Lakers,2017,3,false,163,-196
Los Angeles Lakers,2017,4,true,177,-213
Los Angeles Lakers,2017,5,false,200,-244
Los Angeles Lakers,2017,6,false,458,-588
Los Angeles Lakers,2017,7,true,129,-154
Los Angeles Lakers,2017,8,false,204,-244
Los Angeles Lakers,2017,9,true,-147,125
Los Angeles Lakers,2017,10,true,122,-143
Los Angeles Lakers,2017,11,false,227,-278
Los Angeles Lakers,2017,12,false,397,-526
Los Angeles Lakers,2017,13,false,206,-250
Los Angeles Lakers,2017,14,true,-103,-116
Los Angeles Lakers,2017,15,false,137,-161
Los Angeles Lakers,2017,16,false,-303,250
Los Angeles Lakers,2017,17,true,171,-204
Los Angeles Lakers,2017,18,true,-222,186
Los Angeles Lakers,2017,19,false,-101,-118
Los Angeles Lakers,2017,20,false,159,-189
Los Angeles Lakers,2017,21,false,629,-909
Los Angeles Lakers,2017,22,false,144,-167
Los Angeles Lakers,2017,23,false,573,-833
Los Angeles Lakers,2017,24,true,299,-385
Los Angeles Lakers,2017,25,true,141,-164
Los Angeles Lakers,2017,26,false,120,-141
Los Angeles Lakers,2017,27,false,399,-526
Los Angeles Lakers,2017,28,false,181,-222
Los Angeles Lakers,2017,29,true,911,-1667
Los Angeles Lakers,2017,30,false,549,-769
Los Angeles Lakers,2017,31,false,-145,124
Los Angeles Lakers,2017,32,false,206,-250
Los Angeles Lakers,2017,33,false,-159,135
Los Angeles Lakers,2017,34,false,127,-152
Los Angeles Lakers,2017,35,false,857,-1429
Los Angeles Lakers,2017,36,false,396,-526
Los Angeles Lakers,2017,37,false,181,-217
Los Angeles Lakers,2017,38,false,114,-133
Los Angeles Lakers,2017,39,true,-161,137
Los Angeles Lakers,2017,40,true,-370,288
Los Angeles Lakers,2017,41,true,116,-137
Los Angeles Lakers,2017,42,true,159,-189
Los Angeles Lakers,2017,43,false,143,-167
Los Angeles Lakers,2017,44,false,383,-526
Los Angeles Lakers,2017,45,true,110,-132
Los Angeles Lakers,2017,46,true,108,-127
Los Angeles Lakers,2017,47,true,175,-213
Los Angeles Lakers,2017,48,true,150,-175
Los Angeles Lakers,2017,49,false,454,-625
Los Angeles Lakers,2017,50,false,-152,131
Los Angeles Lakers,2017,51,true,-102,-116
Los Angeles Lakers,2017,52,true,376,-500
Los Angeles Lakers,2017,53,true,-357,280
Los Angeles Lakers,2017,54,true,-118,100
Los Angeles Lakers,2017,55,false,129,-154
Los Angeles Lakers,2017,56,false,181,-217
Los Angeles Lakers,2017,57,false,407,-556
Los Angeles Lakers,2017,58,true,-175,149
Los Angeles Lakers,2017,59,true,-125,104
Los Angeles Lakers,2017,60,true,-133,112
Los Angeles Lakers,2017,61,true,179,-213
Los Angeles Lakers,2017,62,true,184,-222
Los Angeles Lakers,2017,63,false,110,-132
Los Angeles Lakers,2017,64,true,-270,223
Los Angeles Lakers,2017,65,false,234,-286
Los Angeles Lakers,2017,66,true,110,-132
Los Angeles Lakers,2017,67,true,110,-132
Los Angeles Lakers,2017,68,false,215,-263
Los Angeles Lakers,2017,69,false,-137,118
Los Angeles Lakers,2017,70,false,179,-217
Los Angeles Lakers,2017,71,false,119,-141
Los Angeles Lakers,2017,72,true,-270,227
Los Angeles Lakers,2017,73,false,196,-233
Los Angeles Lakers,2017,74,true,-400,317
Los Angeles Lakers,2017,75,false,-105,-111
Los Angeles Lakers,2017,76,false,-333,268
Los Angeles Lakers,2017,77,false,585,-833
Los Angeles Lakers,2017,78,true,219,-263
Los Angeles Lakers,2017,79,false,177,-213
Los Angeles Lakers,2017,80,false,394,-500
Los Angeles Lakers,2017,81,false,301,-370
Los Angeles Lakers,2017,82,true,118,-139
Los Angeles Lakers,2018,1,false,129,-152
Los Angeles Lakers,2018,2,false,133,-156
Los Angeles Lakers,2018,3,false,-118,-101
Los Angeles Lakers,2018,4,true,-213,177
Los Angeles Lakers,2018,5,true,100,-120
Los Angeles Lakers,2018,6,false,-154,150
Los Angeles Lakers,2018,7,false,-125,106
Los Angeles Lakers,2018,8,true,-357,280
Los Angeles Lakers,2018,9,true,133,-159
Los Angeles Lakers,2018,10,false,-125,106
Los Angeles Lakers,2018,11,true,-244,200
Los Angeles Lakers,2018,12,true,-238,199
Los Angeles Lakers,2018,13,true,-769,546
Los Angeles Lakers,2018,14,true,-139,118
Los Angeles Lakers,2018,15,false,-182,154
Los Angeles Lakers,2018,16,true,-118,-101
Los Angeles Lakers,2018,17,true,-455,351
Los Angeles Lakers,2018,18,true,-145,121
Los Angeles Lakers,2018,19,false,-357,285
Los Angeles Lakers,2018,20,false,127,-149
Los Angeles Lakers,2018,21,true,-217,181
Los Angeles Lakers,2018,22,true,-175,148
Los Angeles Lakers,2018,23,true,-833,562
Los Angeles Lakers,2018,24,true,-370,288
Los Angeles Lakers,2018,25,false,-112,-104
Los Angeles Lakers,2018,26,true,112,-133
Los Angeles Lakers,2018,27,true,-222,186
Los Angeles Lakers,2018,28,false,195,-233
Los Angeles Lakers,2018,29,true,-119,100
Los Angeles Lakers,2018,30,false,-161,136
Los Angeles Lakers,2018,31,false,-123,104
Los Angeles Lakers,2018,32,true,-222,184
Los Angeles Lakers,2018,33,false,-213,177
Los Angeles Lakers,2018,34,true,325,-417
Los Angeles Lakers,2018,35,false,159,-189
Los Angeles Lakers,2018,36,false,237,-294
Los Angeles Lakers,2018,37,true,-125,106
Los Angeles Lakers,2018,38,false,181,-217
Los Angeles Lakers,2018,39,false,-233,191
Los Angeles Lakers,2018,40,false,267,-333
Los Angeles Lakers,2018,41,true,257,-312
Los Angeles Lakers,2018,42,true,-119,100
Los Angeles Lakers,2018,43,false,299,-370
Los Angeles Lakers,2018,44,false,-625,472
Los Angeles Lakers,2018,45,true,-294,238
Los Angeles Lakers,2018,46,true,400,-526
Los Angeles Lakers,2018,47,false,243,-303
Los Angeles Lakers,2018,48,false,727,-1111
Los Angeles Lakers,2018,49,false,-132,112
Los Angeles Lakers,2018,50,true,-345,270
Los Angeles Lakers,2018,51,false,250,-312
Los Angeles Lakers,2018,52,true,-130,110
Los Angeles Lakers,2018,53,false,1009,-1667
Los Angeles Lakers,2018,54,false,-139,117
Los Angeles Lakers,2018,55,true,332,-417
Los Angeles Lakers,2018,56,false,233,-286
Los Angeles Lakers,2018,57,false,-238,193
Los Angeles Lakers,2018,58,true,127,-149
Los Angeles Lakers,2018,59,false,-263,215
Los Angeles Lakers,2018,60,false,-222,183
Los Angeles Lakers,2018,61,true,-263,215
Los Angeles Lakers,2018,62,false,193,-233
Los Angeles Lakers,2018,63,false,-294,237
Los Angeles Lakers,2018,64,false,-169,144
Los Angeles Lakers,2018,65,false,173,-208
Los Angeles Lakers,2018,66,false,254,-312
Los Angeles Lakers,2018,67,true,-133,112
Los Angeles Lakers,2018,68,false,247,-303
Los Angeles Lakers,2018,69,false,717,-1111
Los Angeles Lakers,2018,70,false,-192,161
Los Angeles Lakers,2018,71,false,480,-667
Los Angeles Lakers,2018,72,false,118,-141
Los Angeles Lakers,2018,73,true,-105,-114
Los Angeles Lakers,2018,74,true,-141,120
Los Angeles Lakers,2018,75,false,1089,-2000
Los Angeles Lakers,2018,76,true,110,-130
Los Angeles Lakers,2018,77,true,133,-159
Los Angeles Lakers,2018,78,false,690,-1111
Los Angeles Lakers,2018,79,false,816,-1429
Los Angeles Lakers,2018,80,true,552,-769
Los Angeles Lakers,2018,81,true,605,-909
Los Angeles Lakers,2018,82,false,380,-500
Los Angeles Lakers,2019,1,false,-164,138
Los Angeles Lakers,2019,2,true,-159,133
Los Angeles Lakers,2019,3,true,-1250,771
Los Angeles Lakers,2019,4,true,-833,554
Los Angeles Lakers,2019,5,true,-110,-108
Los Angeles Lakers,2019,6,true,-123,102
Los Angeles Lakers,2019,7,true,-303,244
Los Angeles Lakers,2019,8,true,-370,294
Los Angeles Lakers,2019,9,false,-556,421
Los Angeles Lakers,2019,10,true,-172,144
Los Angeles Lakers,2019,11,true,-400,316
Los Angeles Lakers,2019,12,true,-588,434
Los Angeles Lakers,2019,13,true,-1429,800
Los Angeles Lakers,2019,14,true,-625,466
Los Angeles Lakers,2019,15,true,-196,164
Los Angeles Lakers,2019,16,true,-345,271
Los Angeles Lakers,2019,17,true,-192,162
Los Angeles Lakers,2019,18,true,-294,237
Los Angeles Lakers,2019,19,true,-769,544
Los Angeles Lakers,2019,20,false,-270,221
Los Angeles Lakers,2019,21,true,114,-135
Los Angeles Lakers,2019,22,true,110,-130
Los Angeles Lakers,2019,23,true,-192,162
Los Angeles Lakers,2019,24,true,-588,436
Los Angeles Lakers,2019,25,true,-417,326
Los Angeles Lakers,2019,26,true,-233,193
Los Angeles Lakers,2019,27,true,-833,575
Los Angeles Lakers,2019,28,false,-119,100
Los Angeles Lakers,2019,29,false,136,-161
Los Angeles Lakers,2019,30,false,-135,114
Los Angeles Lakers,2019,31,false,-132,112
Los Angeles Lakers,2019,32,true,-227,187
Los Angeles Lakers,2019,33,true,-208,173
Los Angeles Lakers,2019,34,true,-667,493
Los Angeles Lakers,2019,35,true,-588,428
Los Angeles Lakers,2019,36,true,-1667,914
Los Angeles Lakers,2019,37,true,-1250,797
Los Angeles Lakers,2019,38,true,110,-132
Los Angeles Lakers,2019,39,true,321,-400
Los Angeles Lakers,2019,40,true,-1250,781
Los Angeles Lakers,2019,41,false,-588,429
Los Angeles Lakers,2019,42,true,129,-154
Los Angeles Lakers,2019,43,false,-149,125
Los Angeles Lakers,2019,44,true,-769,534
Los Angeles Lakers,2019,45,true,-222,186
Los Angeles Lakers,2019,46,false,-204,171
Los Angeles Lakers,2019,47,false,-1000,644
Los Angeles Lakers,2019,48,true,-286,233
Los Angeles Lakers,2019,49,true,-667,473
Los Angeles Lakers,2019,50,false,-250,208
Los Angeles Lakers,2019,51,true,-1250,755
Los Angeles Lakers,2019,52,true,-1000,667
Los Angeles Lakers,2019,53,true,-152,127
Los Angeles Lakers,2019,54,true,-588,448
Los Angeles Lakers,2019,55,true,-323,259
Los Angeles Lakers,2019,56,true,-323,258
Los Angeles Lakers,2019,57,true,-588,445
Los Angeles Lakers,2019,58,false,-625,474
Los Angeles Lakers,2019,59,true,104,-123
Los Angeles Lakers,2019,60,true,-909,638
Los Angeles Lakers,2019,61,true,-119,100
Los Angeles Lakers,2019,62,true,117,-137
Los Angeles Lakers,2019,63,false,-833,575
Los Angeles Lakers,2019,64,true,-175,150
Los Angeles Lakers,2019,65,false,-139,122
Los Angeles Lakers,2019,66,true,-250,210
Los Angeles Lakers,2019,67,false,-213,184
Los Angeles Lakers,2019,68,false,134,-154
Los Angeles Lakers,2019,69,false,-213,186
Los Angeles Lakers,2019,70,true,-208,177
Los Angeles Lakers,2019,71,false,-161,141
Los Angeles Lakers,2020,1,false,-135,117
Los Angeles Lakers,2020,2,true,-263,222
Los Angeles Lakers,2020,3,true,-526,398
Los Angeles Lakers,2020,4,false,-238,199
Los Angeles Lakers,2020,5,true,-303,249
Los Angeles Lakers,2020,6,true,-323,263
Los Angeles Lakers,2020,7,true,-500,386
Los Angeles Lakers,2020,8,true,-455,351
Los Angeles Lakers,2020,9,false,-400,320
Los Angeles Lakers,2020,10,true,-385,304
Los Angeles Lakers,2020,11,true,-179,152
Los Angeles Lakers,2020,12,true,-189,160
Los Angeles Lakers,2020,13,true,-588,430
Los Angeles Lakers,2020,14,true,-417,334
Los Angeles Lakers,2020,15,false,-417,326
Los Angeles Lakers,2020,16,true,100,-116
Los Angeles Lakers,2020,17,true,-500,388
Los Angeles Lakers,2020,18,true,-769,560
Los Angeles Lakers,2020,19,false,-182,158
Los Angeles Lakers,2020,20,false,-312,258
Los Angeles Lakers,2020,21,true,-161,141
Los Angeles Lakers,2020,22,true,-286,234
Los Angeles Lakers,2020,23,true,-192,165
Los Angeles Lakers,2020,24,true,-1250,780
Los Angeles Lakers,2020,25,true,-526,413
Los Angeles Lakers,2020,26,true,-833,568
Los Angeles Lakers,2020,27,true,-370,295
Los Angeles Lakers,2020,28,false,-149,129
Los Angeles Lakers,2020,29,true,-256,211
Los Angeles Lakers,2020,30,false,-145,125
Los Angeles Lakers,2020,31,false,-159,137
Los Angeles Lakers,2020,32,false,-270,224
Los Angeles Lakers,2020,33,false,299,-370
Los Angeles Lakers,2020,34,true,-200,173
Los Angeles Lakers,2020,35,true,-143,124
Los Angeles Lakers,2020,36,false,-104,-111
Los Angeles Lakers,2020,37,false,145,-167
Los Angeles Lakers,2020,38,true,-185,160
Los Angeles Lakers,2020,39,true,-122,104
Los Angeles Lakers,2020,40,true,-345,276
Los Angeles Lakers,2020,41,true,-303,249
Los Angeles Lakers,2020,42,false,-169,145
Los Angeles Lakers,2020,43,false,401,-500
Los Angeles Lakers,2020,44,false,186,-222
Los Angeles Lakers,2020,45,false,200,-238
Los Angeles Lakers,2020,46,true,-179,152
Los Angeles Lakers,2020,47,true,-286,231
Los Angeles Lakers,2020,48,false,289,-357
Los Angeles Lakers,2020,49,true,158,-185
Los Angeles Lakers,2020,50,false,469,-625
Los Angeles Lakers,2020,51,true,-118,100
Los Angeles Lakers,2020,52,false,355,-455
Los Angeles Lakers,2020,53,true,536,-714
Los Angeles Lakers,2020,54,false,-101,-116
Los Angeles Lakers,2020,55,true,-118,100
Los Angeles Lakers,2020,56,false,250,-303
Los Angeles Lakers,2020,57,true,-118,100
Los Angeles Lakers,2020,58,false,217,-256
Los Angeles Lakers,2020,59,false,129,-152
Los Angeles Lakers,2020,60,false,108,-127
Los Angeles Lakers,2020,61,true,-714,523
Los Angeles Lakers,2020,62,false,-112,-104
Los Angeles Lakers,2020,63,false,-667,501
Los Angeles Lakers,2020,64,false,-476,376
Los Angeles Lakers,2020,65,true,150,-172
Los Angeles Lakers,2020,66,false,304,-370
Los Angeles Lakers,2020,67,false,270,-323
Los Angeles Lakers,2020,68,true,222,-263
Los Angeles Lakers,2020,69,true,-139,120
Los Angeles Lakers,2020,70,true,-476,376
Los Angeles Lakers,2020,71,true,-385,309
Los Angeles Lakers,2020,72,true,-455,351
Los Angeles Lakers,2021,1,false,-164,143
Los Angeles Lakers,2021,2,false,-102,-114
Los Angeles Lakers,2021,3,true,-204,175
Los Angeles Lakers,2021,4,true,114,-133
Los Angeles Lakers,2021,5,false,-233,197
Los Angeles Lakers,2021,6,true,-357,288
Los Angeles Lakers,2021,7,true,-588,443
Los Angeles Lakers,2021,8,true,-667,498
Los Angeles Lakers,2021,9,false,-556,434
Los Angeles Lakers,2021,10,false,170,-196
Los Angeles Lakers,2021,11,true,-133,116
Los Angeles Lakers,2021,12,true,183,-213
Los Angeles Lakers,2021,13,false,-125,106
Los Angeles Lakers,2021,14,true,-137,117
Los Angeles Lakers,2021,15,false,110,-127
Los Angeles Lakers,2021,16,false,330,-417
Los Angeles Lakers,2021,17,false,-105,-111
Los Angeles Lakers,2021,18,true,-294,245
Los Angeles Lakers,2021,19,false,160,-185
Los Angeles Lakers,2021,20,true,208,-250
Los Angeles Lakers,2021,21,false,-323,262
Los Angeles Lakers,2021,22,true,-526,411
Los Angeles Lakers,2021,23,true,-105,-109
Los Angeles Lakers,2021,24,false,-137,117
Los Angeles Lakers,2021,25,true,-143,123
Los Angeles Lakers,2021,26,false,-172,149
Los Angeles Lakers,2021,27,true,-167,142
Los Angeles Lakers,2021,28,true,-455,365
Los Angeles Lakers,2021,29,true,-149,129
Los Angeles Lakers,2021,30,false,-114,-103
Los Angeles Lakers,2021,31,false,239,-286
Los Angeles Lakers,2021,32,false,238,-286
Los Angeles Lakers,2021,33,false,-119,102
Los Angeles Lakers,2021,34,false,-139,120
Los Angeles Lakers,2021,35,true,-227,192
Los Angeles Lakers,2021,36,false,190,-227
Los Angeles Lakers,2021,37,true,-238,200
Los Angeles Lakers,2021,38,true,-312,258
Los Angeles Lakers,2021,39,true,-244,206
Los Angeles Lakers,2021,40,true,-122,104
Los Angeles Lakers,2021,41,false,-156,134
Los Angeles Lakers,2021,42,false,-172,147
Los Angeles Lakers,2021,43,false,150,-175
Los Angeles Lakers,2021,44,true,179,-213
Los Angeles Lakers,2021,45,false,-161,138
Los Angeles Lakers,2021,46,true,-196,167
Los Angeles Lakers,2021,47,false,145,-167
Los Angeles Lakers,2021,48,true,-161,139
Los Angeles Lakers,2021,49,false,202,-238
Los Angeles Lakers,2021,50,false,340,-435
Los Angeles Lakers,2021,51,false,237,-286
Los Angeles Lakers,2021,52,true,-169,146
Los Angeles Lakers,2021,53,false,137,-159
Los Angeles Lakers,2021,54,true,-204,174
Los Angeles Lakers,2021,55,false,146,-167
Los Angeles Lakers,2021,56,false,-435,348
Los Angeles Lakers,2021,57,false,222,-263
Los Angeles Lakers,2021,58,true,149,-172
Los Angeles Lakers,2021,59,false,-149,127
Los Angeles Lakers,2021,60,false,-137,117
Los Angeles Lakers,2021,61,false,161,-189
Los Angeles Lakers,2021,62,false,110,-128
Los Angeles Lakers,2021,63,true,190,-227
Los Angeles Lakers,2021,64,false,219,-263
Los Angeles Lakers,2021,65,false,-303,252
Los Angeles Lakers,2021,66,true,-185,159
Los Angeles Lakers,2021,67,false,247,-294
Los Angeles Lakers,2021,68,false,161,-189
Los Angeles Lakers,2021,69,false,301,-370
Los Angeles Lakers,2021,70,true,293,-357
Los Angeles Lakers,2021,71,false,-127,110
Los Angeles Lakers,2021,72,true,164,-192
Los Angeles Lakers,2021,73,false,358,-455
Los Angeles Lakers,2021,74,false,131,-154
Los Angeles Lakers,2021,75,false,540,-769
Los Angeles Lakers,2021,76,false,727,-1111
Los Angeles Lakers,2021,77,false,-130,112
Los Angeles Lakers,2021,78,false,187,-227
Los Angeles Lakers,2021,79,false,599,-833
Los Angeles Lakers,2021,80,false,769,-1250
Los Angeles Lakers,2021,81,true,-238,200
Los Angeles Lakers,2021,82,true,204,-238
Los Angeles Lakers,2022,1,false,247,-312
Los Angeles Lakers,2022,2,false,165,-200
Los Angeles Lakers,2022,3,false,-175,148
Los Angeles Lakers,2022,4,false,163,-196
Los Angeles Lakers,2022,5,false,265,-333
Los Angeles Lakers,2022,6,true,119,-141
Los Angeles Lakers,2022,7,true,114,-135
Los Angeles Lakers,2022,8,false,-164,137
Los Angeles Lakers,2022,9,false,175,-217
Los Angeles Lakers,2022,10,false,227,-278
Los Angeles Lakers,2022,11,false,129,-154
Los Angeles Lakers,2022,12,false,149,-179
Los Angeles Lakers,2022,13,true,167,-200
Los Angeles Lakers,2022,14,true,-270,221
Los Angeles Lakers,2022,15,true,-244,200
Los Angeles Lakers,2022,16,false,334,-455
Los Angeles Lakers,2022,17,true,-172,143
Los Angeles Lakers,2022,18,true,-102,-118
Los Angeles Lakers,2022,19,false,-167,140
Los Angeles Lakers,2022,20,true,-250,204
Los Angeles Lakers,2022,21,true,294,-385
Los Angeles Lakers,2022,22,true,104,-123
Los Angeles Lakers,2022,23,false,181,-222
Los Angeles Lakers,2022,24,false,562,-833
Los Angeles Lakers,2022,25,false,163,-196
Los Angeles Lakers,2022,26,true,-213,174
Los Angeles Lakers,2022,27,false,145,-172
Los Angeles Lakers,2022,28,true,106,-128
Los Angeles Lakers,2022,29,true,-152,127
Los Angeles Lakers,2022,30,false,449,-667
Los Angeles Lakers,2022,31,false,274,-345
Los Angeles Lakers,2022,32,false,-145,123
Los Angeles Lakers,2022,33,false,242,-303
Los Angeles Lakers,2022,34,true,127,-152
Los Angeles Lakers,2022,35,false,305,-400
Los Angeles Lakers,2022,36,true,199,-244
Los Angeles Lakers,2022,37,true,108,-130
Los Angeles Lakers,2022,38,true,285,-357
Los Angeles Lakers,2022,39,true,122,-147
Los Angeles Lakers,2022,40,true,244,-312
Los Angeles Lakers,2022,41,false,540,-769
Los Angeles Lakers,2022,42,false,118,-139
Los Angeles Lakers,2022,43,false,174,-213
Los Angeles Lakers,2022,44,true,-294,236
Los Angeles Lakers,2022,45,false,-132,112
Los Angeles Lakers,2022,46,true,215,-263
Los Angeles Lakers,2022,47,true,184,-227
Los Angeles Lakers,2022,48,false,152,-182
Los Angeles Lakers,2022,49,true,-312,249
Los Angeles Lakers,2022,50,false,243,-312
Los Angeles Lakers,2022,51,false,307,-400
Los Angeles Lakers,2022,52,true,110,-132
Los Angeles Lakers,2022,53,true,-143,123
Los Angeles Lakers,2022,54,false,100,-118
Los Angeles Lakers,2022,55,false,-270,222
Los Angeles Lakers,2022,56,false,274,-333
Los Angeles Lakers,2022,57,true,177,-213
Los Angeles Lakers,2022,58,false,110,-128
Los Angeles Lakers,2022,59,true,-189,166
Los Angeles Lakers,2022,60,true,-238,200
Los Angeles Lakers,2022,61,true,156,-182
Los Angeles Lakers,2022,62,false,313,-400
Los Angeles Lakers,2022,63,true,134,-154
Los Angeles Lakers,2022,64,false,104,-123
Los Angeles Lakers,2022,65,true,169,-204
Los Angeles Lakers,2022,66,true,-101,-118
Los Angeles Lakers,2022,67,true,121,-143
Los Angeles Lakers,2022,68,false,-143,120
Los Angeles Lakers,2022,69,true,-102,-118
Los Angeles Lakers,2022,70,false,-145,121
Los Angeles Lakers,2022,71,false,-169,145
Los Angeles Lakers,2022,72,true,-256,209
Los Angeles Lakers,2022,73,true,-119,100
Los Angeles Lakers,2022,74,true,-161,139
Los Angeles Lakers,2022,75,false,-213,177
Los Angeles Lakers,2022,76,true,-172,147
Los Angeles Lakers,2022,77,true,-127,108
Los Angeles Lakers,2022,78,true,-667,451
Los Angeles Lakers,2022,79,true,-556,404
Los Angeles Lakers,2022,80,false,-110,-106
Los Angeles Lakers,2022,81,true,-1000,630
Los Angeles Lakers,2022,82,true,-1429,886
Los Angeles Lakers,2023,1,false,161,-189
Los Angeles Lakers,2023,2,true,-238,199
Los Angeles Lakers,2023,3,false,114,-133
Los Angeles Lakers,2023,4,true,-164,143
Los Angeles Lakers,2023,5,true,-152,131
Los Angeles Lakers,2023,6,false,-161,138
Los Angeles Lakers,2023,7,false,106,-123
Los Angeles Lakers,2023,8,false,-128,110
Los Angeles Lakers,2023,9,true,112,-133
Los Angeles Lakers,2023,10,true,-370,296
Los Angeles Lakers,2023,11,true,-250,209
Los Angeles Lakers,2023,12,false,-106,-110
Los Angeles Lakers,2023,13,true,-435,330
Los Angeles Lakers,2023,14,true,-238,196
Los Angeles Lakers,2023,15,true,-303,243
Los Angeles Lakers,2023,16,false,-108,-110
Los Angeles Lakers,2023,17,true,148,-175
Los Angeles Lakers,2023,18,false,177,-217
Los Angeles Lakers,2023,19,true,-312,248
Los Angeles Lakers,2023,20,false,167,-196
Los Angeles Lakers,2023,21,true,-200,168
Los Angeles Lakers,2023,22,false,-145,124
Los Angeles Lakers,2023,23,true,-161,138
Los Angeles Lakers,2023,24,false,-179,150
Los Angeles Lakers,2023,25,false,-192,161
Los Angeles Lakers,2023,26,false,-169,144
Los Angeles Lakers,2023,27,false,259,-323
Los Angeles Lakers,2023,28,true,136,-159
Los Angeles Lakers,2023,29,false,148,-169
Los Angeles Lakers,2023,30,true,-833,583
Los Angeles Lakers,2023,31,false,152,-179
Los Angeles Lakers,2023,32,false,187,-233
Los Angeles Lakers,2023,33,false,-204,170
Los Angeles Lakers,2023,34,false,-175,147
Los Angeles Lakers,2023,35,true,165,-192
Los Angeles Lakers,2023,36,true,-192,161
Los Angeles Lakers,2023,37,false,100,-118
Los Angeles Lakers,2023,38,false,123,-143
Los Angeles Lakers,2023,39,true,121,-143
Los Angeles Lakers,2023,40,true,-152,129
Los Angeles Lakers,2023,41,false,-278,227
Los Angeles Lakers,2023,42,true,-588,428
Los Angeles Lakers,2023,43,false,313,-400
Los Angeles Lakers,2023,44,true,-227,188
Los Angeles Lakers,2023,45,true,102,-120
Los Angeles Lakers,2023,46,false,-116,-101
Los Angeles Lakers,2023,47,false,181,-217
Los Angeles Lakers,2023,48,true,840,-1429
Los Angeles Lakers,2023,49,true,112,-130
Los Angeles Lakers,2023,50,true,-833,586
Los Angeles Lakers,2023,51,false,129,-152
Los Angeles Lakers,2023,52,true,120,-141
Los Angeles Lakers,2023,53,true,-588,437
Los Angeles Lakers,2023,54,true,160,-189
Los Angeles Lakers,2023,55,false,188,-233
Los Angeles Lakers,2023,56,true,-526,401
Los Angeles Lakers,2023,57,false,131,-156
Los Angeles Lakers,2023,58,true,102,-122
Los Angeles Lakers,2023,59,true,-556,405
Los Angeles Lakers,2023,60,false,-105,-114
Los Angeles Lakers,2023,61,true,-104,-111
Los Angeles Lakers,2023,62,false,-149,127
Los Angeles Lakers,2023,63,true,158,-182
Los Angeles Lakers,2023,64,true,-208,181
Los Angeles Lakers,2023,65,false,-133,114
Los Angeles Lakers,2023,66,false,-125,106
Los Angeles Lakers,2023,67,true,-455,354
Los Angeles Lakers,2023,68,true,-312,248
Los Angeles Lakers,2023,69,true,-141,120
Los Angeles Lakers,2023,70,true,328,-435
Los Angeles Lakers,2023,71,true,-179,150
Los Angeles Lakers,2023,72,false,134,-159
Los Angeles Lakers,2023,73,true,-270,218
Los Angeles Lakers,2023,74,true,-1000,641
Los Angeles Lakers,2023,75,true,-833,581
Los Angeles Lakers,2023,76,true,-208,172
Los Angeles Lakers,2023,77,false,110,-130
Los Angeles Lakers,2023,78,false,110,-130
Los Angeles Lakers,2023,79,true,-1429,810
Los Angeles Lakers,2023,80,true,104,-123
Los Angeles Lakers,2024,1,true,-106,-114
Los Angeles Lakers,2024,2,true,-123,102
Los Angeles Lakers,2024,3,true,-112,-108
Los Angeles Lakers,2024,4,false,154,-189
Los Angeles Lakers,2024,5,false,144,-172
Los Angeles Lakers,2024,6,true,-417,311
Los Angeles Lakers,2024,7,false,-286,227
Los Angeles Lakers,2024,8,false,147,-175
Los Angeles Lakers,2024,9,true,-323,248
Los Angeles Lakers,2024,10,true,-556,401
Los Angeles Lakers,2024,11,true,-312,239
Los Angeles Lakers,2024,12,true,-137,116
Los Angeles Lakers,2024,13,true,-333,259
Los Angeles Lakers,2024,14,true,-556,401
Los Angeles Lakers,2024,15,false,-227,183
Los Angeles Lakers,2024,16,false,-172,144
Los Angeles Lakers,2024,17,false,120,-143
Los Angeles Lakers,2024,18,true,-132,110
Los Angeles Lakers,2024,19,false,125,-152
Los Angeles Lakers,2024,20,true,-208,173
Los Angeles Lakers,2024,21,false,225,-286
Los Angeles Lakers,2024,22,false,141,-172
Los Angeles Lakers,2024,23,false,139,-164
Los Angeles Lakers,2024,24,true,-303,241
Los Angeles Lakers,2024,25,false,290,-370
Los Angeles Lakers,2024,26,true,112,-133
Los Angeles Lakers,2024,27,true,158,-192
Los Angeles Lakers,2024,28,true,141,-167
Los Angeles Lakers,2024,29,false,-263,214
Los Angeles Lakers,2024,30,true,140,-167
Los Angeles Lakers,2024,31,true,125,-149
Los Angeles Lakers,2024,32,false,152,-182
Los Angeles Lakers,2024,33,true,-278,218
Los Angeles Lakers,2024,34,true,-141,119
Los Angeles Lakers,2024,35,false,149,-182
Los Angeles Lakers,2024,36,false,-250,206
Los Angeles Lakers,2024,37,false,-185,154
Los Angeles Lakers,2024,38,true,-185,152
Los Angeles Lakers,2024,39,true,-500,370
Los Angeles Lakers,2024,40,false,150,-182
Los Angeles Lakers,2024,41,true,-909,598
Los Angeles Lakers,2024,42,true,199,-244
Los Angeles Lakers,2024,43,true,-114,-105
Los Angeles Lakers,2024,44,true,-204,169
Los Angeles Lakers,2024,45,false,-192,159
Los Angeles Lakers,2024,46,true,-357,283
Los Angeles Lakers,2024,47,true,392,-526
Los Angeles Lakers,2024,48,true,280,-345
Los Angeles Lakers,2024,49,true,-192,163
Los Angeles Lakers,2024,50,true,156,-189
Los Angeles Lakers,2024,51,true,-769,521
Los Angeles Lakers,2024,52,false,-385,313
Los Angeles Lakers,2024,53,false,-833,543
Los Angeles Lakers,2024,54,true,-139,116
Los Angeles Lakers,2024,55,true,200,-244
Los Angeles Lakers,2024,56,true,-400,311
Los Angeles Lakers,2024,57,true,-244,199
Los Angeles Lakers,2024,58,true,-120,102
Los Angeles Lakers,2024,59,true,114,-133
Los Angeles Lakers,2024,60,true,-323,261
Los Angeles Lakers,2024,61,true,-137,118
Los Angeles Lakers,2024,62,false,200,-244
Los Angeles Lakers,2024,63,false,-227,188
Los Angeles Lakers,2024,64,false,191,-233
Los Angeles Lakers,2024,65,false,709,-1250
Los Angeles Lakers,2024,66,true,-137,117
Los Angeles Lakers,2024,67,true,-417,318
Los Angeles Lakers,2024,68,true,-208,171
Los Angeles Lakers,2024,69,false,267,-333
Los Angeles Lakers,2024,70,false,-526,383
Los Angeles Lakers,2024,71,false,-175,148
Los Angeles Lakers,2024,72,true,-112,-105
Los Angeles Lakers,2024,73,false,-179,147
Los Angeles Lakers,2024,74,true,104,-125
Los Angeles Lakers,2024,75,true,-182,150
Los Angeles Lakers,2024,76,false,-115,-106
Los Angeles Lakers,2024,77,true,-1429,783
Los Angeles Lakers,2024,78,true,301,-385
Los Angeles Lakers,2024,79,false,309,-417
Los Angeles Lakers,2024,80,true,-204,166
Los Angeles Lakers,2024,81,true,-909,605
Los Angeles Lakers,2024,82,false,181,-227
Los Angeles Lakers,2025,1,false,120,-141
Los Angeles Lakers,2025,2,true,104,-125
Los Angeles Lakers,2025,3,true,145,-169
Los Angeles Lakers,2025,4,false,129,-154
Los Angeles Lakers,2025,5,true,229,-278
Los Angeles Lakers,2025,6,true,-128,110
Los Angeles Lakers,2025,7,true,-204,170
Los Angeles Lakers,2025,8,true,325,-385
Los Angeles Lakers,2025,9,true,-102,-115
Los Angeles Lakers,2025,10,false,-227,185
Los Angeles Lakers,2025,11,true,-345,275
Los Angeles Lakers,2025,12,false,265,-333
Los Angeles Lakers,2025,13,true,-455,350
Los Angeles Lakers,2025,14,true,104,-125
Los Angeles Lakers,2025,15,true,-714,575
Los Angeles Lakers,2025,16,true,-400,320
Los Angeles Lakers,2025,17,true,-250,210
Los Angeles Lakers,2025,18,true,-417,350
Los Angeles Lakers,2025,19,true,-1429,850
Los Angeles Lakers,2025,20,false,-227,198
Los Angeles Lakers,2025,21,true,120,-139
Los Angeles Lakers,2025,22,false,280,-333
Los Angeles Lakers,2025,23,true,-141,124
Los Angeles Lakers,2025,24,true,100,-118
Los Angeles Lakers,2025,25,true,-385,309
Los Angeles Lakers,2025,26,false,-125,108
Los Angeles Lakers,2025,27,false,134,-149
Los Angeles Lakers,2025,28,false,110,-125
Los Angeles Lakers,2025,29,true,-500,425
Los Angeles Lakers,2025,30,false,120,-139
Los Angeles Lakers,2025,31,true,-200,175
Los Angeles Lakers,2025,32,true,-222,190
Los Angeles Lakers,2025,33,true,-222,190
Los Angeles Lakers,2025,34,false,260,-294
Los Angeles Lakers,2025,35,false,-154,134
Los Angeles Lakers,2025,36,false,-385,309
Los Angeles Lakers,2025,37,true,-105,102
Los Angeles Lakers,2025,38,false,-159,138
Los Angeles Lakers,2025,39,false,136,-149
Los Angeles Lakers,2025,40,true,-135,122
Los Angeles Lakers,2025,41,true,-154,140
Los Angeles Lakers,2025,42,false,124,-141
Los Angeles Lakers,2025,43,true,-169,152
Los Angeles Lakers,2025,44,true,-120,102
Los Angeles Lakers,2025,45,false,140,-161
Los Angeles Lakers,2025,46,true,-455,384
Los Angeles Lakers,2025,47,false,190,-222
Los Angeles Lakers,2025,48,true,-323,265
Los Angeles Lakers,2025,49,true,-130,114
Los Angeles Lakers,2025,50,true,-125,116
Los Angeles Lakers,2025,51,false,204,-238
Los Angeles Lakers,2025,52,false,520,-667
Los Angeles Lakers,2025,53,true,-250,210
Los Angeles Lakers,2025,54,true,-250,210
Los Angeles Lakers,2025,55,false,-105,-110
Los Angeles Lakers,2025,56,false,-227,198
Los Angeles Lakers,2025,57,false,-213,179
Los Angeles Lakers,2025,58,true,-159,140
Los Angeles Lakers,2025,59,true,-714,570
Los Angeles Lakers,2025,60,true,-345,280
Los Angeles Lakers,2025,61,false,152,-169
Los Angeles Lakers,2025,62,true,-400,325
Los Angeles Lakers,2025,63,true,165,-179
Los Angeles Lakers,2025,64,true,120,-135
Los Angeles Lakers,2025,65,true,-556,425
Los Angeles Lakers,2025,66,true,110,-120
Los Angeles Lakers,2025,67,true,-116,100
Los Angeles Lakers,2025,68,true,110,-130
Los Angeles Lakers,2025,69,true,140,-154
Los Angeles Lakers,2025,70,true,-145,129
Los Angeles Lakers,2025,71,false,-118,100
Los Angeles Lakers,2025,72,true,-417,350
Los Angeles Lakers,2025,73,true,-2000,1300
Los Angeles Lakers,2025,74,true,-1429,850
Los Angeles Lakers,2025,75,true,-135,120
Los Angeles Lakers,2025,76,false,300,-370
Los Angeles Lakers,2025,77,false,-118,104
Los Angeles Lakers,2025,78,false,1300,-2000
Los Angeles Lakers,2025,79,true,104,-118
Los Angeles Lakers,2025,80,true,120,-133
Los Angeles Lakers,2025,81,true,-909,725
Memphis Grizzlies,2016,1,true,102,-120
Memphis Grizzlies,2016,2,false,125,-147
Memphis Grizzlies,2016,3,true,134,-159
Memphis Grizzlies,2016,4,false,250,-312
Memphis Grizzlies,2016,5,true,-238,200
Memphis Grizzlies,2016,6,false,199,-244
Memphis Grizzlies,2016,7,false,-110,-110
Memphis Grizzlies,2016,8,true,-172,146
Memphis Grizzlies,2016,9,false,134,-159
Memphis Grizzlies,2016,10,true,213,-256
Memphis Grizzlies,2016,11,true,751,-1111
Memphis Grizzlies,2016,12,true,-167,141
Memphis Grizzlies,2016,13,true,-102,-116
Memphis Grizzlies,2016,14,true,179,-217
Memphis Grizzlies,2016,15,true,-244,202
Memphis Grizzlies,2016,16,false,-208,175
Memphis Grizzlies,2016,17,true,-122,104
Memphis Grizzlies,2016,18,false,-101,-116
Memphis Grizzlies,2016,19,false,836,-1429
Memphis Grizzlies,2016,20,true,150,-179
Memphis Grizzlies,2016,21,true,-139,118
Memphis Grizzlies,2016,22,true,156,-182
Memphis Grizzlies,2016,23,true,-312,254
Memphis Grizzlies,2016,24,true,131,-152
Memphis Grizzlies,2016,25,true,732,-1111
Memphis Grizzlies,2016,26,false,884,-1429
Memphis Grizzlies,2016,27,true,-303,242
Memphis Grizzlies,2016,28,false,-217,179
Memphis Grizzlies,2016,29,false,102,-122
Memphis Grizzlies,2016,30,false,118,-139
Memphis Grizzlies,2016,31,true,206,-250
Memphis Grizzlies,2016,32,true,142,-167
Memphis Grizzlies,2016,33,false,-161,136
Memphis Grizzlies,2016,34,false,266,-333
Memphis Grizzlies,2016,35,true,-116,-102
Memphis Grizzlies,2016,36,true,-127,108
Memphis Grizzlies,2016,37,false,-182,154
Memphis Grizzlies,2016,38,false,-122,102
Memphis Grizzlies,2016,39,true,906,-1429
Memphis Grizzlies,2016,40,true,-141,120
Memphis Grizzlies,2016,41,false,163,-192
Memphis Grizzlies,2016,42,true,259,-323
Memphis Grizzlies,2016,43,false,-370,300
Memphis Grizzlies,2016,44,false,108,-128
Memphis Grizzlies,2016,45,true,-385,291
Memphis Grizzlies,2016,46,false,100,-119
Memphis Grizzlies,2016,47,true,-204,170
Memphis Grizzlies,2016,48,false,-102,-116
Memphis Grizzlies,2016,49,true,283,-357
Memphis Grizzlies,2016,50,true,-167,142
Memphis Grizzlies,2016,51,true,-175,150
Memphis Grizzlies,2016,52,false,-115,-104
Memphis Grizzlies,2016,53,true,148,-172
Memphis Grizzlies,2016,54,true,-111,-108
Memphis Grizzlies,2016,55,true,-345,276
Memphis Grizzlies,2016,56,false,283,-357
Memphis Grizzlies,2016,57,true,-400,315
Memphis Grizzlies,2016,58,false,-357,282
Memphis Grizzlies,2016,59,false,-111,-108
Memphis Grizzlies,2016,60,true,108,-128
Memphis Grizzlies,2016,61,true,-455,346
Memphis Grizzlies,2016,62,false,-147,124
Memphis Grizzlies,2016,63,false,318,-417
Memphis Grizzlies,2016,64,false,-714,515
Memphis Grizzlies,2016,65,false,-137,116
Memphis Grizzlies,2016,66,false,-263,220
Memphis Grizzlies,2016,67,true,-172,145
Memphis Grizzlies,2016,68,true,-133,112
Memphis Grizzlies,2016,69,true,150,-179
Memphis Grizzlies,2016,70,true,145,-169
Memphis Grizzlies,2016,71,false,123,-145
Memphis Grizzlies,2016,72,false,297,-385
Memphis Grizzlies,2016,73,false,571,-833
Memphis Grizzlies,2016,74,false,-286,233
Memphis Grizzlies,2016,75,true,-182,158
Memphis Grizzlies,2016,76,true,-156,133
Memphis Grizzlies,2016,77,false,-303,254
Memphis Grizzlies,2016,78,false,346,-455
Memphis Grizzlies,2016,79,false,119,-139
Memphis Grizzlies,2016,80,true,-1111,739
Memphis Grizzlies,2016,81,false,-227,188
Memphis Grizzlies,2016,82,false,-400,312
Memphis Grizzlies,2017,1,true,-130,110
Memphis Grizzlies,2017,2,true,308,-400
Memphis Grizzlies,2017,3,true,276,-345
Memphis Grizzlies,2017,4,false,-159,136
Memphis Grizzlies,2017,5,true,-312,256
Memphis Grizzlies,2017,6,true,-185,150
Memphis Grizzlies,2017,7,false,-208,171
Memphis Grizzlies,2017,8,false,-147,124
Memphis Grizzlies,2017,9,true,170,-204
Memphis Grizzlies,2017,10,false,-143,122
Memphis Grizzlies,2017,11,true,121,-141
Memphis Grizzlies,2017,12,false,229,-278
Memphis Grizzlies,2017,13,false,134,-159
Memphis Grizzlies,2017,14,false,-152,129
Memphis Grizzlies,2017,15,false,257,-312
Memphis Grizzlies,2017,16,false,-103,-115
Memphis Grizzlies,2017,17,false,-227,188
Memphis Grizzlies,2017,18,false,202,-244
Memphis Grizzlies,2017,19,false,-213,177
Memphis Grizzlies,2017,20,false,316,-400
Memphis Grizzlies,2017,21,false,137,-159
Memphis Grizzlies,2017,22,false,583,-833
Memphis Grizzlies,2017,23,true,125,-149
Memphis Grizzlies,2017,24,false,106,-127
Memphis Grizzlies,2017,25,false,186,-222
Memphis Grizzlies,2017,26,false,172,-204
Memphis Grizzlies,2017,27,false,-118,100
Memphis Grizzlies,2017,28,false,261,-323
Memphis Grizzlies,2017,29,true,-263,218
Memphis Grizzlies,2017,30,false,192,-233
Memphis Grizzlies,2017,31,false,390,-526
Memphis Grizzlies,2017,32,false,-156,131
Memphis Grizzlies,2017,33,true,-132,112
Memphis Grizzlies,2017,34,false,-120,102
Memphis Grizzlies,2017,35,true,135,-159
Memphis Grizzlies,2017,36,false,848,-1429
Memphis Grizzlies,2017,37,true,114,-135
Memphis Grizzlies,2017,38,false,198,-238
Memphis Grizzlies,2017,39,false,161,-192
Memphis Grizzlies,2017,40,true,-111,-106
Memphis Grizzlies,2017,41,false,222,-270
Memphis Grizzlies,2017,42,true,-167,143
Memphis Grizzlies,2017,43,true,118,-139
Memphis Grizzlies,2017,44,true,-250,206
Memphis Grizzlies,2017,45,false,329,-435
Memphis Grizzlies,2017,46,true,131,-156
Memphis Grizzlies,2017,47,false,102,-120
Memphis Grizzlies,2017,48,false,158,-185
Memphis Grizzlies,2017,49,true,-370,304
Memphis Grizzlies,2017,50,false,294,-370
Memphis Grizzlies,2017,51,false,312,-400
Memphis Grizzlies,2017,52,false,524,-769
Memphis Grizzlies,2017,53,false,129,-152
Memphis Grizzlies,2017,54,false,222,-270
Memphis Grizzlies,2017,55,false,158,-185
Memphis Grizzlies,2017,56,false,158,-189
Memphis Grizzlies,2017,57,false,175,-213
Memphis Grizzlies,2017,58,false,345,-435
Memphis Grizzlies,2017,59,false,624,-909
Memphis Grizzlies,2017,60,false,-149,127
Memphis Grizzlies,2017,61,false,325,-417
Memphis Grizzlies,2017,62,false,236,-286
Memphis Grizzlies,2017,63,false,706,-1111
Memphis Grizzlies,2017,64,false,140,-167
Memphis Grizzlies,2017,65,false,438,-588
Memphis Grizzlies,2017,66,false,370,-476
Memphis Grizzlies,2017,67,false,266,-333
Memphis Grizzlies,2017,68,false,-137,117
Memphis Grizzlies,2017,69,true,250,-312
Memphis Grizzlies,2017,70,false,281,-357
Memphis Grizzlies,2017,71,false,734,-1111
Memphis Grizzlies,2017,72,false,334,-435
Memphis Grizzlies,2017,73,false,227,-270
Memphis Grizzlies,2017,74,true,863,-1429
Memphis Grizzlies,2017,75,true,225,-270
Memphis Grizzlies,2017,76,false,1204,-2500
Memphis Grizzlies,2017,77,false,1072,-2000
Memphis Grizzlies,2017,78,false,830,-1429
Memphis Grizzlies,2017,79,false,147,-172
Memphis Grizzlies,2017,80,true,212,-256
Memphis Grizzlies,2017,81,false,1192,-2500
Memphis Grizzlies,2017,82,false,1472,-3333
Memphis Grizzlies,2018,1,false,246,-303
Memphis Grizzlies,2018,2,true,-286,236
Memphis Grizzlies,2018,3,true,443,-588
Memphis Grizzlies,2018,4,false,-143,123
Memphis Grizzlies,2018,5,true,-588,250
Memphis Grizzlies,2018,6,true,-116,-101
Memphis Grizzlies,2018,7,true,271,-333
Memphis Grizzlies,2018,8,false,-182,152
Memphis Grizzlies,2018,9,false,855,-1429
Memphis Grizzlies,2018,10,true,141,-167
Memphis Grizzlies,2018,11,true,-196,162
Memphis Grizzlies,2018,12,false,150,-175
Memphis Grizzlies,2018,13,true,396,-526
Memphis Grizzlies,2018,14,true,-263,218
Memphis Grizzlies,2018,15,true,174,-208
Memphis Grizzlies,2018,16,true,-156,131
Memphis Grizzlies,2018,17,true,127,-149
Memphis Grizzlies,2018,18,false,156,-185
Memphis Grizzlies,2018,19,false,-357,286
Memphis Grizzlies,2018,20,false,187,-227
Memphis Grizzlies,2018,21,true,-143,121
Memphis Grizzlies,2018,22,false,212,-256
Memphis Grizzlies,2018,23,true,-132,110
Memphis Grizzlies,2018,24,true,186,-227
Memphis Grizzlies,2018,25,false,-133,112
Memphis Grizzlies,2018,26,false,131,-154
Memphis Grizzlies,2018,27,true,-156,133
Memphis Grizzlies,2018,28,false,-175,147
Memphis Grizzlies,2018,29,false,170,-204
Memphis Grizzlies,2018,30,false,711,-1111
Memphis Grizzlies,2018,31,false,206,-244
Memphis Grizzlies,2018,32,false,110,-130
Memphis Grizzlies,2018,33,true,177,-213
Memphis Grizzlies,2018,34,true,-500,388
Memphis Grizzlies,2018,35,false,142,-169
Memphis Grizzlies,2018,36,false,154,-185
Memphis Grizzlies,2018,37,false,-256,212
Memphis Grizzlies,2018,38,false,-175,147
Memphis Grizzlies,2018,39,false,317,-400
Memphis Grizzlies,2018,40,false,166,-196
Memphis Grizzlies,2018,41,true,119,-143
Memphis Grizzlies,2018,42,false,135,-161
Memphis Grizzlies,2018,43,false,136,-161
Memphis Grizzlies,2018,44,false,202,-244
Memphis Grizzlies,2018,45,false,441,-588
Memphis Grizzlies,2018,46,false,479,-667
Memphis Grizzlies,2018,47,false,-145,123
Memphis Grizzlies,2018,48,false,-119,100
Memphis Grizzlies,2018,49,false,-130,110
Memphis Grizzlies,2018,50,true,170,-204
Memphis Grizzlies,2018,51,false,191,-233
Memphis Grizzlies,2018,52,false,131,-154
Memphis Grizzlies,2018,53,false,283,-357
Memphis Grizzlies,2018,54,true,-137,117
Memphis Grizzlies,2018,55,true,143,-169
Memphis Grizzlies,2018,56,false,815,-1250
Memphis Grizzlies,2018,57,true,-118,-102
Memphis Grizzlies,2018,58,false,259,-323
Memphis Grizzlies,2018,59,false,102,-122
Memphis Grizzlies,2018,60,false,121,-143
Memphis Grizzlies,2018,61,false,100,-119
Memphis Grizzlies,2018,62,true,183,-222
Memphis Grizzlies,2018,63,false,-156,131
Memphis Grizzlies,2018,64,true,166,-196
Memphis Grizzlies,2018,65,false,428,-556
Memphis Grizzlies,2018,66,true,189,-233
Memphis Grizzlies,2018,67,true,170,-204
Memphis Grizzlies,2018,68,true,-111,-106
Memphis Grizzlies,2018,69,false,-120,102
Memphis Grizzlies,2018,70,false,104,-122
Memphis Grizzlies,2018,71,true,187,-227
Memphis Grizzlies,2018,72,false,457,-625
Memphis Grizzlies,2018,73,false,-111,-106
Memphis Grizzlies,2018,74,true,283,-357
Memphis Grizzlies,2018,75,false,401,-526
Memphis Grizzlies,2018,76,true,-132,110
Memphis Grizzlies,2018,77,false,401,-526
Memphis Grizzlies,2018,78,false,487,-667
Memphis Grizzlies,2018,79,true,150,-179
Memphis Grizzlies,2018,80,false,-104,-114
Memphis Grizzlies,2018,81,false,677,-1000
Memphis Grizzlies,2018,82,true,184,-222
Memphis Grizzlies,2019,1,false,229,-286
Memphis Grizzlies,2019,2,false,110,-132
Memphis Grizzlies,2019,3,true,152,-182
Memphis Grizzlies,2019,4,false,554,-833
Memphis Grizzlies,2019,5,false,125,-149
Memphis Grizzlies,2019,6,false,197,-238
Memphis Grizzlies,2019,7,true,142,-167
Memphis Grizzlies,2019,8,false,259,-323
Memphis Grizzlies,2019,9,false,189,-233
Memphis Grizzlies,2019,10,true,455,-625
Memphis Grizzlies,2019,11,true,118,-139
Memphis Grizzlies,2019,12,true,261,-323
Memphis Grizzlies,2019,13,false,209,-256
Memphis Grizzlies,2019,14,false,-256,209
Memphis Grizzlies,2019,15,false,271,-345
Memphis Grizzlies,2019,16,false,371,-500
Memphis Grizzlies,2019,17,false,224,-278
Memphis Grizzlies,2019,18,false,254,-312
Memphis Grizzlies,2019,19,true,570,-833
Memphis Grizzlies,2019,20,false,378,-500
Memphis Grizzlies,2019,21,false,227,-278
Memphis Grizzlies,2019,22,false,539,-769
Memphis Grizzlies,2019,23,true,127,-154
Memphis Grizzlies,2019,24,true,245,-303
Memphis Grizzlies,2019,25,false,606,-909
Memphis Grizzlies,2019,26,true,-119,100
Memphis Grizzlies,2019,27,true,129,-154
Memphis Grizzlies,2019,28,false,218,-270
Memphis Grizzlies,2019,29,false,-139,118
Memphis Grizzlies,2019,30,true,108,-128
Memphis Grizzlies,2019,31,false,-105,-114
Memphis Grizzlies,2019,32,true,202,-244
Memphis Grizzlies,2019,33,false,353,-455
Memphis Grizzlies,2019,34,true,-147,125
Memphis Grizzlies,2019,35,false,160,-192
Memphis Grizzlies,2019,36,true,432,-588
Memphis Grizzlies,2019,37,true,219,-270
Memphis Grizzlies,2019,38,true,-182,154
Memphis Grizzlies,2019,39,true,-108,-110
Memphis Grizzlies,2019,40,true,-263,217
Memphis Grizzlies,2019,41,true,156,-185
Memphis Grizzlies,2019,42,true,-455,355
Memphis Grizzlies,2019,43,false,-156,131
Memphis Grizzlies,2019,44,false,239,-294
Memphis Grizzlies,2019,45,true,-122,102
Memphis Grizzlies,2019,46,true,-133,112
Memphis Grizzlies,2019,47,true,-112,-106
Memphis Grizzlies,2019,48,true,-139,118
Memphis Grizzlies,2019,49,false,256,-323
Memphis Grizzlies,2019,50,true,-455,359
Memphis Grizzlies,2019,51,true,152,-182
Memphis Grizzlies,2019,52,false,208,-256
Memphis Grizzlies,2019,53,true,-143,120
Memphis Grizzlies,2019,54,true,-167,140
Memphis Grizzlies,2019,55,false,-112,-106
Memphis Grizzlies,2019,56,false,448,-588
Memphis Grizzlies,2019,57,false,484,-667
Memphis Grizzlies,2019,58,false,588,-833
Memphis Grizzlies,2019,59,false,-135,114
Memphis Grizzlies,2019,60,true,474,-625
Memphis Grizzlies,2019,61,true,110,-130
Memphis Grizzlies,2019,62,true,100,-119
Memphis Grizzlies,2019,63,false,246,-303
Memphis Grizzlies,2019,64,true,-244,202
Memphis Grizzlies,2019,65,false,-132,112
Memphis Grizzlies,2019,66,false,139,-159
Memphis Grizzlies,2019,67,false,-145,125
Memphis Grizzlies,2019,68,false,170,-196
Memphis Grizzlies,2019,69,false,177,-204
Memphis Grizzlies,2019,70,true,135,-154
Memphis Grizzlies,2019,71,false,248,-294
Memphis Grizzlies,2019,72,false,161,-185
Memphis Grizzlies,2019,73,true,-164,143
Memphis Grizzlies,2020,1,false,-130,108
Memphis Grizzlies,2020,2,false,-139,119
Memphis Grizzlies,2020,3,true,-133,112
Memphis Grizzlies,2020,4,false,244,-303
Memphis Grizzlies,2020,5,true,159,-185
Memphis Grizzlies,2020,6,false,386,-500
Memphis Grizzlies,2020,7,false,351,-455
Memphis Grizzlies,2020,8,false,-217,181
Memphis Grizzlies,2020,9,true,-104,-114
Memphis Grizzlies,2020,10,true,-133,112
Memphis Grizzlies,2020,11,true,114,-133
Memphis Grizzlies,2020,12,true,-125,106
Memphis Grizzlies,2020,13,true,183,-217
Memphis Grizzlies,2020,14,true,138,-161
Memphis Grizzlies,2020,15,true,147,-172
Memphis Grizzlies,2020,16,false,160,-185
Memphis Grizzlies,2020,17,false,-164,141
Memphis Grizzlies,2020,18,false,-112,-104
Memphis Grizzlies,2020,19,false,123,-145
Memphis Grizzlies,2020,20,true,-143,122
Memphis Grizzlies,2020,21,false,295,-370
Memphis Grizzlies,2020,22,true,110,-127
Memphis Grizzlies,2020,23,false,102,-119
Memphis Grizzlies,2020,24,true,-278,229
Memphis Grizzlies,2020,25,true,-185,160
Memphis Grizzlies,2020,26,false,215,-256
Memphis Grizzlies,2020,27,false,154,-182
Memphis Grizzlies,2020,28,true,270,-333
Memphis Grizzlies,2020,29,false,254,-312
Memphis Grizzlies,2020,30,true,-167,142
Memphis Grizzlies,2020,31,true,-104,-111
Memphis Grizzlies,2020,32,false,204,-244
Memphis Grizzlies,2020,33,true,-154,131
Memphis Grizzlies,2020,34,false,125,-147
Memphis Grizzlies,2020,35,false,-357,297
Memphis Grizzlies,2020,36,false,254,-312
Memphis Grizzlies,2020,37,true,-105,-112
Memphis Grizzlies,2020,38,false,-263,219
Memphis Grizzlies,2020,39,true,-256,215
Memphis Grizzlies,2020,40,true,-182,154
Memphis Grizzlies,2020,41,true,-278,227
Memphis Grizzlies,2020,42,false,413,-526
Memphis Grizzlies,2020,43,false,330,-417
Memphis Grizzlies,2020,44,true,-357,283
Memphis Grizzlies,2020,45,false,194,-233
Memphis Grizzlies,2020,46,true,-278,229
Memphis Grizzlies,2020,47,true,140,-161
Memphis Grizzlies,2020,48,true,206,-244
Memphis Grizzlies,2020,49,true,-115,100
Memphis Grizzlies,2020,50,false,-122,104
Memphis Grizzlies,2020,51,false,-164,141
Memphis Grizzlies,2020,52,true,-130,112
Memphis Grizzlies,2020,53,false,127,-149
Memphis Grizzlies,2020,54,true,-167,143
Memphis Grizzlies,2020,55,true,298,-370
Memphis Grizzlies,2020,56,false,261,-323
Memphis Grizzlies,2020,57,false,-182,154
Memphis Grizzlies,2020,58,true,152,-179
Memphis Grizzlies,2020,59,true,136,-159
Memphis Grizzlies,2020,60,false,143,-167
Memphis Grizzlies,2020,61,false,-123,104
Memphis Grizzlies,2020,62,true,-909,644
Memphis Grizzlies,2020,63,false,-769,535
Memphis Grizzlies,2020,64,false,-172,150
Memphis Grizzlies,2020,65,true,-161,138
Memphis Grizzlies,2020,66,false,-435,350
Memphis Grizzlies,2020,67,true,-250,211
Memphis Grizzlies,2020,68,true,-476,368
Memphis Grizzlies,2020,69,true,135,-156
Memphis Grizzlies,2020,70,true,-370,301
Memphis Grizzlies,2020,71,true,-161,138
Memphis Grizzlies,2020,72,false,139,-161
Memphis Grizzlies,2021,1,true,-303,250
Memphis Grizzlies,2021,2,true,147,-172
Memphis Grizzlies,2021,3,false,175,-204
Memphis Grizzlies,2021,4,false,117,-135
Memphis Grizzlies,2021,5,true,204,-244
Memphis Grizzlies,2021,6,false,-164,140
Memphis Grizzlies,2021,7,true,-125,108
Memphis Grizzlies,2021,8,true,100,-115
Memphis Grizzlies,2021,9,false,117,-135
Memphis Grizzlies,2021,10,true,-185,158
Memphis Grizzlies,2021,11,false,-185,159
Memphis Grizzlies,2021,12,false,106,-125
Memphis Grizzlies,2021,13,false,-159,135
Memphis Grizzlies,2021,14,true,-714,509
Memphis Grizzlies,2021,15,true,-106,-111
Memphis Grizzlies,2021,16,false,119,-139
Memphis Grizzlies,2021,17,true,418,-556
Memphis Grizzlies,2021,18,false,-161,137
Memphis Grizzlies,2021,19,false,-103,-115
Memphis Grizzlies,2021,20,true,-169,147
Memphis Grizzlies,2021,21,true,125,-145
Memphis Grizzlies,2021,22,true,-556,419
Memphis Grizzlies,2021,23,true,-112,-104
Memphis Grizzlies,2021,24,true,190,-227
Memphis Grizzlies,2021,25,false,-120,102
Memphis Grizzlies,2021,26,true,149,-172
Memphis Grizzlies,2021,27,true,-345,281
Memphis Grizzlies,2021,28,true,114,-135
Memphis Grizzlies,2021,29,true,-125,106
Memphis Grizzlies,2021,30,true,-263,219
Memphis Grizzlies,2021,31,false,-179,154
Memphis Grizzlies,2021,32,false,-400,326
Memphis Grizzlies,2021,33,false,181,-217
Memphis Grizzlies,2021,34,true,-145,124
Memphis Grizzlies,2021,35,true,267,-323
Memphis Grizzlies,2021,36,true,-227,190
Memphis Grizzlies,2021,37,true,-217,183
Memphis Grizzlies,2021,38,true,209,-250
Memphis Grizzlies,2021,39,true,131,-152
Memphis Grizzlies,2021,40,true,-1111,710
Memphis Grizzlies,2021,41,true,-128,110
Memphis Grizzlies,2021,42,true,134,-156
Memphis Grizzlies,2021,43,true,114,-132
Memphis Grizzlies,2021,44,true,-152,131
Memphis Grizzlies,2021,45,false,-137,119
Memphis Grizzlies,2021,46,true,-370,301
Memphis Grizzlies,2021,47,false,213,-256
Memphis Grizzlies,2021,48,true,139,-161
Memphis Grizzlies,2021,49,false,146,-169
Memphis Grizzlies,2021,50,true,-169,146
Memphis Grizzlies,2021,51,true,-189,163
Memphis Grizzlies,2021,52,true,-233,196
Memphis Grizzlies,2021,53,false,-161,141
Memphis Grizzlies,2021,54,true,-172,147
Memphis Grizzlies,2021,55,true,-357,296
Memphis Grizzlies,2021,56,true,-333,279
Memphis Grizzlies,2021,57,true,-714,511
Memphis Grizzlies,2021,58,true,-286,239
Memphis Grizzlies,2021,59,true,-159,134
Memphis Grizzlies,2021,60,false,-769,566
Memphis Grizzlies,2021,61,false,-128,110
Memphis Grizzlies,2021,62,true,-132,112
Memphis Grizzlies,2021,63,true,-370,300
Memphis Grizzlies,2021,64,false,110,-127
Memphis Grizzlies,2021,65,true,-1667,985
Memphis Grizzlies,2021,66,false,-588,441
Memphis Grizzlies,2021,67,true,-345,281
Memphis Grizzlies,2021,68,true,-417,334
Memphis Grizzlies,2021,69,true,-1250,794
Memphis Grizzlies,2021,70,true,-250,212
Memphis Grizzlies,2021,71,false,-263,218
Memphis Grizzlies,2021,72,true,-833,571
Memphis Grizzlies,2021,73,true,-109,-106
Memphis Grizzlies,2021,74,true,-667,486
Memphis Grizzlies,2021,75,true,-109,-105
Memphis Grizzlies,2021,76,true,-476,388
Memphis Grizzlies,2021,77,true,-204,173
Memphis Grizzlies,2021,78,true,263,-312
Memphis Grizzlies,2021,79,false,204,-244
Memphis Grizzlies,2021,80,false,154,-179
Memphis Grizzlies,2021,81,true,-312,256
Memphis Grizzlies,2021,82,false,311,-385
Memphis Grizzlies,2022,1,true,-192,159
Memphis Grizzlies,2022,2,true,-286,227
Memphis Grizzlies,2022,3,false,181,-222
Memphis Grizzlies,2022,4,true,-118,-101
Memphis Grizzlies,2022,5,true,-143,120
Memphis Grizzlies,2022,6,false,-159,131
Memphis Grizzlies,2022,7,false,-147,123
Memphis Grizzlies,2022,8,true,-213,174
Memphis Grizzlies,2022,9,true,-667,470
Memphis Grizzlies,2022,10,true,-435,326
Memphis Grizzlies,2022,11,false,141,-169
Memphis Grizzlies,2022,12,true,-227,186
Memphis Grizzlies,2022,13,true,-172,146
Memphis Grizzlies,2022,14,false,102,-122
Memphis Grizzlies,2022,15,false,100,-119
Memphis Grizzlies,2022,16,true,-250,202
Memphis Grizzlies,2022,17,false,239,-303
Memphis Grizzlies,2022,18,false,-135,118
Memphis Grizzlies,2022,19,true,-133,112
Memphis Grizzlies,2022,20,true,-122,104
Memphis Grizzlies,2022,21,false,-149,125
Memphis Grizzlies,2022,22,true,-192,161
Memphis Grizzlies,2022,23,true,-270,219
Memphis Grizzlies,2022,24,true,167,-204
Memphis Grizzlies,2022,25,true,-370,286
Memphis Grizzlies,2022,26,true,-556,400
Memphis Grizzlies,2022,27,true,-435,330
Memphis Grizzlies,2022,28,true,-154,129
Memphis Grizzlies,2022,29,false,-625,441
Memphis Grizzlies,2022,30,false,-118,-101
Memphis Grizzlies,2022,31,true,-149,127
Memphis Grizzlies,2022,32,false,-286,227
Memphis Grizzlies,2022,33,false,-312,250
Memphis Grizzlies,2022,34,true,-175,148
Memphis Grizzlies,2022,35,true,-250,208
Memphis Grizzlies,2022,36,true,-175,147
Memphis Grizzlies,2022,37,true,-286,229
Memphis Grizzlies,2022,38,true,-263,214
Memphis Grizzlies,2022,39,true,-222,181
Memphis Grizzlies,2022,40,true,-526,399
Memphis Grizzlies,2022,41,true,-1000,642
Memphis Grizzlies,2022,42,true,-323,250
Memphis Grizzlies,2022,43,true,-714,514
Memphis Grizzlies,2022,44,true,-303,237
Memphis Grizzlies,2022,45,false,-263,215
Memphis Grizzlies,2022,46,false,-357,276
Memphis Grizzlies,2022,47,false,143,-169
Memphis Grizzlies,2022,48,false,122,-145
Memphis Grizzlies,2022,49,false,-123,104
Memphis Grizzlies,2022,50,true,-333,265
Memphis Grizzlies,2022,51,false,-233,188
Memphis Grizzlies,2022,52,false,214,-256
Memphis Grizzlies,2022,53,false,-125,108
Memphis Grizzlies,2022,54,true,-455,347
Memphis Grizzlies,2022,55,true,-263,218
Memphis Grizzlies,2022,56,false,133,-154
Memphis Grizzlies,2022,57,true,-625,451
Memphis Grizzlies,2022,58,false,133,-154
Memphis Grizzlies,2022,59,true,-147,125
Memphis Grizzlies,2022,60,true,-400,313
Memphis Grizzlies,2022,61,true,-526,396
Memphis Grizzlies,2022,62,false,186,-227
Memphis Grizzlies,2022,63,false,237,-294
Memphis Grizzlies,2022,64,false,-118,-101
Memphis Grizzlies,2022,65,true,125,-149
Memphis Grizzlies,2022,66,true,-323,256
Memphis Grizzlies,2022,67,true,-185,154
Memphis Grizzlies,2022,68,false,150,-179
Memphis Grizzlies,2022,69,true,-370,285
Memphis Grizzlies,2022,70,true,102,-120
Memphis Grizzlies,2022,71,true,-182,154
Memphis Grizzlies,2022,72,true,-769,520
Memphis Grizzlies,2022,73,true,-769,542
Memphis Grizzlies,2022,74,true,-130,110
Memphis Grizzlies,2022,75,true,-256,209
Memphis Grizzlies,2022,76,false,-127,106
Memphis Grizzlies,2022,77,true,-213,177
Memphis Grizzlies,2022,78,false,-112,-105
Memphis Grizzlies,2022,79,true,-2500,1125
Memphis Grizzlies,2022,80,false,212,-256
Memphis Grizzlies,2022,81,true,-357,284
Memphis Grizzlies,2022,82,false,108,-127
Memphis Grizzlies,2023,1,false,-115,-103
Memphis Grizzlies,2023,2,false,181,-222
Memphis Grizzlies,2023,3,false,-109,-106
Memphis Grizzlies,2023,4,false,-114,-102
Memphis Grizzlies,2023,5,false,110,-128
Memphis Grizzlies,2023,6,false,-161,140
Memphis Grizzlies,2023,7,true,-156,133
Memphis Grizzlies,2023,8,false,106,-127
Memphis Grizzlies,2023,9,false,-196,166
Memphis Grizzlies,2023,10,true,278,-345
Memphis Grizzlies,2023,11,false,209,-250
Memphis Grizzlies,2023,12,true,-152,129
Memphis Grizzlies,2023,13,false,458,-667
Memphis Grizzlies,2023,14,false,170,-200
Memphis Grizzlies,2023,15,false,138,-161
Memphis Grizzlies,2023,16,false,202,-250
Memphis Grizzlies,2023,17,true,-161,140
Memphis Grizzlies,2023,18,true,192,-233
Memphis Grizzlies,2023,19,false,329,-435
Memphis Grizzlies,2023,20,true,-127,108
Memphis Grizzlies,2023,21,false,179,-217
Memphis Grizzlies,2023,22,false,100,-119
Memphis Grizzlies,2023,23,false,330,-435
Memphis Grizzlies,2023,24,false,120,-141
Memphis Grizzlies,2023,25,false,379,-500
Memphis Grizzlies,2023,26,true,300,-370
Memphis Grizzlies,2023,27,true,-132,112
Memphis Grizzlies,2023,28,true,106,-125
Memphis Grizzlies,2023,29,true,154,-185
Memphis Grizzlies,2023,30,false,307,-400
Memphis Grizzlies,2023,31,false,142,-169
Memphis Grizzlies,2023,32,false,-114,-105
Memphis Grizzlies,2023,33,true,-588,443
Memphis Grizzlies,2023,34,false,-114,-102
Memphis Grizzlies,2023,35,true,147,-175
Memphis Grizzlies,2023,36,true,250,-312
Memphis Grizzlies,2023,37,true,342,-455
Memphis Grizzlies,2023,38,false,277,-345
Memphis Grizzlies,2023,39,false,404,-556
Memphis Grizzlies,2023,40,true,243,-303
Memphis Grizzlies,2023,41,false,525,-769
Memphis Grizzlies,2023,42,false,246,-303
Memphis Grizzlies,2023,43,true,216,-263
Memphis Grizzlies,2023,44,true,455,-625
Memphis Grizzlies,2023,45,true,198,-244
Memphis Grizzlies,2023,46,false,231,-286
Memphis Grizzlies,2023,47,false,388,-526
Memphis Grizzlies,2023,48,false,286,-357
Memphis Grizzlies,2023,49,false,243,-303
Memphis Grizzlies,2023,50,false,1305,-2500
Memphis Grizzlies,2023,51,false,647,-1000
Memphis Grizzlies,2023,52,false,177,-208
Memphis Grizzlies,2023,53,false,-200,168
Memphis Grizzlies,2023,54,false,345,-455
Memphis Grizzlies,2023,55,true,116,-135
Memphis Grizzlies,2023,56,true,689,-1000
Memphis Grizzlies,2023,57,false,318,-417
Memphis Grizzlies,2023,58,false,120,-141
Memphis Grizzlies,2023,59,false,617,-909
Memphis Grizzlies,2023,60,false,-112,-106
Memphis Grizzlies,2023,61,false,-135,114
Memphis Grizzlies,2023,62,true,349,-455
Memphis Grizzlies,2023,63,true,145,-172
Memphis Grizzlies,2023,64,false,134,-154
Memphis Grizzlies,2023,65,false,786,-1250
Memphis Grizzlies,2023,66,true,112,-130
Memphis Grizzlies,2023,67,false,116,-135
Memphis Grizzlies,2023,68,false,401,-526
Memphis Grizzlies,2023,69,false,457,-625
Memphis Grizzlies,2023,70,false,451,-625
Memphis Grizzlies,2023,71,true,208,-263
Memphis Grizzlies,2023,72,false,576,-909
Memphis Grizzlies,2023,73,false,150,-179
Memphis Grizzlies,2023,74,false,569,-833
Memphis Grizzlies,2023,75,true,118,-139
Memphis Grizzlies,2023,76,true,573,-833
Memphis Grizzlies,2023,77,true,-105,-111
Memphis Grizzlies,2023,78,false,735,-1250
Memphis Grizzlies,2023,79,false,181,-217
Memphis Grizzlies,2023,80,false,1062,-2000
Memphis Grizzlies,2023,81,false,810,-1429
Memphis Grizzlies,2023,82,false,593,-909
Memphis Grizzlies,2024,1,true,-139,116
Memphis Grizzlies,2024,2,false,145,-172
Memphis Grizzlies,2024,3,true,110,-137
Memphis Grizzlies,2024,4,false,-208,172
Memphis Grizzlies,2024,5,false,-714,487
Memphis Grizzlies,2024,6,true,199,-244
Memphis Grizzlies,2024,7,true,-109,-110
Memphis Grizzlies,2024,8,false,-179,148
Memphis Grizzlies,2024,9,true,-175,147
Memphis Grizzlies,2024,10,true,-312,244
Memphis Grizzlies,2024,11,true,-114,-105
Memphis Grizzlies,2024,12,false,239,-312
Memphis Grizzlies,2024,13,false,237,-303
Memphis Grizzlies,2024,14,true,-233,189
Memphis Grizzlies,2024,15,false,-238,195
Memphis Grizzlies,2024,16,true,154,-185
Memphis Grizzlies,2024,17,true,-179,150
Memphis Grizzlies,2024,18,true,-526,386
Memphis Grizzlies,2024,19,true,-323,258
Memphis Grizzlies,2024,20,true,-667,484
Memphis Grizzlies,2024,21,true,-238,192
Memphis Grizzlies,2024,22,false,162,-196
Memphis Grizzlies,2024,23,true,-149,127
Memphis Grizzlies,2024,24,true,229,-286
Memphis Grizzlies,2024,25,true,-476,343
Memphis Grizzlies,2024,26,true,-500,368
Memphis Grizzlies,2024,27,false,-133,112
Memphis Grizzlies,2024,28,true,-133,112
Memphis Grizzlies,2024,29,true,-128,108
Memphis Grizzlies,2024,30,false,-238,192
Memphis Grizzlies,2024,31,true,-588,428
Memphis Grizzlies,2024,32,true,-294,235
Memphis Grizzlies,2024,33,false,254,-323
Memphis Grizzlies,2024,34,true,181,-222
Memphis Grizzlies,2024,35,false,133,-159
Memphis Grizzlies,2024,36,false,127,-154
Memphis Grizzlies,2024,37,true,-185,152
Memphis Grizzlies,2024,38,false,-143,121
Memphis Grizzlies,2024,39,true,106,-128
Memphis Grizzlies,2024,40,false,119,-141
Memphis Grizzlies,2024,41,true,-141,119
Memphis Grizzlies,2024,42,true,102,-122
Memphis Grizzlies,2024,43,true,-208,172
Memphis Grizzlies,2024,44,true,-667,463
Memphis Grizzlies,2024,45,true,-455,330
Memphis Grizzlies,2024,46,true,-526,393
Memphis Grizzlies,2024,47,false,136,-164
Memphis Grizzlies,2024,48,true,-182,148
Memphis Grizzlies,2024,49,true,144,-169
Memphis Grizzlies,2024,50,true,-161,135
Memphis Grizzlies,2024,51,true,-500,368
Memphis Grizzlies,2024,52,false,100,-122
Memphis Grizzlies,2024,53,true,-172,144
Memphis Grizzlies,2024,54,false,199,-244
Memphis Grizzlies,2024,55,false,-116,-103
Memphis Grizzlies,2024,56,true,-127,106
Memphis Grizzlies,2024,57,false,185,-222
Memphis Grizzlies,2024,58,true,-263,214
Memphis Grizzlies,2024,59,false,-135,116
Memphis Grizzlies,2024,60,false,-217,179
Memphis Grizzlies,2024,61,false,-312,248
Memphis Grizzlies,2024,62,false,227,-278
Memphis Grizzlies,2024,63,true,-455,344
Memphis Grizzlies,2024,64,true,-476,369
Memphis Grizzlies,2024,65,true,-147,124
Memphis Grizzlies,2024,66,true,-500,374
Memphis Grizzlies,2024,67,false,112,-133
Memphis Grizzlies,2024,68,true,-227,191
Memphis Grizzlies,2024,69,false,127,-145
Memphis Grizzlies,2024,70,false,-185,154
Memphis Grizzlies,2024,71,false,202,-250
Memphis Grizzlies,2024,72,true,-556,417
Memphis Grizzlies,2024,73,false,401,-556
Memphis Grizzlies,2024,74,false,-125,104
Memphis Grizzlies,2024,75,false,147,-175
Memphis Grizzlies,2024,76,false,143,-172
Memphis Grizzlies,2024,77,true,-233,183
Memphis Grizzlies,2024,78,true,-118,-103
Memphis Grizzlies,2024,79,true,-1111,672
Memphis Grizzlies,2024,80,false,114,-137
Memphis Grizzlies,2024,81,false,235,-303
Memphis Grizzlies,2024,82,true,108,-128
Memphis Grizzlies,2025,1,true,-169,145
Memphis Grizzlies,2025,2,false,-154,129
Memphis Grizzlies,2025,3,true,-135,114
Memphis Grizzlies,2025,4,false,270,-333
Memphis Grizzlies,2025,5,true,-130,110
Memphis Grizzlies,2025,6,false,110,-128
Memphis Grizzlies,2025,7,false,154,-182
Memphis Grizzlies,2025,8,false,150,-175
Memphis Grizzlies,2025,9,false,250,-303
Memphis Grizzlies,2025,10,true,-179,150
Memphis Grizzlies,2025,11,false,400,-526
Memphis Grizzlies,2025,12,false,333,-417
Memphis Grizzlies,2025,13,false,260,-323
Memphis Grizzlies,2025,14,false,400,-526
Memphis Grizzlies,2025,15,false,200,-238
Memphis Grizzlies,2025,16,true,-154,135
Memphis Grizzlies,2025,17,true,-105,-110
Memphis Grizzlies,2025,18,false,240,-286
Memphis Grizzlies,2025,19,true,-159,135
Memphis Grizzlies,2025,20,true,220,-250
Memphis Grizzlies,2025,21,true,-143,125
Memphis Grizzlies,2025,22,false,172,-200
Memphis Grizzlies,2025,23,true,110,-130
Memphis Grizzlies,2025,24,true,-125,114
Memphis Grizzlies,2025,25,false,-270,225
Memphis Grizzlies,2025,26,true,188,-208
Memphis Grizzlies,2025,27,true,220,-263
Memphis Grizzlies,2025,28,false,-667,500
Memphis Grizzlies,2025,29,false,750,-1250
Memphis Grizzlies,2025,30,true,-169,148
Memphis Grizzlies,2025,31,true,-189,166
Memphis Grizzlies,2025,32,false,-286,240
Memphis Grizzlies,2025,33,false,110,-118
Memphis Grizzlies,2025,34,false,175,-200
Memphis Grizzlies,2025,35,false,190,-222
Memphis Grizzlies,2025,36,true,200,-233
Memphis Grizzlies,2025,37,false,190,-208
Memphis Grizzlies,2025,38,false,179,-213
Memphis Grizzlies,2025,39,true,-270,235
Memphis Grizzlies,2025,40,false,194,-227
Memphis Grizzlies,2025,41,true,129,-149
Memphis Grizzlies,2025,42,false,-120,104
Memphis Grizzlies,2025,43,false,-196,165
Memphis Grizzlies,2025,44,false,390,-500
Memphis Grizzlies,2025,45,false,116,-130
Memphis Grizzlies,2025,46,false,138,-154
Memphis Grizzlies,2025,47,false,384,-500
Memphis Grizzlies,2025,48,true,245,-294
Memphis Grizzlies,2025,49,true,127,-143
Memphis Grizzlies,2025,50,false,260,-294
Memphis Grizzlies,2025,51,false,270,-333
Memphis Grizzlies,2025,52,false,309,-345
Memphis Grizzlies,2025,53,false,570,-714
Memphis Grizzlies,2025,54,true,-135,120
Memphis Grizzlies,2025,55,false,430,-556
Memphis Grizzlies,2025,56,false,-135,120
Memphis Grizzlies,2025,57,false,154,-179
Memphis Grizzlies,2025,58,true,164,-189
Memphis Grizzlies,2025,59,true,-106,100
Memphis Grizzlies,2025,60,false,600,-769
Memphis Grizzlies,2025,61,false,309,-333
Memphis Grizzlies,2025,62,false,265,-303
Memphis Grizzlies,2025,63,false,104,-116
Memphis Grizzlies,2025,64,false,162,-189
Memphis Grizzlies,2025,65,false,184,-222
Memphis Grizzlies,2025,66,false,950,-1429
Memphis Grizzlies,2025,67,false,229,-278
Memphis Grizzlies,2025,68,true,575,-769
Memphis Grizzlies,2025,69,false,810,-1250
Memphis Grizzlies,2025,70,false,1100,-1667
Memphis Grizzlies,2025,71,false,600,-833
Memphis Grizzlies,2025,72,false,1000,-1667
Memphis Grizzlies,2025,73,false,700,-909
Memphis Grizzlies,2025,74,true,168,-200
Memphis Grizzlies,2025,75,false,520,-588
Memphis Grizzlies,2025,76,false,610,-909
Memphis Grizzlies,2025,77,false,730,-1000
Memphis Grizzlies,2025,78,false,225,-278
Memphis Grizzlies,2025,79,false,675,-909
Memphis Grizzlies,2025,80,false,2000,-10000
Memphis Grizzlies,2025,81,false,164,-182
Memphis Grizzlies,2025,82,false,725,-769
Miami Heat,2016,1,true,131,-154
Miami Heat,2016,2,false,-103,-115
Miami Heat,2016,3,false,221,-270
Miami Heat,2016,4,true,-172,146
Miami Heat,2016,5,false,259,-323
Miami Heat,2016,6,false,191,-233
Miami Heat,2016,7,false,-116,-102
Miami Heat,2016,8,false,102,-122
Miami Heat,2016,9,false,556,-769
Miami Heat,2016,10,false,234,-286
Miami Heat,2016,11,true,-169,144
Miami Heat,2016,12,true,168,-200
Miami Heat,2016,13,false,-189,159
Miami Heat,2016,14,false,171,-204
Miami Heat,2016,15,true,175,-208
Miami Heat,2016,16,false,104,-122
Miami Heat,2016,17,false,152,-182
Miami Heat,2016,18,true,212,-256
Miami Heat,2016,19,true,259,-323
Miami Heat,2016,20,false,200,-238
Miami Heat,2016,21,false,-116,-101
Miami Heat,2016,22,false,351,-455
Miami Heat,2016,23,false,627,-909
Miami Heat,2016,24,false,367,-476
Miami Heat,2016,25,true,102,-120
Miami Heat,2016,26,true,-103,-115
Miami Heat,2016,27,false,277,-345
Miami Heat,2016,28,false,156,-185
Miami Heat,2016,29,false,-169,144
Miami Heat,2016,30,true,-244,202
Miami Heat,2016,31,false,168,-200
Miami Heat,2016,32,false,161,-189
Miami Heat,2016,33,false,225,-278
Miami Heat,2016,34,false,387,-526
Miami Heat,2016,35,false,227,-278
Miami Heat,2016,36,false,177,-213
Miami Heat,2016,37,true,280,-345
Miami Heat,2016,38,false,119,-141
Miami Heat,2016,39,false,367,-500
Miami Heat,2016,40,false,1083,-2000
Miami Heat,2016,41,false,278,-357
Miami Heat,2016,42,true,257,-312
Miami Heat,2016,43,true,-130,110
Miami Heat,2016,44,true,102,-123
Miami Heat,2016,45,true,542,-769
Miami Heat,2016,46,true,-141,120
Miami Heat,2016,47,true,254,-312
Miami Heat,2016,48,true,136,-161
Miami Heat,2016,49,true,-370,296
Miami Heat,2016,50,true,-122,104
Miami Heat,2016,51,true,-476,366
Miami Heat,2016,52,true,-102,-116
Miami Heat,2016,53,true,150,-175
Miami Heat,2016,54,true,-227,189
Miami Heat,2016,55,false,-149,127
Miami Heat,2016,56,false,-333,266
Miami Heat,2016,57,true,419,-556
Miami Heat,2016,58,true,121,-143
Miami Heat,2016,59,true,-192,161
Miami Heat,2016,60,false,-115,-104
Miami Heat,2016,61,true,-500,382
Miami Heat,2016,62,false,-200,168
Miami Heat,2016,63,true,-278,104
Miami Heat,2016,64,true,421,-556
Miami Heat,2016,65,true,-175,148
Miami Heat,2016,66,true,-244,200
Miami Heat,2016,67,false,200,-244
Miami Heat,2016,68,true,-250,210
Miami Heat,2016,69,true,-185,156
Miami Heat,2016,70,false,-238,197
Miami Heat,2016,71,true,-833,580
Miami Heat,2016,72,false,-175,150
Miami Heat,2016,73,false,206,-250
Miami Heat,2016,74,true,-152,129
Miami Heat,2016,75,true,-143,121
Miami Heat,2016,76,false,-667,487
Miami Heat,2016,77,false,-164,140
Miami Heat,2016,78,true,125,-149
Miami Heat,2016,79,false,161,-189
Miami Heat,2016,80,true,143,-167
Miami Heat,2016,81,true,-625,455
Miami Heat,2016,82,true,-588,433
Miami Heat,2017,1,false,-167,141
Miami Heat,2017,2,true,-476,355
Miami Heat,2017,3,true,-769,523
Miami Heat,2017,4,false,136,-159
Miami Heat,2017,5,false,131,-161
Miami Heat,2017,6,false,131,-156
Miami Heat,2017,7,true,-556,424
Miami Heat,2017,8,false,187,-227
Miami Heat,2017,9,true,179,-213
Miami Heat,2017,10,false,810,-1429
Miami Heat,2017,11,true,-244,200
Miami Heat,2017,12,true,127,-149
Miami Heat,2017,13,false,112,-133
Miami Heat,2017,14,false,-125,106
Miami Heat,2017,15,true,161,-192
Miami Heat,2017,16,false,-217,183
Miami Heat,2017,17,true,104,-125
Miami Heat,2017,18,true,156,-185
Miami Heat,2017,19,true,-294,237
Miami Heat,2017,20,false,154,-179
Miami Heat,2017,21,false,102,-122
Miami Heat,2017,22,true,-127,108
Miami Heat,2017,23,false,421,-556
Miami Heat,2017,24,false,278,-345
Miami Heat,2017,25,true,-135,114
Miami Heat,2017,26,true,100,-118
Miami Heat,2017,27,false,-149,127
Miami Heat,2017,28,true,174,-208
Miami Heat,2017,29,true,-250,209
Miami Heat,2017,30,false,104,-122
Miami Heat,2017,31,true,353,-455
Miami Heat,2017,32,true,102,-122
Miami Heat,2017,33,false,139,-164
Miami Heat,2017,34,true,-370,297
Miami Heat,2017,35,false,-244,202
Miami Heat,2017,36,true,-119,100
Miami Heat,2017,37,true,-189,159
Miami Heat,2017,38,true,-238,198
Miami Heat,2017,39,true,-169,144
Miami Heat,2017,40,true,152,-179
Miami Heat,2017,41,true,164,-196
Miami Heat,2017,42,true,-127,106
Miami Heat,2017,43,false,100,-119
Miami Heat,2017,44,true,160,-189
Miami Heat,2017,45,false,-156,131
Miami Heat,2017,46,true,234,-286
Miami Heat,2017,47,false,495,-667
Miami Heat,2017,48,false,-476,366
Miami Heat,2017,49,true,-175,149
Miami Heat,2017,50,true,-133,112
Miami Heat,2017,51,false,121,-141
Miami Heat,2017,52,false,150,-175
Miami Heat,2017,53,false,154,-182
Miami Heat,2017,54,false,-400,315
Miami Heat,2017,55,false,161,-192
Miami Heat,2017,56,true,-122,102
Miami Heat,2017,57,false,300,-385
Miami Heat,2017,58,false,177,-208
Miami Heat,2017,59,false,110,-132
Miami Heat,2017,60,true,-435,345
Miami Heat,2017,61,true,-118,-101
Miami Heat,2017,62,false,-213,179
Miami Heat,2017,63,true,-213,175
Miami Heat,2017,64,true,-500,376
Miami Heat,2017,65,false,147,-172
Miami Heat,2017,66,true,-112,-105
Miami Heat,2017,67,true,-172,146
Miami Heat,2017,68,false,204,-250
Miami Heat,2017,69,false,-294,241
Miami Heat,2017,70,true,118,-137
Miami Heat,2017,71,true,-123,104
Miami Heat,2017,72,true,-556,412
Miami Heat,2017,73,false,220,-263
Miami Heat,2017,74,false,135,-156
Miami Heat,2017,75,true,106,-127
Miami Heat,2017,76,true,-1429,824
Miami Heat,2017,77,false,-400,318
Miami Heat,2017,78,true,-1250,794
Miami Heat,2017,79,true,-303,245
Miami Heat,2017,80,false,-455,347
Miami Heat,2017,81,false,163,-196
Miami Heat,2017,82,true,-145,123
Miami Heat,2018,1,false,-133,114
Miami Heat,2018,2,true,204,-250
Miami Heat,2018,3,false,-164,139
Miami Heat,2018,4,true,-370,294
Miami Heat,2018,5,true,-208,145
Miami Heat,2018,6,false,-500,372
Miami Heat,2018,7,false,135,-159
Miami Heat,2018,8,false,-233,193
Miami Heat,2018,9,true,131,-156
Miami Heat,2018,10,true,-125,106
Miami Heat,2018,11,false,112,-135
Miami Heat,2018,12,false,-167,142
Miami Heat,2018,13,false,-139,117
Miami Heat,2018,14,true,-133,112
Miami Heat,2018,15,false,181,-217
Miami Heat,2018,16,false,-101,-118
Miami Heat,2018,17,false,-149,127
Miami Heat,2018,18,true,-169,143
Miami Heat,2018,19,false,635,-909
Miami Heat,2018,20,false,-333,269
Miami Heat,2018,21,true,127,-149
Miami Heat,2018,22,true,146,-172
Miami Heat,2018,23,false,-145,125
Miami Heat,2018,24,true,-385,308
Miami Heat,2018,25,true,403,-556
Miami Heat,2018,26,false,186,-222
Miami Heat,2018,27,false,311,-385
Miami Heat,2018,28,true,147,-175
Miami Heat,2018,29,true,198,-244
Miami Heat,2018,30,true,124,-145
Miami Heat,2018,31,true,108,-128
Miami Heat,2018,32,true,114,-135
Miami Heat,2018,33,false,120,-141
Miami Heat,2018,34,true,-588,436
Miami Heat,2018,35,false,-175,148
Miami Heat,2018,36,true,-238,195
Miami Heat,2018,37,true,-286,234
Miami Heat,2018,38,false,-278,225
Miami Heat,2018,39,false,-132,110
Miami Heat,2018,40,true,118,-141
Miami Heat,2018,41,true,-161,135
Miami Heat,2018,42,false,317,-400
Miami Heat,2018,43,false,117,-137
Miami Heat,2018,44,true,-172,145
Miami Heat,2018,45,false,313,-400
Miami Heat,2018,46,false,-227,187
Miami Heat,2018,47,true,-400,316
Miami Heat,2018,48,true,-213,177
Miami Heat,2018,49,false,-667,479
Miami Heat,2018,50,false,143,-169
Miami Heat,2018,51,false,-133,114
Miami Heat,2018,52,true,264,-333
Miami Heat,2018,53,false,139,-164
Miami Heat,2018,54,false,808,-1250
Miami Heat,2018,55,false,375,-476
Miami Heat,2018,56,true,131,-154
Miami Heat,2018,57,false,200,-244
Miami Heat,2018,58,false,-164,139
Miami Heat,2018,59,false,-333,267
Miami Heat,2018,60,true,391,-526
Miami Heat,2018,61,false,371,-476
Miami Heat,2018,62,true,-137,117
Miami Heat,2018,63,true,-556,424
Miami Heat,2018,64,true,135,-159
Miami Heat,2018,65,true,-435,332
Miami Heat,2018,66,false,-127,106
Miami Heat,2018,67,true,-137,114
Miami Heat,2018,68,false,175,-213
Miami Heat,2018,69,true,-159,133
Miami Heat,2018,70,true,189,-227
Miami Heat,2018,71,true,202,-244
Miami Heat,2018,72,false,274,-345
Miami Heat,2018,73,true,102,-120
Miami Heat,2018,74,false,-161,138
Miami Heat,2018,75,true,-250,204
Miami Heat,2018,76,true,-303,248
Miami Heat,2018,77,false,233,-286
Miami Heat,2018,78,false,-110,-108
Miami Heat,2018,79,false,-179,150
Miami Heat,2018,80,false,200,-238
Miami Heat,2018,81,true,-256,212
Miami Heat,2018,82,false,169,-200
Miami Heat,2019,1,true,-286,229
Miami Heat,2019,2,true,555,-769
Miami Heat,2019,3,false,233,-286
Miami Heat,2019,4,true,-385,303
Miami Heat,2019,5,true,-263,214
Miami Heat,2019,6,true,129,-156
Miami Heat,2019,7,false,172,-204
Miami Heat,2019,8,true,104,-122
Miami Heat,2019,9,false,294,-370
Miami Heat,2019,10,true,-400,313
Miami Heat,2019,11,true,-196,165
Miami Heat,2019,12,true,-345,273
Miami Heat,2019,13,true,-500,376
Miami Heat,2019,14,true,-189,158
Miami Heat,2019,15,false,187,-227
Miami Heat,2019,16,true,-625,447
Miami Heat,2019,17,false,260,-323
Miami Heat,2019,18,true,-769,541
Miami Heat,2019,19,true,-182,152
Miami Heat,2019,20,true,181,-217
Miami Heat,2019,21,false,187,-222
Miami Heat,2019,22,true,-500,384
Miami Heat,2019,23,true,-303,241
Miami Heat,2019,24,true,-385,301
Miami Heat,2019,25,false,193,-233
Miami Heat,2019,26,true,333,-417
Miami Heat,2019,27,false,-154,129
Miami Heat,2019,28,true,292,-370
Miami Heat,2019,29,true,-455,351
Miami Heat,2019,30,true,-182,154
Miami Heat,2019,31,true,-208,172
Miami Heat,2019,32,true,-118,-101
Miami Heat,2019,33,false,-714,507
Miami Heat,2019,34,true,-213,175
Miami Heat,2019,35,false,-105,-112
Miami Heat,2019,36,true,-213,177
Miami Heat,2019,37,true,-104,-114
Miami Heat,2019,38,false,-175,150
Miami Heat,2019,39,false,-345,274
Miami Heat,2019,40,true,-217,179
Miami Heat,2019,41,true,-111,-108
Miami Heat,2019,42,false,-116,-101
Miami Heat,2019,43,true,-167,142
Miami Heat,2019,44,true,-556,426
Miami Heat,2019,45,false,112,-133
Miami Heat,2019,46,true,-278,227
Miami Heat,2019,47,false,-125,106
Miami Heat,2019,48,true,-139,117
Miami Heat,2019,49,true,-141,120
Miami Heat,2019,50,false,221,-270
Miami Heat,2019,51,false,-112,-105
Miami Heat,2019,52,false,172,-208
Miami Heat,2019,53,true,-278,225
Miami Heat,2019,54,false,168,-200
Miami Heat,2019,55,false,-250,204
Miami Heat,2019,56,true,-1000,669
Miami Heat,2019,57,false,-256,210
Miami Heat,2019,58,false,-769,535
Miami Heat,2019,59,true,-141,119
Miami Heat,2019,60,true,-312,256
Miami Heat,2019,61,true,164,-192
Miami Heat,2019,62,true,-278,227
Miami Heat,2019,63,false,102,-119
Miami Heat,2019,64,true,-213,177
Miami Heat,2019,65,false,-667,495
Miami Heat,2019,66,true,-169,146
Miami Heat,2019,67,false,127,-145
Miami Heat,2019,68,true,168,-192
Miami Heat,2019,69,false,351,-435
Miami Heat,2019,70,false,144,-167
Miami Heat,2019,71,true,-169,149
Miami Heat,2019,72,false,-164,143
Miami Heat,2019,73,false,-112,-102
Miami Heat,2020,1,false,-196,165
Miami Heat,2020,2,true,-149,127
Miami Heat,2020,3,false,199,-238
Miami Heat,2020,4,true,218,-263
Miami Heat,2020,5,false,-123,106
Miami Heat,2020,6,true,-435,341
Miami Heat,2020,7,false,-143,120
Miami Heat,2020,8,true,-556,422
Miami Heat,2020,9,false,293,-370
Miami Heat,2020,10,false,288,-357
Miami Heat,2020,11,false,-222,183
Miami Heat,2020,12,true,-238,198
Miami Heat,2020,13,true,156,-182
Miami Heat,2020,14,false,114,-135
Miami Heat,2020,15,false,267,-323
Miami Heat,2020,16,false,263,-323
Miami Heat,2020,17,false,202,-244
Miami Heat,2020,18,false,-132,114
Miami Heat,2020,19,true,-256,214
Miami Heat,2020,20,false,-312,256
Miami Heat,2020,21,false,-417,330
Miami Heat,2020,22,true,-270,227
Miami Heat,2020,23,true,-217,184
Miami Heat,2020,24,true,-238,200
Miami Heat,2020,25,true,-128,110
Miami Heat,2020,26,false,236,-286
Miami Heat,2020,27,false,-189,164
Miami Heat,2020,28,false,104,-120
Miami Heat,2020,29,true,-106,-110
Miami Heat,2020,30,true,137,-159
Miami Heat,2020,31,true,-286,234
Miami Heat,2020,32,true,-127,110
Miami Heat,2020,33,true,202,-233
Miami Heat,2020,34,true,-137,117
Miami Heat,2020,35,false,-130,112
Miami Heat,2020,36,true,-128,110
Miami Heat,2020,37,true,-400,322
Miami Heat,2020,38,true,-130,110
Miami Heat,2020,39,true,-312,256
Miami Heat,2020,40,true,-625,451
Miami Heat,2020,41,false,-112,-105
Miami Heat,2020,42,false,-179,154
Miami Heat,2020,43,false,-161,138
Miami Heat,2020,44,false,108,-128
Miami Heat,2020,45,false,120,-141
Miami Heat,2020,46,false,-125,106
Miami Heat,2020,47,true,-156,134
Miami Heat,2020,48,true,-118,100
Miami Heat,2020,49,true,-145,123
Miami Heat,2020,50,true,-909,610
Miami Heat,2020,51,false,-244,206
Miami Heat,2020,52,true,-455,355
Miami Heat,2020,53,true,-105,-110
Miami Heat,2020,54,false,143,-167
Miami Heat,2020,55,false,174,-204
Miami Heat,2020,56,false,-263,219
Miami Heat,2020,57,true,173,-204
Miami Heat,2020,58,true,-200,169
Miami Heat,2020,59,true,-120,102
Miami Heat,2020,60,false,-270,223
Miami Heat,2020,61,true,-192,164
Miami Heat,2020,62,false,-227,194
Miami Heat,2020,63,true,-196,166
Miami Heat,2020,64,true,-714,524
Miami Heat,2020,65,true,-213,179
Miami Heat,2020,66,false,-108,-109
Miami Heat,2020,67,true,-333,274
Miami Heat,2020,68,true,-103,-112
Miami Heat,2020,69,true,-119,102
Miami Heat,2020,70,true,-115,-101
Miami Heat,2020,71,false,143,-164
Miami Heat,2020,72,true,-154,133
Miami Heat,2021,1,true,-127,112
Miami Heat,2021,2,false,-159,137
Miami Heat,2021,3,true,-1000,687
Miami Heat,2021,4,true,136,-154
Miami Heat,2021,5,true,-263,223
Miami Heat,2021,6,true,140,-164
Miami Heat,2021,7,true,-143,122
Miami Heat,2021,8,false,-256,216
Miami Heat,2021,9,true,-106,-110
Miami Heat,2021,10,false,-123,106
Miami Heat,2021,11,false,-213,183
Miami Heat,2021,12,false,179,-208
Miami Heat,2021,13,true,279,-333
Miami Heat,2021,14,true,-263,216
Miami Heat,2021,15,true,-270,224
Miami Heat,2021,16,true,-263,220
Miami Heat,2021,17,false,-139,118
Miami Heat,2021,18,true,-526,401
Miami Heat,2021,19,false,-111,-106
Miami Heat,2021,20,true,-111,-105
Miami Heat,2021,21,false,-152,129
Miami Heat,2021,22,false,-149,127
Miami Heat,2021,23,true,183,-217
Miami Heat,2021,24,false,209,-250
Miami Heat,2021,25,false,-227,190
Miami Heat,2021,26,true,223,-263
Miami Heat,2021,27,true,106,-125
Miami Heat,2021,28,false,177,-208
Miami Heat,2021,29,true,262,-323
Miami Heat,2021,30,true,-400,323
Miami Heat,2021,31,false,-286,235
Miami Heat,2021,32,true,114,-133
Miami Heat,2021,33,true,-833,569
Miami Heat,2021,34,true,-556,433
Miami Heat,2021,35,true,-323,260
Miami Heat,2021,36,true,-208,175
Miami Heat,2021,37,false,-161,138
Miami Heat,2021,38,false,420,-526
Miami Heat,2021,39,true,-135,117
Miami Heat,2021,40,true,372,-455
Miami Heat,2021,41,true,119,-139
Miami Heat,2021,42,true,-208,175
Miami Heat,2021,43,false,-156,135
Miami Heat,2021,44,true,-175,150
Miami Heat,2021,45,true,-417,330
Miami Heat,2021,46,false,104,-122
Miami Heat,2021,47,true,-167,145
Miami Heat,2021,48,true,-238,200
Miami Heat,2021,49,true,-357,295
Miami Heat,2021,50,false,-139,119
Miami Heat,2021,51,false,206,-244
Miami Heat,2021,52,false,108,-125
Miami Heat,2021,53,true,-333,274
Miami Heat,2021,54,true,-147,127
Miami Heat,2021,55,true,-278,231
Miami Heat,2021,56,true,-169,146
Miami Heat,2021,57,true,-667,490
Miami Heat,2021,58,false,-200,173
Miami Heat,2021,59,true,-175,150
Miami Heat,2021,60,true,-227,191
Miami Heat,2021,61,true,-833,611
Miami Heat,2021,62,true,-189,163
Miami Heat,2021,63,false,154,-179
Miami Heat,2021,64,true,129,-149
Miami Heat,2021,65,true,-213,183
Miami Heat,2021,66,true,-2000,1040
Miami Heat,2021,67,false,-172,148
Miami Heat,2021,68,true,-345,286
Miami Heat,2021,69,false,-161,139
Miami Heat,2021,70,true,-1250,761
Miami Heat,2021,71,true,-1250,822
Miami Heat,2021,72,false,-333,276
Miami Heat,2021,73,false,-476,379
Miami Heat,2021,74,false,-455,363
Miami Heat,2021,75,false,119,-139
Miami Heat,2021,76,true,-1111,751
Miami Heat,2021,77,true,172,-200
Miami Heat,2021,78,true,-141,122
Miami Heat,2021,79,true,166,-192
Miami Heat,2021,80,true,-185,160
Miami Heat,2021,81,true,-120,104
Miami Heat,2021,82,false,-286,241
Miami Heat,2022,1,false,-312,243
Miami Heat,2022,2,false,110,-132
Miami Heat,2022,3,true,-159,134
Miami Heat,2022,4,false,-167,141
Miami Heat,2022,5,true,-143,120
Miami Heat,2022,6,false,185,-227
Miami Heat,2022,7,false,-169,142
Miami Heat,2022,8,true,-118,-103
Miami Heat,2022,9,true,-185,154
Miami Heat,2022,10,false,-156,131
Miami Heat,2022,11,false,-208,174
Miami Heat,2022,12,true,-556,405
Miami Heat,2022,13,true,-345,272
Miami Heat,2022,14,true,-139,118
Miami Heat,2022,15,false,127,-152
Miami Heat,2022,16,false,247,-312
Miami Heat,2022,17,false,258,-323
Miami Heat,2022,18,false,289,-370
Miami Heat,2022,19,true,-182,154
Miami Heat,2022,20,true,-147,123
Miami Heat,2022,21,true,136,-164
Miami Heat,2022,22,false,326,-435
Miami Heat,2022,23,true,221,-270
Miami Heat,2022,24,false,-204,167
Miami Heat,2022,25,false,-312,245
Miami Heat,2022,26,true,-256,211
Miami Heat,2022,27,false,-769,537
Miami Heat,2022,28,true,-161,136
Miami Heat,2022,29,true,-139,118
Miami Heat,2022,30,true,-145,123
Miami Heat,2022,31,true,-323,256
Miami Heat,2022,32,false,-122,102
Miami Heat,2022,33,false,-233,192
Miami Heat,2022,34,true,-106,-114
Miami Heat,2022,35,true,-400,305
Miami Heat,2022,36,false,150,-179
Miami Heat,2022,37,true,150,-179
Miami Heat,2022,38,true,-114,-106
Miami Heat,2022,39,false,-357,285
Miami Heat,2022,40,true,-116,-104
Miami Heat,2022,41,false,110,-130
Miami Heat,2022,42,true,-123,104
Miami Heat,2022,43,true,-238,195
Miami Heat,2022,44,true,-175,147
Miami Heat,2022,45,false,-105,-115
Miami Heat,2022,46,true,-161,136
Miami Heat,2022,47,false,-130,110
Miami Heat,2022,48,true,-286,231
Miami Heat,2022,49,true,-137,116
Miami Heat,2022,50,true,-357,279
Miami Heat,2022,51,false,-227,185
Miami Heat,2022,52,true,141,-167
Miami Heat,2022,53,false,-149,127
Miami Heat,2022,54,false,198,-238
Miami Heat,2022,55,true,-256,214
Miami Heat,2022,56,true,-714,497
Miami Heat,2022,57,true,-123,106
Miami Heat,2022,58,false,-116,100
Miami Heat,2022,59,false,106,-125
Miami Heat,2022,60,false,173,-204
Miami Heat,2022,61,false,-244,202
Miami Heat,2022,62,true,179,-217
Miami Heat,2022,63,false,-147,131
Miami Heat,2022,64,false,-118,-102
Miami Heat,2022,65,true,-147,123
Miami Heat,2022,66,true,-137,116
Miami Heat,2022,67,false,102,-123
Miami Heat,2022,68,true,-145,121
Miami Heat,2022,69,false,-143,120
Miami Heat,2022,70,true,-357,280
Miami Heat,2022,71,true,-179,150
Miami Heat,2022,72,false,-135,116
Miami Heat,2022,73,true,-500,368
Miami Heat,2022,74,true,-128,110
Miami Heat,2022,75,false,-222,183
Miami Heat,2022,76,false,188,-227
Miami Heat,2022,77,false,179,-222
Miami Heat,2022,78,true,118,-139
Miami Heat,2022,79,true,-1111,661
Miami Heat,2022,80,true,114,-133
Miami Heat,2022,81,false,-175,150
Miami Heat,2022,82,true,-204,172
Miami Heat,2023,1,true,-455,340
Miami Heat,2023,2,false,284,-357
Miami Heat,2023,3,false,260,-345
Miami Heat,2023,4,false,239,-294
Miami Heat,2023,5,false,-270,219
Miami Heat,2023,6,true,-400,309
Miami Heat,2023,7,true,-123,106
Miami Heat,2023,8,true,-127,106
Miami Heat,2023,9,true,244,-303
Miami Heat,2023,10,true,-127,106
Miami Heat,2023,11,true,-238,200
Miami Heat,2023,12,true,-161,139
Miami Heat,2023,13,false,-123,106
Miami Heat,2023,14,true,-122,104
Miami Heat,2023,15,true,102,-119
Miami Heat,2023,16,false,172,-200
Miami Heat,2023,17,false,231,-286
Miami Heat,2023,18,false,158,-185
Miami Heat,2023,19,true,-164,139
Miami Heat,2023,20,false,-185,158
Miami Heat,2023,21,true,145,-172
Miami Heat,2023,22,false,100,-119
Miami Heat,2023,23,true,-172,147
Miami Heat,2023,24,true,-312,256
Miami Heat,2023,25,false,-161,139
Miami Heat,2023,26,true,-192,164
Miami Heat,2023,27,false,106,-125
Miami Heat,2023,28,true,172,-204
Miami Heat,2023,29,true,-114,-103
Miami Heat,2023,30,true,-135,112
Miami Heat,2023,31,true,209,-250
Miami Heat,2023,32,false,-152,129
Miami Heat,2023,33,false,270,-333
Miami Heat,2023,34,true,170,-204
Miami Heat,2023,35,false,120,-141
Miami Heat,2023,36,true,-179,149
Miami Heat,2023,37,false,154,-185
Miami Heat,2023,38,true,-122,104
Miami Heat,2023,39,true,-385,300
Miami Heat,2023,40,true,-114,-104
Miami Heat,2023,41,false,-152,127
Miami Heat,2023,42,false,-278,225
Miami Heat,2023,43,false,-108,-110
Miami Heat,2023,44,false,-625,455
Miami Heat,2023,45,false,265,-323
Miami Heat,2023,46,false,160,-192
Miami Heat,2023,47,false,-137,117
Miami Heat,2023,48,true,-133,114
Miami Heat,2023,49,true,-312,258
Miami Heat,2023,50,false,165,-200
Miami Heat,2023,51,true,-156,134
Miami Heat,2023,52,true,-345,276
Miami Heat,2023,53,false,241,-303
Miami Heat,2023,54,true,241,-294
Miami Heat,2023,55,true,118,-139
Miami Heat,2023,56,true,112,-132
Miami Heat,2023,57,true,225,-278
Miami Heat,2023,58,true,-278,229
Miami Heat,2023,59,false,213,-263
Miami Heat,2023,60,true,-400,311
Miami Heat,2023,61,true,-667,458
Miami Heat,2023,62,false,160,-192
Miami Heat,2023,63,false,296,-370
Miami Heat,2023,64,false,-625,461
Miami Heat,2023,65,false,136,-159
Miami Heat,2023,66,true,-333,269
Miami Heat,2023,67,true,-217,179
Miami Heat,2023,68,false,125,-149
Miami Heat,2023,69,true,120,-145
Miami Heat,2023,70,false,-141,121
Miami Heat,2023,71,true,-156,134
Miami Heat,2023,72,false,170,-208
Miami Heat,2023,73,true,-1111,706
Miami Heat,2023,74,true,-667,478
Miami Heat,2023,75,true,-139,119
Miami Heat,2023,76,false,-147,124
Miami Heat,2023,77,true,-156,135
Miami Heat,2023,78,false,122,-147
Miami Heat,2023,79,true,-159,135
Miami Heat,2023,80,false,122,-141
Miami Heat,2023,81,true,-1000,649
Miami Heat,2023,82,true,-1667,963
Miami Heat,2024,1,false,-130,108
Miami Heat,2024,2,true,-244,196
Miami Heat,2024,3,true,-370,285
Miami Heat,2024,4,false,104,-127
Miami Heat,2024,5,true,-476,351
Miami Heat,2024,6,false,-122,100
Miami Heat,2024,7,false,166,-200
Miami Heat,2024,8,false,125,-149
Miami Heat,2024,9,true,231,-294
Miami Heat,2024,10,false,-122,100
Miami Heat,2024,11,true,154,-189
Miami Heat,2024,12,false,138,-161
Miami Heat,2024,13,true,-145,120
Miami Heat,2024,14,true,-143,121
Miami Heat,2024,15,false,-233,186
Miami Heat,2024,16,true,-182,150
Miami Heat,2024,17,true,-345,267
Miami Heat,2024,18,false,-196,164
Miami Heat,2024,19,false,333,-435
Miami Heat,2024,20,true,-172,141
Miami Heat,2024,21,true,-208,172
Miami Heat,2024,22,true,118,-139
Miami Heat,2024,23,true,-500,373
Miami Heat,2024,24,false,-192,159
Miami Heat,2024,25,false,-106,-112
Miami Heat,2024,26,false,112,-133
Miami Heat,2024,27,true,-435,328
Miami Heat,2024,28,true,-105,-115
Miami Heat,2024,29,false,-108,-110
Miami Heat,2024,30,true,281,-357
Miami Heat,2024,31,true,-385,296
Miami Heat,2024,32,false,-133,112
Miami Heat,2024,33,false,-370,287
Miami Heat,2024,34,false,145,-172
Miami Heat,2024,35,true,315,-400
Miami Heat,2024,36,true,-222,179
Miami Heat,2024,37,true,-192,159
Miami Heat,2024,38,false,273,-345
Miami Heat,2024,39,false,152,-185
Miami Heat,2024,40,false,125,-152
Miami Heat,2024,41,true,-159,131
Miami Heat,2024,42,false,-400,311
Miami Heat,2024,43,false,202,-250
Miami Heat,2024,44,true,-286,229
Miami Heat,2024,45,true,-105,-114
Miami Heat,2024,46,false,184,-222
Miami Heat,2024,47,true,-127,112
Miami Heat,2024,48,false,-164,137
Miami Heat,2024,49,true,108,-130
Miami Heat,2024,50,false,-213,175
Miami Heat,2024,51,false,252,-312
Miami Heat,2024,52,false,598,-909
Miami Heat,2024,53,false,-149,125
Miami Heat,2024,54,true,-161,137
Miami Heat,2024,55,false,149,-175
Miami Heat,2024,56,false,112,-135
Miami Heat,2024,57,true,-152,127
Miami Heat,2024,58,true,124,-145
Miami Heat,2024,59,false,200,-244
Miami Heat,2024,60,true,-357,286
Miami Heat,2024,61,false,581,-833
Miami Heat,2024,62,false,133,-156
Miami Heat,2024,63,false,-200,169
Miami Heat,2024,64,false,-400,315
Miami Heat,2024,65,false,-130,110
Miami Heat,2024,66,false,254,-323
Miami Heat,2024,67,false,191,-227
Miami Heat,2024,68,false,231,-278
Miami Heat,2024,69,false,160,-196
Miami Heat,2024,70,false,154,-185
Miami Heat,2024,71,true,-286,229
Miami Heat,2024,72,true,156,-189
Miami Heat,2024,73,true,-118,-102
Miami Heat,2024,74,true,-323,259
Miami Heat,2024,75,true,-435,334
Miami Heat,2024,76,true,375,-500
Miami Heat,2024,77,false,183,-233
Miami Heat,2024,78,false,-111,-108
Miami Heat,2024,79,true,-714,476
Miami Heat,2024,80,false,-132,108
Miami Heat,2024,81,true,-1250,698
Miami Heat,2024,82,false,-357,276
Miami Heat,2025,1,false,275,-333
Miami Heat,2025,2,true,129,-154
Miami Heat,2025,3,true,140,-161
Miami Heat,2025,4,true,-189,160
Miami Heat,2025,5,false,195,-238
Miami Heat,2025,6,false,170,-204
Miami Heat,2025,7,true,240,-303
Miami Heat,2025,8,false,309,-385
Miami Heat,2025,9,true,-270,220
Miami Heat,2025,10,true,140,-164
Miami Heat,2025,11,true,250,-303
Miami Heat,2025,12,false,-200,165
Miami Heat,2025,13,false,204,-250
Miami Heat,2025,14,true,-120,100
Miami Heat,2025,15,true,-417,340
Miami Heat,2025,16,true,114,-135
Miami Heat,2025,17,true,-115,-105
Miami Heat,2025,18,true,-278,229
Miami Heat,2025,19,true,-455,359
Miami Heat,2025,20,false,-164,146
Miami Heat,2025,21,true,-238,200
Miami Heat,2025,22,false,-185,158
Miami Heat,2025,23,false,200,-238
Miami Heat,2025,24,false,-370,300
Miami Heat,2025,25,false,-185,162
Miami Heat,2025,26,true,-278,229
Miami Heat,2025,27,false,245,-303
Miami Heat,2025,28,false,240,-294
Miami Heat,2025,29,false,-208,188
Miami Heat,2025,30,true,134,-149
Miami Heat,2025,31,true,-263,220
Miami Heat,2025,32,true,106,-120
Miami Heat,2025,33,true,160,-189
Miami Heat,2025,34,false,120,-141
Miami Heat,2025,35,true,-294,250
Miami Heat,2025,36,false,175,-200
Miami Heat,2025,37,false,-244,204
Miami Heat,2025,38,false,625,-769
Miami Heat,2025,39,true,-122,104
Miami Heat,2025,40,false,127,-149
Miami Heat,2025,41,true,375,-455
Miami Heat,2025,42,false,175,-189
Miami Heat,2025,43,true,-175,150
Miami Heat,2025,44,false,134,-149
Miami Heat,2025,45,true,-244,210
Miami Heat,2025,46,true,150,-179
Miami Heat,2025,47,false,-147,125
Miami Heat,2025,48,true,-133,116
Miami Heat,2025,49,false,-200,175
Miami Heat,2025,50,true,-208,185
Miami Heat,2025,51,false,-110,100
Miami Heat,2025,52,false,194,-227
Miami Heat,2025,53,true,-588,500
Miami Heat,2025,54,false,-238,220
Miami Heat,2025,55,true,104,-120
Miami Heat,2025,56,true,-143,125
Miami Heat,2025,57,true,-556,430
Miami Heat,2025,58,false,-222,194
Miami Heat,2025,59,false,120,-135
Miami Heat,2025,60,true,120,-133
Miami Heat,2025,61,true,-667,525
Miami Heat,2025,62,true,-769,610
Miami Heat,2025,63,true,235,-278
Miami Heat,2025,64,true,100,-118
Miami Heat,2025,65,true,-1111,750
Miami Heat,2025,66,true,-227,195
Miami Heat,2025,67,false,-179,160
Miami Heat,2025,68,false,175,-204
Miami Heat,2025,69,false,-154,140
Miami Heat,2025,70,false,120,-141
Miami Heat,2025,71,false,140,-159
Miami Heat,2025,72,true,125,-147
Miami Heat,2025,73,false,185,-213
Miami Heat,2025,74,false,-333,280
Miami Heat,2025,75,true,116,-130
Miami Heat,2025,76,false,165,-189
Miami Heat,2025,77,true,-2000,1100
Miami Heat,2025,78,false,120,-135
Miami Heat,2025,79,false,150,-169
Miami Heat,2025,80,true,-1667,900
Miami Heat,2025,81,true,-455,370
Milwaukee Bucks,2016,1,false,100,-119
Milwaukee Bucks,2016,2,true,-400,270
Milwaukee Bucks,2016,3,false,286,-370
Milwaukee Bucks,2016,4,true,143,-169
Milwaukee Bucks,2016,5,true,125,-147
Milwaukee Bucks,2016,6,true,-164,141
Milwaukee Bucks,2016,7,false,122,-143
Milwaukee Bucks,2016,8,false,-227,189
Milwaukee Bucks,2016,9,true,-159,134
Milwaukee Bucks,2016,10,false,179,-222
Milwaukee Bucks,2016,11,false,144,-169
Milwaukee Bucks,2016,12,false,351,-476
Milwaukee Bucks,2016,13,true,-278,227
Milwaukee Bucks,2016,14,false,141,-167
Milwaukee Bucks,2016,15,true,100,-119
Milwaukee Bucks,2016,16,true,260,-323
Milwaukee Bucks,2016,17,true,-227,186
Milwaukee Bucks,2016,18,true,-526,399
Milwaukee Bucks,2016,19,false,212,-256
Milwaukee Bucks,2016,20,true,-125,106
Milwaukee Bucks,2016,21,false,-156,133
Milwaukee Bucks,2016,22,false,154,-182
Milwaukee Bucks,2016,23,false,307,-400
Milwaukee Bucks,2016,24,true,-110,-108
Milwaukee Bucks,2016,25,true,189,-227
Milwaukee Bucks,2016,26,false,137,-159
Milwaukee Bucks,2016,27,false,215,-263
Milwaukee Bucks,2016,28,true,-156,134
Milwaukee Bucks,2016,29,false,134,-156
Milwaukee Bucks,2016,30,true,134,-159
Milwaukee Bucks,2016,31,false,-103,-116
Milwaukee Bucks,2016,32,true,125,-147
Milwaukee Bucks,2016,33,true,-122,102
Milwaukee Bucks,2016,34,true,-167,142
Milwaukee Bucks,2016,35,false,-208,174
Milwaukee Bucks,2016,36,false,-109,-108
Milwaukee Bucks,2016,37,true,420,-556
Milwaukee Bucks,2016,38,true,-357,278
Milwaukee Bucks,2016,39,false,150,-179
Milwaukee Bucks,2016,40,false,-400,311
Milwaukee Bucks,2016,41,false,225,-270
Milwaukee Bucks,2016,42,false,-164,139
Milwaukee Bucks,2016,43,false,-123,102
Milwaukee Bucks,2016,44,true,171,-204
Milwaukee Bucks,2016,45,false,-769,536
Milwaukee Bucks,2016,46,false,204,-250
Milwaukee Bucks,2016,47,false,-141,119
Milwaukee Bucks,2016,48,false,280,-345
Milwaukee Bucks,2016,49,false,134,-156
Milwaukee Bucks,2016,50,true,-120,102
Milwaukee Bucks,2016,51,false,-175,150
Milwaukee Bucks,2016,52,false,-233,194
Milwaukee Bucks,2016,53,true,218,-263
Milwaukee Bucks,2016,54,true,-147,125
Milwaukee Bucks,2016,55,true,-204,173
Milwaukee Bucks,2016,56,false,136,-159
Milwaukee Bucks,2016,57,true,-244,200
Milwaukee Bucks,2016,58,false,401,-556
Milwaukee Bucks,2016,59,false,-182,154
Milwaukee Bucks,2016,60,true,185,-227
Milwaukee Bucks,2016,61,true,-114,-105
Milwaukee Bucks,2016,62,true,-222,186
Milwaukee Bucks,2016,63,true,-270,222
Milwaukee Bucks,2016,64,true,-123,104
Milwaukee Bucks,2016,65,true,-152,129
Milwaukee Bucks,2016,66,false,145,-172
Milwaukee Bucks,2016,67,true,268,-333
Milwaukee Bucks,2016,68,true,-345,273
Milwaukee Bucks,2016,69,false,488,-667
Milwaukee Bucks,2016,70,true,146,-172
Milwaukee Bucks,2016,71,true,-217,181
Milwaukee Bucks,2016,72,true,-270,225
Milwaukee Bucks,2016,73,false,-270,223
Milwaukee Bucks,2016,74,true,154,-182
Milwaukee Bucks,2016,75,true,271,-333
Milwaukee Bucks,2016,76,true,-312,254
Milwaukee Bucks,2016,77,false,-270,223
Milwaukee Bucks,2016,78,false,194,-233
Milwaukee Bucks,2016,79,false,168,-200
Milwaukee Bucks,2016,80,true,-294,240
Milwaukee Bucks,2016,81,true,-270,222
Milwaukee Bucks,2016,82,false,850,-1429
Milwaukee Bucks,2017,1,true,110,-130
Milwaukee Bucks,2017,2,false,-106,-110
Milwaukee Bucks,2017,3,true,-154,131
Milwaukee Bucks,2017,4,true,-270,223
Milwaukee Bucks,2017,5,false,-185,156
Milwaukee Bucks,2017,6,true,-217,179
Milwaukee Bucks,2017,7,false,119,-141
Milwaukee Bucks,2017,8,false,144,-169
Milwaukee Bucks,2017,9,false,106,-125
Milwaukee Bucks,2017,10,false,174,-208
Milwaukee Bucks,2017,11,true,164,-196
Milwaukee Bucks,2017,12,true,-250,206
Milwaukee Bucks,2017,13,true,-159,134
Milwaukee Bucks,2017,14,true,-189,158
Milwaukee Bucks,2017,15,false,-250,206
Milwaukee Bucks,2017,16,false,-159,135
Milwaukee Bucks,2017,17,true,-128,108
Milwaukee Bucks,2017,18,false,-105,-112
Milwaukee Bucks,2017,19,true,-263,214
Milwaukee Bucks,2017,20,true,150,-175
Milwaukee Bucks,2017,21,true,-1000,695
Milwaukee Bucks,2017,22,false,167,-200
Milwaukee Bucks,2017,23,true,-179,150
Milwaukee Bucks,2017,24,true,-286,233
Milwaukee Bucks,2017,25,true,-120,102
Milwaukee Bucks,2017,26,false,114,-135
Milwaukee Bucks,2017,27,false,-385,309
Milwaukee Bucks,2017,28,false,448,-588
Milwaukee Bucks,2017,29,true,100,-119
Milwaukee Bucks,2017,30,true,-204,170
Milwaukee Bucks,2017,31,false,162,-192
Milwaukee Bucks,2017,32,false,-294,240
Milwaukee Bucks,2017,33,true,-172,146
Milwaukee Bucks,2017,34,true,208,-250
Milwaukee Bucks,2017,35,false,199,-238
Milwaukee Bucks,2017,36,true,-333,269
Milwaukee Bucks,2017,37,false,-115,-103
Milwaukee Bucks,2017,38,true,136,-159
Milwaukee Bucks,2017,39,false,104,-123
Milwaukee Bucks,2017,40,true,-625,454
Milwaukee Bucks,2017,41,false,165,-196
Milwaukee Bucks,2017,42,false,106,-127
Milwaukee Bucks,2017,43,true,179,-217
Milwaukee Bucks,2017,44,false,-189,160
Milwaukee Bucks,2017,45,false,256,-312
Milwaukee Bucks,2017,46,true,-222,181
Milwaukee Bucks,2017,47,true,-256,213
Milwaukee Bucks,2017,48,true,-137,116
Milwaukee Bucks,2017,49,true,-263,223
Milwaukee Bucks,2017,50,false,206,-250
Milwaukee Bucks,2017,51,true,-192,161
Milwaukee Bucks,2017,52,true,-196,163
Milwaukee Bucks,2017,53,true,100,-119
Milwaukee Bucks,2017,54,false,102,-122
Milwaukee Bucks,2017,55,true,-208,173
Milwaukee Bucks,2017,56,true,-323,258
Milwaukee Bucks,2017,57,false,-137,116
Milwaukee Bucks,2017,58,true,259,-323
Milwaukee Bucks,2017,59,false,-189,158
Milwaukee Bucks,2017,60,false,-147,125
Milwaukee Bucks,2017,61,false,100,-119
Milwaukee Bucks,2017,62,false,-167,142
Milwaukee Bucks,2017,63,true,100,-118
Milwaukee Bucks,2017,64,false,120,-141
Milwaukee Bucks,2017,65,false,198,-244
Milwaukee Bucks,2017,66,true,-526,407
Milwaukee Bucks,2017,67,true,-333,266
Milwaukee Bucks,2017,68,false,-588,432
Milwaukee Bucks,2017,69,true,-769,540
Milwaukee Bucks,2017,70,false,125,-147
Milwaukee Bucks,2017,71,false,-222,184
Milwaukee Bucks,2017,72,true,-192,165
Milwaukee Bucks,2017,73,true,108,-127
Milwaukee Bucks,2017,74,false,131,-154
Milwaukee Bucks,2017,75,true,152,-179
Milwaukee Bucks,2017,76,true,-111,-105
Milwaukee Bucks,2017,77,false,188,-227
Milwaukee Bucks,2017,78,true,-189,160
Milwaukee Bucks,2017,79,false,-500,376
Milwaukee Bucks,2017,80,true,-400,318
Milwaukee Bucks,2017,81,true,-588,437
Milwaukee Bucks,2017,82,false,220,-270
Milwaukee Bucks,2018,1,true,-161,137
Milwaukee Bucks,2018,2,true,-172,148
Milwaukee Bucks,2018,3,true,-769,564
Milwaukee Bucks,2018,4,true,-227,191
Milwaukee Bucks,2018,5,true,-137,117
Milwaukee Bucks,2018,6,true,-588,430
Milwaukee Bucks,2018,7,true,114,-135
Milwaukee Bucks,2018,8,false,119,-139
Milwaukee Bucks,2018,9,true,-526,407
Milwaukee Bucks,2018,10,false,-133,110
Milwaukee Bucks,2018,11,true,213,-256
Milwaukee Bucks,2018,12,false,-189,156
Milwaukee Bucks,2018,13,true,140,-164
Milwaukee Bucks,2018,14,false,-526,396
Milwaukee Bucks,2018,15,true,-1667,961
Milwaukee Bucks,2018,16,true,-233,192
Milwaukee Bucks,2018,17,true,-303,250
Milwaukee Bucks,2018,18,false,-1429,856
Milwaukee Bucks,2018,19,true,-476,375
Milwaukee Bucks,2018,20,false,-196,163
Milwaukee Bucks,2018,21,true,-1667,946
Milwaukee Bucks,2018,22,false,-400,309
Milwaukee Bucks,2018,23,true,-303,249
Milwaukee Bucks,2018,24,false,-132,110
Milwaukee Bucks,2018,25,true,163,-192
Milwaukee Bucks,2018,26,true,-588,440
Milwaukee Bucks,2018,27,false,-133,110
Milwaukee Bucks,2018,28,true,-500,384
Milwaukee Bucks,2018,29,true,-154,129
Milwaukee Bucks,2018,30,true,-417,326
Milwaukee Bucks,2018,31,true,-125,106
Milwaukee Bucks,2018,32,false,-128,108
Milwaukee Bucks,2018,33,true,-500,376
Milwaukee Bucks,2018,34,true,-1667,911
Milwaukee Bucks,2018,35,true,-667,473
Milwaukee Bucks,2018,36,true,-588,433
Milwaukee Bucks,2018,37,true,-1111,736
Milwaukee Bucks,2018,38,false,-238,194
Milwaukee Bucks,2018,39,true,-217,181
Milwaukee Bucks,2018,40,true,-123,104
Milwaukee Bucks,2018,41,false,-127,106
Milwaukee Bucks,2018,42,true,-500,379
Milwaukee Bucks,2018,43,true,-400,317
Milwaukee Bucks,2018,44,true,-244,202
Milwaukee Bucks,2018,45,true,-556,423
Milwaukee Bucks,2018,46,true,-714,509
Milwaukee Bucks,2018,47,true,-769,546
Milwaukee Bucks,2018,48,false,-119,100
Milwaukee Bucks,2018,49,true,-303,246
Milwaukee Bucks,2018,50,true,120,-141
Milwaukee Bucks,2018,51,true,-250,208
Milwaukee Bucks,2018,52,true,-303,245
Milwaukee Bucks,2018,53,true,-833,561
Milwaukee Bucks,2018,54,true,-238,196
Milwaukee Bucks,2018,55,false,-270,222
Milwaukee Bucks,2018,56,true,-769,534
Milwaukee Bucks,2018,57,true,-189,159
Milwaukee Bucks,2018,58,true,-263,212
Milwaukee Bucks,2018,59,true,-1111,738
Milwaukee Bucks,2018,60,true,-357,284
Milwaukee Bucks,2018,61,true,-270,218
Milwaukee Bucks,2018,62,true,-233,193
Milwaukee Bucks,2018,63,false,158,-189
Milwaukee Bucks,2018,64,false,-1111,747
Milwaukee Bucks,2018,65,true,-526,393
Milwaukee Bucks,2018,66,true,-909,601
Milwaukee Bucks,2018,67,false,-132,110
Milwaukee Bucks,2018,68,true,-625,453
Milwaukee Bucks,2018,69,true,-213,175
Milwaukee Bucks,2018,70,false,-238,196
Milwaukee Bucks,2018,71,true,-667,480
Milwaukee Bucks,2018,72,false,-238,200
Milwaukee Bucks,2018,73,true,-345,274
Milwaukee Bucks,2018,74,true,-1429,831
Milwaukee Bucks,2018,75,true,-156,133
Milwaukee Bucks,2018,76,true,-556,426
Milwaukee Bucks,2018,77,false,-135,114
Milwaukee Bucks,2018,78,true,100,-119
Milwaukee Bucks,2018,79,true,-204,167
Milwaukee Bucks,2018,80,false,-156,133
Milwaukee Bucks,2018,81,true,-833,568
Milwaukee Bucks,2018,82,false,158,-189
Milwaukee Bucks,2019,1,true,100,-119
Milwaukee Bucks,2019,2,false,-769,555
Milwaukee Bucks,2019,3,true,-2500,1119
Milwaukee Bucks,2019,4,false,-161,135
Milwaukee Bucks,2019,5,true,-185,154
Milwaukee Bucks,2019,6,true,-256,212
Milwaukee Bucks,2019,7,true,-333,260
Milwaukee Bucks,2019,8,true,-256,206
Milwaukee Bucks,2019,9,false,-133,112
Milwaukee Bucks,2019,10,true,-435,326
Milwaukee Bucks,2019,11,true,-833,557
Milwaukee Bucks,2019,12,true,-345,273
Milwaukee Bucks,2019,13,true,-370,289
Milwaukee Bucks,2019,14,true,-714,490
Milwaukee Bucks,2019,15,true,-1111,707
Milwaukee Bucks,2019,16,true,-1111,727
Milwaukee Bucks,2019,17,true,-455,343
Milwaukee Bucks,2019,18,true,-1667,890
Milwaukee Bucks,2019,19,true,-833,549
Milwaukee Bucks,2019,20,true,-1250,783
Milwaukee Bucks,2019,21,true,-2500,1180
Milwaukee Bucks,2019,22,true,-435,342
Milwaukee Bucks,2019,23,true,-185,156
Milwaukee Bucks,2019,24,true,-1000,669
Milwaukee Bucks,2019,25,true,-500,383
Milwaukee Bucks,2019,26,true,-909,606
Milwaukee Bucks,2019,27,true,-1429,811
Milwaukee Bucks,2019,28,false,-667,488
Milwaukee Bucks,2019,29,true,-161,136
Milwaukee Bucks,2019,30,true,-909,626
Milwaukee Bucks,2019,31,true,-370,296
Milwaukee Bucks,2019,32,false,-154,131
Milwaukee Bucks,2019,33,true,-303,243
Milwaukee Bucks,2019,34,true,-263,217
Milwaukee Bucks,2019,35,true,-435,344
Milwaukee Bucks,2019,36,true,-3333,1418
Milwaukee Bucks,2019,37,true,-833,566
Milwaukee Bucks,2019,38,false,-357,284
Milwaukee Bucks,2019,39,true,-1250,763
Milwaukee Bucks,2019,40,true,-476,366
Milwaukee Bucks,2019,41,true,-333,266
Milwaukee Bucks,2019,42,true,-2000,1110
Milwaukee Bucks,2019,43,true,-667,488
Milwaukee Bucks,2019,44,true,-588,434
Milwaukee Bucks,2019,45,true,-2000,996
Milwaukee Bucks,2019,46,true,-1111,746
Milwaukee Bucks,2019,47,true,-833,561
Milwaukee Bucks,2019,48,false,-909,628
Milwaukee Bucks,2019,49,true,-909,618
Milwaukee Bucks,2019,50,true,-263,213
Milwaukee Bucks,2019,51,true,-455,354
Milwaukee Bucks,2019,52,true,-400,313
Milwaukee Bucks,2019,53,true,-556,408
Milwaukee Bucks,2019,54,false,102,-122
Milwaukee Bucks,2019,55,true,-1111,684
Milwaukee Bucks,2019,56,true,-455,351
Milwaukee Bucks,2019,57,true,-1000,652
Milwaukee Bucks,2019,58,true,-108,-110
Milwaukee Bucks,2019,59,true,-588,436
Milwaukee Bucks,2019,60,true,-909,646
Milwaukee Bucks,2019,61,false,-192,164
Milwaukee Bucks,2019,62,true,-667,491
Milwaukee Bucks,2019,63,false,100,-119
Milwaukee Bucks,2019,64,false,-263,220
Milwaukee Bucks,2019,65,false,221,-263
Milwaukee Bucks,2019,66,true,-172,150
Milwaukee Bucks,2019,67,false,-200,172
Milwaukee Bucks,2019,68,false,-3333,1564
Milwaukee Bucks,2019,69,true,-435,351
Milwaukee Bucks,2019,70,false,-233,196
Milwaukee Bucks,2019,71,false,-213,183
Milwaukee Bucks,2019,72,true,-385,315
Milwaukee Bucks,2019,73,false,143,-164
Milwaukee Bucks,2020,1,false,-182,159
Milwaukee Bucks,2020,2,true,-556,413
Milwaukee Bucks,2020,3,false,-1000,662
Milwaukee Bucks,2020,4,true,-238,199
Milwaukee Bucks,2020,5,false,-263,218
Milwaukee Bucks,2020,6,true,-1429,808
Milwaukee Bucks,2020,7,true,-2000,1052
Milwaukee Bucks,2020,8,true,-769,551
Milwaukee Bucks,2020,9,false,-238,200
Milwaukee Bucks,2020,10,true,-417,322
Milwaukee Bucks,2020,11,true,-526,396
Milwaukee Bucks,2020,12,true,-556,428
Milwaukee Bucks,2020,13,true,-312,254
Milwaukee Bucks,2020,14,false,-172,148
Milwaukee Bucks,2020,15,false,-116,100
Milwaukee Bucks,2020,16,true,-833,572
Milwaukee Bucks,2020,17,true,-256,215
Milwaukee Bucks,2020,18,false,-270,227
Milwaukee Bucks,2020,19,false,-417,338
Milwaukee Bucks,2020,20,true,-500,398
Milwaukee Bucks,2020,21,true,-417,325
Milwaukee Bucks,2020,22,true,-588,449
Milwaukee Bucks,2020,23,true,-526,415
Milwaukee Bucks,2020,24,true,-135,117
Milwaukee Bucks,2020,25,false,-164,144
Milwaukee Bucks,2020,26,false,117,-135
Milwaukee Bucks,2020,27,false,-769,568
Milwaukee Bucks,2020,28,false,-238,200
Milwaukee Bucks,2020,29,false,-303,247
Milwaukee Bucks,2020,30,true,-625,458
Milwaukee Bucks,2020,31,true,-526,415
Milwaukee Bucks,2020,32,true,-588,440
Milwaukee Bucks,2020,33,true,-333,273
Milwaukee Bucks,2020,34,true,-122,106
Milwaukee Bucks,2020,35,false,-323,264
Milwaukee Bucks,2020,36,true,-244,204
Milwaukee Bucks,2020,37,true,-625,461
Milwaukee Bucks,2020,38,true,-1000,652
Milwaukee Bucks,2020,39,true,-400,315
Milwaukee Bucks,2020,40,true,-238,199
Milwaukee Bucks,2020,41,true,-714,538
Milwaukee Bucks,2020,42,true,-270,224
Milwaukee Bucks,2020,43,true,-263,223
Milwaukee Bucks,2020,44,false,-227,190
Milwaukee Bucks,2020,45,false,114,-135
Milwaukee Bucks,2020,46,false,-115,-101
Milwaukee Bucks,2020,47,true,-357,289
Milwaukee Bucks,2020,48,true,-152,129
Milwaukee Bucks,2020,49,true,-149,129
Milwaukee Bucks,2020,50,false,-143,123
Milwaukee Bucks,2020,51,false,120,-141
Milwaukee Bucks,2020,52,false,125,-147
Milwaukee Bucks,2020,53,true,-400,322
Milwaukee Bucks,2020,54,true,-526,407
Milwaukee Bucks,2020,55,true,-179,152
Milwaukee Bucks,2020,56,false,-370,298
Milwaukee Bucks,2020,57,false,-143,124
Milwaukee Bucks,2020,58,true,-263,215
Milwaukee Bucks,2020,59,true,-385,319
Milwaukee Bucks,2020,60,false,-227,188
Milwaukee Bucks,2020,61,true,-417,334
Milwaukee Bucks,2020,62,false,-1111,722
Milwaukee Bucks,2020,63,true,-125,106
Milwaukee Bucks,2020,64,true,-137,119
Milwaukee Bucks,2020,65,true,-128,110
Milwaukee Bucks,2020,66,true,-172,148
Milwaukee Bucks,2020,67,true,-2500,1201
Milwaukee Bucks,2020,68,false,-294,241
Milwaukee Bucks,2020,69,true,-1667,969
Milwaukee Bucks,2020,70,true,-455,354
Milwaukee Bucks,2020,71,true,-164,143
Milwaukee Bucks,2020,72,false,-278,229
Milwaukee Bucks,2021,1,true,-116,100
Milwaukee Bucks,2021,2,false,112,-127
Milwaukee Bucks,2021,3,true,-250,209
Milwaukee Bucks,2021,4,true,-127,110
Milwaukee Bucks,2021,5,false,-233,200
Milwaukee Bucks,2021,6,false,-286,229
Milwaukee Bucks,2021,7,false,172,-196
Milwaukee Bucks,2021,8,true,-185,159
Milwaukee Bucks,2021,9,false,-161,139
Milwaukee Bucks,2021,10,false,-112,-104
Milwaukee Bucks,2021,11,true,-294,246
Milwaukee Bucks,2021,12,true,139,-161
Milwaukee Bucks,2021,13,false,181,-213
Milwaukee Bucks,2021,14,false,112,-132
Milwaukee Bucks,2021,15,true,-417,330
Milwaukee Bucks,2021,16,true,-909,614
Milwaukee Bucks,2021,17,true,-1000,647
Milwaukee Bucks,2021,18,true,-1111,708
Milwaukee Bucks,2021,19,true,-1429,896
Milwaukee Bucks,2021,20,true,-263,223
Milwaukee Bucks,2021,21,true,-130,112
Milwaukee Bucks,2021,22,true,-385,311
Milwaukee Bucks,2021,23,false,-149,141
Milwaukee Bucks,2021,24,true,-250,209
Milwaukee Bucks,2021,25,true,-370,304
Milwaukee Bucks,2021,26,false,-263,223
Milwaukee Bucks,2021,27,true,-435,348
Milwaukee Bucks,2021,28,true,-238,200
Milwaukee Bucks,2021,29,false,-110,-105
Milwaukee Bucks,2021,30,true,127,-149
Milwaukee Bucks,2021,31,false,102,-120
Milwaukee Bucks,2021,32,false,170,-196
Milwaukee Bucks,2021,33,true,-417,330
Milwaukee Bucks,2021,34,true,-169,146
Milwaukee Bucks,2021,35,true,-312,258
Milwaukee Bucks,2021,36,true,-1429,840
Milwaukee Bucks,2021,37,true,-1250,791
Milwaukee Bucks,2021,38,true,-833,597
Milwaukee Bucks,2021,39,false,-2000,1083
Milwaukee Bucks,2021,40,false,-133,114
Milwaukee Bucks,2021,41,true,159,-185
Milwaukee Bucks,2021,42,false,102,-119
Milwaukee Bucks,2021,43,false,-141,121
Milwaukee Bucks,2021,44,true,-111,-105
Milwaukee Bucks,2021,45,false,-303,252
Milwaukee Bucks,2021,46,false,-192,167
Milwaukee Bucks,2021,47,true,-256,213
Milwaukee Bucks,2021,48,true,-526,413
Milwaukee Bucks,2021,49,true,-286,241
Milwaukee Bucks,2021,50,false,-172,147
Milwaukee Bucks,2021,51,true,-400,322
Milwaukee Bucks,2021,52,false,-238,202
Milwaukee Bucks,2021,53,true,-667,509
Milwaukee Bucks,2021,54,true,-526,417
Milwaukee Bucks,2021,55,true,-196,165
Milwaukee Bucks,2021,56,true,-167,146
Milwaukee Bucks,2021,57,false,129,-149
Milwaukee Bucks,2021,58,false,-625,470
Milwaukee Bucks,2021,59,true,-1000,701
Milwaukee Bucks,2021,60,false,-270,224
Milwaukee Bucks,2021,61,false,-455,361
Milwaukee Bucks,2021,62,true,-526,409
Milwaukee Bucks,2021,63,true,-179,154
Milwaukee Bucks,2021,64,true,-200,172
Milwaukee Bucks,2021,65,true,-417,340
Milwaukee Bucks,2021,66,true,-1000,677
Milwaukee Bucks,2021,67,true,-192,164
Milwaukee Bucks,2021,68,false,-135,117
Milwaukee Bucks,2021,69,true,114,-132
Milwaukee Bucks,2021,70,true,-385,317
Milwaukee Bucks,2021,71,false,125,-145
Milwaukee Bucks,2021,72,true,-256,218
Milwaukee Bucks,2021,73,true,-385,313
Milwaukee Bucks,2021,74,false,-105,-109
Milwaukee Bucks,2021,75,true,-111,-104
Milwaukee Bucks,2021,76,true,110,-128
Milwaukee Bucks,2021,77,false,-159,137
Milwaukee Bucks,2021,78,false,-263,223
Milwaukee Bucks,2021,79,true,-263,221
Milwaukee Bucks,2021,80,true,-357,294
Milwaukee Bucks,2021,81,true,-500,400
Milwaukee Bucks,2021,82,false,318,-385
Milwaukee Bucks,2022,1,true,150,-179
Milwaukee Bucks,2022,2,true,-1000,659
Milwaukee Bucks,2022,3,true,-152,127
Milwaukee Bucks,2022,4,true,-238,194
Milwaukee Bucks,2022,5,true,-227,175
Milwaukee Bucks,2022,6,true,-1000,616
Milwaukee Bucks,2022,7,true,-667,463
Milwaukee Bucks,2022,8,true,-128,108
Milwaukee Bucks,2022,9,true,-222,179
Milwaukee Bucks,2022,10,false,-213,172
Milwaukee Bucks,2022,11,true,-118,-102
Milwaukee Bucks,2022,12,false,106,-127
Milwaukee Bucks,2022,13,false,-169,143
Milwaukee Bucks,2022,14,true,-132,110
Milwaukee Bucks,2022,15,false,-116,-103
Milwaukee Bucks,2022,16,true,-455,334
Milwaukee Bucks,2022,17,false,-286,227
Milwaukee Bucks,2022,18,true,-172,143
Milwaukee Bucks,2022,19,true,-233,188
Milwaukee Bucks,2022,20,true,-238,194
Milwaukee Bucks,2022,21,false,-385,294
Milwaukee Bucks,2022,22,true,-122,102
Milwaukee Bucks,2022,23,true,-556,393
Milwaukee Bucks,2022,24,true,-250,206
Milwaukee Bucks,2022,25,true,-114,-105
Milwaukee Bucks,2022,26,false,-476,348
Milwaukee Bucks,2022,27,true,-143,119
Milwaukee Bucks,2022,28,false,129,-154
Milwaukee Bucks,2022,29,true,-132,110
Milwaukee Bucks,2022,30,true,-110,-109
Milwaukee Bucks,2022,31,false,114,-137
Milwaukee Bucks,2022,32,false,112,-132
Milwaukee Bucks,2022,33,false,177,-213
Milwaukee Bucks,2022,34,false,-141,119
Milwaukee Bucks,2022,35,true,-312,252
Milwaukee Bucks,2022,36,false,-139,117
Milwaukee Bucks,2022,37,true,-303,240
Milwaukee Bucks,2022,38,true,174,-213
Milwaukee Bucks,2022,39,false,-500,365
Milwaukee Bucks,2022,40,true,-108,-111
Milwaukee Bucks,2022,41,true,-182,152
Milwaukee Bucks,2022,42,false,195,-238
Milwaukee Bucks,2022,43,false,147,-175
Milwaukee Bucks,2022,44,true,-217,177
Milwaukee Bucks,2022,45,true,-122,102
Milwaukee Bucks,2022,46,false,125,-149
Milwaukee Bucks,2022,47,true,-625,446
Milwaukee Bucks,2022,48,true,-769,533
Milwaukee Bucks,2022,49,true,-250,204
Milwaukee Bucks,2022,50,true,-526,393
Milwaukee Bucks,2022,51,true,-625,437
Milwaukee Bucks,2022,52,true,-182,154
Milwaukee Bucks,2022,53,true,-238,198
Milwaukee Bucks,2022,54,true,-179,152
Milwaukee Bucks,2022,55,true,-333,274
Milwaukee Bucks,2022,56,true,-137,118
Milwaukee Bucks,2022,57,true,-455,348
Milwaukee Bucks,2022,58,true,-323,263
Milwaukee Bucks,2022,59,true,-204,173
Milwaukee Bucks,2022,60,true,-149,127
Milwaukee Bucks,2022,61,true,-244,204
Milwaukee Bucks,2022,62,true,-345,281
Milwaukee Bucks,2022,63,false,-189,160
Milwaukee Bucks,2022,64,true,-233,188
Milwaukee Bucks,2022,65,true,-139,116
Milwaukee Bucks,2022,66,true,-476,347
Milwaukee Bucks,2022,67,false,138,-164
Milwaukee Bucks,2022,68,true,-164,139
Milwaukee Bucks,2022,69,true,-118,-101
Milwaukee Bucks,2022,70,false,-833,553
Milwaukee Bucks,2022,71,true,-294,236
Milwaukee Bucks,2022,72,true,-2500,1186
Milwaukee Bucks,2022,73,true,-455,343
Milwaukee Bucks,2022,74,false,136,-159
Milwaukee Bucks,2022,75,true,-714,534
Milwaukee Bucks,2022,76,true,-833,570
Milwaukee Bucks,2022,77,false,-133,114
Milwaukee Bucks,2022,78,true,-200,165
Milwaukee Bucks,2022,79,true,-1000,640
Milwaukee Bucks,2022,80,true,-217,177
Milwaukee Bucks,2022,81,false,284,-357
Milwaukee Bucks,2022,82,false,140,-161
Milwaukee Bucks,2023,1,true,-238,200
Milwaukee Bucks,2023,2,false,-250,204
Milwaukee Bucks,2023,3,true,-294,239
Milwaukee Bucks,2023,4,false,-179,152
Milwaukee Bucks,2023,5,true,-213,177
Milwaukee Bucks,2023,6,true,-192,162
Milwaukee Bucks,2023,7,true,-714,475
Milwaukee Bucks,2023,8,false,-114,-105
Milwaukee Bucks,2023,9,false,-130,110
Milwaukee Bucks,2023,10,true,-435,330
Milwaukee Bucks,2023,11,true,-114,-103
Milwaukee Bucks,2023,12,true,-345,280
Milwaukee Bucks,2023,13,true,-127,108
Milwaukee Bucks,2023,14,true,-476,351
Milwaukee Bucks,2023,15,false,195,-238
Milwaukee Bucks,2023,16,true,-833,596
Milwaukee Bucks,2023,17,true,-769,550
Milwaukee Bucks,2023,18,true,-185,158
Milwaukee Bucks,2023,19,false,-500,369
Milwaukee Bucks,2023,20,true,-250,209
Milwaukee Bucks,2023,21,true,-625,440
Milwaukee Bucks,2023,22,true,-256,208
Milwaukee Bucks,2023,23,true,-1250,807
Milwaukee Bucks,2023,24,true,-278,227
Milwaukee Bucks,2023,25,true,-1429,859
Milwaukee Bucks,2023,26,true,-345,281
Milwaukee Bucks,2023,27,true,-135,116
Milwaukee Bucks,2023,28,false,-159,137
Milwaukee Bucks,2023,29,true,-476,354
Milwaukee Bucks,2023,30,true,-204,171
Milwaukee Bucks,2023,31,false,-323,264
Milwaukee Bucks,2023,32,false,-164,137
Milwaukee Bucks,2023,33,true,-588,423
Milwaukee Bucks,2023,34,false,-278,225
Milwaukee Bucks,2023,35,false,-370,288
Milwaukee Bucks,2023,36,true,-132,112
Milwaukee Bucks,2023,37,true,-909,624
Milwaukee Bucks,2023,38,true,-175,147
Milwaukee Bucks,2023,39,false,104,-122
Milwaukee Bucks,2023,40,true,-909,617
Milwaukee Bucks,2023,41,true,-769,520
Milwaukee Bucks,2023,42,true,-270,220
Milwaukee Bucks,2023,43,false,-208,175
Milwaukee Bucks,2023,44,true,-159,136
Milwaukee Bucks,2023,45,false,146,-172
Milwaukee Bucks,2023,46,false,-500,388
Milwaukee Bucks,2023,47,true,-167,141
Milwaukee Bucks,2023,48,false,120,-139
Milwaukee Bucks,2023,49,false,184,-227
Milwaukee Bucks,2023,50,false,112,-132
Milwaukee Bucks,2023,51,true,-1667,943
Milwaukee Bucks,2023,52,true,-114,-104
Milwaukee Bucks,2023,53,false,-294,241
Milwaukee Bucks,2023,54,false,-1000,689
Milwaukee Bucks,2023,55,true,150,-182
Milwaukee Bucks,2023,56,true,-200,166
Milwaukee Bucks,2023,57,true,-1111,697
Milwaukee Bucks,2023,58,true,-667,449
Milwaukee Bucks,2023,59,true,-164,139
Milwaukee Bucks,2023,60,true,102,-105
Milwaukee Bucks,2023,61,false,121,-143
Milwaukee Bucks,2023,62,false,-182,158
Milwaukee Bucks,2023,63,true,-244,206
Milwaukee Bucks,2023,64,false,104,-122
Milwaukee Bucks,2023,65,true,-294,237
Milwaukee Bucks,2023,66,true,-106,-101
Milwaukee Bucks,2023,67,false,396,-526
Milwaukee Bucks,2023,68,true,-500,379
Milwaukee Bucks,2023,69,true,-141,120
Milwaukee Bucks,2023,70,false,-435,328
Milwaukee Bucks,2023,71,false,-133,112
Milwaukee Bucks,2023,72,true,-196,166
Milwaukee Bucks,2023,73,false,-909,614
Milwaukee Bucks,2023,74,false,-833,573
Milwaukee Bucks,2023,75,false,-1111,685
Milwaukee Bucks,2023,76,false,-182,154
Milwaukee Bucks,2023,77,true,-161,138
Milwaukee Bucks,2023,78,true,104,-123
Milwaukee Bucks,2023,79,false,622,-909
Milwaukee Bucks,2023,80,false,189,-233
Milwaukee Bucks,2024,1,true,-179,150
Milwaukee Bucks,2024,2,false,-435,319
Milwaukee Bucks,2024,3,false,-385,292
Milwaukee Bucks,2024,4,false,307,-400
Milwaukee Bucks,2024,5,false,-244,199
Milwaukee Bucks,2024,6,false,-132,110
Milwaukee Bucks,2024,7,false,275,-357
Milwaukee Bucks,2024,8,true,-476,355
Milwaukee Bucks,2024,9,false,204,-256
Milwaukee Bucks,2024,10,false,164,-196
Milwaukee Bucks,2024,11,true,-400,303
Milwaukee Bucks,2024,12,true,-286,229
Milwaukee Bucks,2024,13,false,-169,141
Milwaukee Bucks,2024,14,true,-161,135
Milwaukee Bucks,2024,15,true,-370,286
Milwaukee Bucks,2024,16,true,-227,184
Milwaukee Bucks,2024,17,true,-323,260
Milwaukee Bucks,2024,18,true,186,-233
Milwaukee Bucks,2024,19,true,-1250,713
Milwaukee Bucks,2024,20,true,-149,124
Milwaukee Bucks,2024,21,false,-185,154
Milwaukee Bucks,2024,22,false,263,-333
Milwaukee Bucks,2024,23,true,-244,199
Milwaukee Bucks,2024,24,false,297,-385
Milwaukee Bucks,2024,25,true,-385,293
Milwaukee Bucks,2024,26,true,121,-145
Milwaukee Bucks,2024,27,false,-250,206
Milwaukee Bucks,2024,28,false,-135,114
Milwaukee Bucks,2024,29,true,-132,110
Milwaukee Bucks,2024,30,false,-769,530
Milwaukee Bucks,2024,31,false,-714,516
Milwaukee Bucks,2024,32,true,-238,196
Milwaukee Bucks,2024,33,true,-192,159
Milwaukee Bucks,2024,34,true,-238,194
Milwaukee Bucks,2024,35,false,165,-200
Milwaukee Bucks,2024,36,true,-128,108
Milwaukee Bucks,2024,37,true,-250,202
Milwaukee Bucks,2024,38,true,-588,434
Milwaukee Bucks,2024,39,true,-833,561
Milwaukee Bucks,2024,40,true,-250,202
Milwaukee Bucks,2024,41,false,137,-161
Milwaukee Bucks,2024,42,true,-400,301
Milwaukee Bucks,2024,43,false,-227,181
Milwaukee Bucks,2024,44,false,-139,117
Milwaukee Bucks,2024,45,false,-169,144
Milwaukee Bucks,2024,46,false,996,-2000
Milwaukee Bucks,2024,47,true,-556,405
Milwaukee Bucks,2024,48,false,-141,118
Milwaukee Bucks,2024,49,true,141,-167
Milwaukee Bucks,2024,50,false,220,-270
Milwaukee Bucks,2024,51,true,317,-417
Milwaukee Bucks,2024,52,true,-103,-114
Milwaukee Bucks,2024,53,true,-208,170
Milwaukee Bucks,2024,54,true,-175,149
Milwaukee Bucks,2024,55,false,125,-149
Milwaukee Bucks,2024,56,true,134,-159
Milwaukee Bucks,2024,57,true,-147,125
Milwaukee Bucks,2024,58,true,-208,174
Milwaukee Bucks,2024,59,true,-667,483
Milwaukee Bucks,2024,60,false,-270,220
Milwaukee Bucks,2024,61,false,229,-278
Milwaukee Bucks,2024,62,false,-105,-114
Milwaukee Bucks,2024,63,true,-233,191
Milwaukee Bucks,2024,64,true,-164,139
Milwaukee Bucks,2024,65,false,181,-222
Milwaukee Bucks,2024,66,false,-128,108
Milwaukee Bucks,2024,67,true,-333,267
Milwaukee Bucks,2024,68,true,100,-120
Milwaukee Bucks,2024,69,false,127,-152
Milwaukee Bucks,2024,70,false,426,-588
Milwaukee Bucks,2024,71,false,-115,-102
Milwaukee Bucks,2024,72,false,-179,150
Milwaukee Bucks,2024,73,true,-270,213
Milwaukee Bucks,2024,74,true,-714,476
Milwaukee Bucks,2024,75,true,-108,-111
Milwaukee Bucks,2024,76,true,-233,194
Milwaukee Bucks,2024,77,true,185,-233
Milwaukee Bucks,2024,78,true,-1429,802
Milwaukee Bucks,2024,79,true,152,-185
Milwaukee Bucks,2024,80,true,311,-400
Milwaukee Bucks,2025,1,true,-455,350
Milwaukee Bucks,2025,2,true,110,-128
Milwaukee Bucks,2025,3,false,220,-263
Milwaukee Bucks,2025,4,true,114,-133
Milwaukee Bucks,2025,5,true,250,-303
Milwaukee Bucks,2025,6,false,-250,204
Milwaukee Bucks,2025,7,true,-238,195
Milwaukee Bucks,2025,8,false,110,-130
Milwaukee Bucks,2025,9,true,-175,150
Milwaukee Bucks,2025,10,false,145,-169
Milwaukee Bucks,2025,11,true,-159,135
Milwaukee Bucks,2025,12,false,-141,120
Milwaukee Bucks,2025,13,true,-385,309
Milwaukee Bucks,2025,14,false,-125,104
Milwaukee Bucks,2025,15,false,204,-250
Milwaukee Bucks,2025,16,false,104,-125
Milwaukee Bucks,2025,17,false,280,-345
Milwaukee Bucks,2025,18,false,-115,-102
Milwaukee Bucks,2025,19,false,359,-455
Milwaukee Bucks,2025,20,false,240,-294
Milwaukee Bucks,2025,21,true,-588,440
Milwaukee Bucks,2025,22,false,-400,359
Milwaukee Bucks,2025,23,true,164,-189
Milwaukee Bucks,2025,24,false,102,-115
Milwaukee Bucks,2025,25,false,500,-667
Milwaukee Bucks,2025,26,true,325,-400
Milwaukee Bucks,2025,27,false,-115,102
Milwaukee Bucks,2025,28,false,158,-179
Milwaukee Bucks,2025,29,false,480,-667
Milwaukee Bucks,2025,30,true,-120,104
Milwaukee Bucks,2025,31,false,166,-189
Milwaukee Bucks,2025,32,true,114,-132
Milwaukee Bucks,2025,33,true,-154,134
Milwaukee Bucks,2025,34,false,-500,400
Milwaukee Bucks,2025,35,true,-227,204
Milwaukee Bucks,2025,36,true,-238,204
Milwaukee Bucks,2025,37,false,210,-233
Milwaukee Bucks,2025,38,true,134,-154
Milwaukee Bucks,2025,39,false,-222,194
Milwaukee Bucks,2025,40,false,-125,114
Milwaukee Bucks,2025,41,false,220,-238
Milwaukee Bucks,2025,42,true,100,-116
Milwaukee Bucks,2025,43,false,430,-556
Milwaukee Bucks,2025,44,false,-312,265
Milwaukee Bucks,2025,45,false,320,-400
Milwaukee Bucks,2025,46,false,-123,110
Milwaukee Bucks,2025,47,false,459,-588
Milwaukee Bucks,2025,48,true,104,-120
Milwaukee Bucks,2025,49,true,154,-179
Milwaukee Bucks,2025,50,true,104,-120
Milwaukee Bucks,2025,51,false,320,-385
Milwaukee Bucks,2025,52,true,380,-476
Milwaukee Bucks,2025,53,true,500,-588
Milwaukee Bucks,2025,54,true,150,-179
Milwaukee Bucks,2025,55,false,152,-164
Milwaukee Bucks,2025,56,true,194,-222
Milwaukee Bucks,2025,57,true,129,-145
Milwaukee Bucks,2025,58,false,245,-294
Milwaukee Bucks,2025,59,false,-139,120
Milwaukee Bucks,2025,60,false,114,-133
Milwaukee Bucks,2025,61,false,-110,-105
Milwaukee Bucks,2025,62,true,-417,350
Milwaukee Bucks,2025,63,false,179,-213
Milwaukee Bucks,2025,64,false,114,-127
Milwaukee Bucks,2025,65,false,195,-227
Milwaukee Bucks,2025,66,false,384,-476
Milwaukee Bucks,2025,67,true,-303,240
Milwaukee Bucks,2025,68,false,450,-588
Milwaukee Bucks,2025,69,false,-238,204
Milwaukee Bucks,2025,70,true,450,-556
Milwaukee Bucks,2025,71,false,640,-909
Milwaukee Bucks,2025,72,false,700,-909
Milwaukee Bucks,2025,73,false,1100,-2000
Milwaukee Bucks,2025,74,false,869,-1429
Milwaukee Bucks,2025,75,true,120,-135
Milwaukee Bucks,2025,76,false,1300,-2500
Milwaukee Bucks,2025,77,false,1150,-2000
Milwaukee Bucks,2025,78,true,-278,225
Milwaukee Bucks,2025,79,false,-120,108
Milwaukee Bucks,2025,80,false,1550,-3333
Milwaukee Bucks,2025,81,true,-500,390
Milwaukee Bucks,2025,82,false,900,-1250
Minnesota Timberwolves,2016,1,false,-120,102
Minnesota Timberwolves,2016,2,false,-106,-112
Minnesota Timberwolves,2016,3,true,-312,250
Minnesota Timberwolves,2016,4,false,-161,137
Minnesota Timberwolves,2016,5,false,172,-208
Minnesota Timberwolves,2016,6,false,-185,154
Minnesota Timberwolves,2016,7,true,121,-143
Minnesota Timberwolves,2016,8,false,181,-222
Minnesota Timberwolves,2016,9,true,-120,102
Minnesota Timberwolves,2016,10,false,-104,-115
Minnesota Timberwolves,2016,11,true,-769,559
Minnesota Timberwolves,2016,12,false,-116,-102
Minnesota Timberwolves,2016,13,false,104,-123
Minnesota Timberwolves,2016,14,false,-137,117
Minnesota Timberwolves,2016,15,true,-125,106
Minnesota Timberwolves,2016,16,false,757,-1250
Minnesota Timberwolves,2016,17,false,127,-149
Minnesota Timberwolves,2016,18,false,-172,147
Minnesota Timberwolves,2016,19,false,-135,114
Minnesota Timberwolves,2016,20,true,199,-244
Minnesota Timberwolves,2016,21,false,150,-179
Minnesota Timberwolves,2016,22,false,384,-500
Minnesota Timberwolves,2016,23,false,138,-161
Minnesota Timberwolves,2016,24,false,411,-556
Minnesota Timberwolves,2016,25,true,195,-233
Minnesota Timberwolves,2016,26,false,125,-149
Minnesota Timberwolves,2016,27,true,-250,208
Minnesota Timberwolves,2016,28,true,158,-185
Minnesota Timberwolves,2016,29,false,-200,167
Minnesota Timberwolves,2016,30,false,159,-189
Minnesota Timberwolves,2016,31,true,102,-122
Minnesota Timberwolves,2016,32,false,152,-179
Minnesota Timberwolves,2016,33,true,-116,-103
Minnesota Timberwolves,2016,34,false,-238,199
Minnesota Timberwolves,2016,35,false,-200,167
Minnesota Timberwolves,2016,36,false,171,-204
Minnesota Timberwolves,2016,37,false,165,-196
Minnesota Timberwolves,2016,38,true,-200,166
Minnesota Timberwolves,2016,39,true,136,-159
Minnesota Timberwolves,2016,40,true,110,-132
Minnesota Timberwolves,2016,41,false,-110,-109
Minnesota Timberwolves,2016,42,false,624,-909
Minnesota Timberwolves,2016,43,true,-123,104
Minnesota Timberwolves,2016,44,true,-169,145
Minnesota Timberwolves,2016,45,true,-122,102
Minnesota Timberwolves,2016,46,false,-149,127
Minnesota Timberwolves,2016,47,true,-714,517
Minnesota Timberwolves,2016,48,true,-385,297
Minnesota Timberwolves,2016,49,false,239,-294
Minnesota Timberwolves,2016,50,false,154,-182
Minnesota Timberwolves,2016,51,false,-172,148
Minnesota Timberwolves,2016,52,false,-116,-102
Minnesota Timberwolves,2016,53,true,136,-159
Minnesota Timberwolves,2016,54,false,-196,165
Minnesota Timberwolves,2016,55,true,-270,227
Minnesota Timberwolves,2016,56,false,149,-175
Minnesota Timberwolves,2016,57,true,208,-244
Minnesota Timberwolves,2016,58,true,-161,140
Minnesota Timberwolves,2016,59,false,635,-909
Minnesota Timberwolves,2016,60,true,-182,154
Minnesota Timberwolves,2016,61,true,229,-278
Minnesota Timberwolves,2016,62,false,273,-345
Minnesota Timberwolves,2016,63,true,143,-169
Minnesota Timberwolves,2016,64,true,187,-227
Minnesota Timberwolves,2016,65,false,129,-152
Minnesota Timberwolves,2016,66,true,-130,110
Minnesota Timberwolves,2016,67,false,200,-244
Minnesota Timberwolves,2016,68,false,156,-185
Minnesota Timberwolves,2016,69,false,139,-164
Minnesota Timberwolves,2016,70,false,166,-196
Minnesota Timberwolves,2016,71,false,-270,225
Minnesota Timberwolves,2016,72,false,210,-256
Minnesota Timberwolves,2016,73,true,156,-182
Minnesota Timberwolves,2016,74,true,-769,529
Minnesota Timberwolves,2016,75,false,-833,585
Minnesota Timberwolves,2016,76,true,-127,108
Minnesota Timberwolves,2016,77,false,941,-1667
Minnesota Timberwolves,2016,78,false,187,-227
Minnesota Timberwolves,2016,79,false,520,-769
Minnesota Timberwolves,2016,80,false,-227,188
Minnesota Timberwolves,2016,81,false,-312,250
Minnesota Timberwolves,2016,82,false,281,-357
Minnesota Timberwolves,2017,1,false,100,-119
Minnesota Timberwolves,2017,2,true,-189,159
Minnesota Timberwolves,2017,3,true,154,-182
Minnesota Timberwolves,2017,4,false,-714,521
Minnesota Timberwolves,2017,5,false,117,-137
Minnesota Timberwolves,2017,6,true,112,-133
Minnesota Timberwolves,2017,7,true,-156,131
Minnesota Timberwolves,2017,8,true,110,-132
Minnesota Timberwolves,2017,9,true,-833,571
Minnesota Timberwolves,2017,10,true,-196,165
Minnesota Timberwolves,2017,11,false,280,-357
Minnesota Timberwolves,2017,12,false,-500,378
Minnesota Timberwolves,2017,13,true,-149,127
Minnesota Timberwolves,2017,14,true,-196,164
Minnesota Timberwolves,2017,15,true,-244,200
Minnesota Timberwolves,2017,16,false,-233,194
Minnesota Timberwolves,2017,17,false,118,-139
Minnesota Timberwolves,2017,18,true,-270,223
Minnesota Timberwolves,2017,19,false,-185,156
Minnesota Timberwolves,2017,20,true,-667,493
Minnesota Timberwolves,2017,21,false,-217,179
Minnesota Timberwolves,2017,22,true,204,-244
Minnesota Timberwolves,2017,23,false,187,-227
Minnesota Timberwolves,2017,24,true,-769,560
Minnesota Timberwolves,2017,25,false,-149,125
Minnesota Timberwolves,2017,26,true,-213,175
Minnesota Timberwolves,2017,27,true,-333,268
Minnesota Timberwolves,2017,28,false,-192,163
Minnesota Timberwolves,2017,29,true,-667,478
Minnesota Timberwolves,2017,30,false,-909,591
Minnesota Timberwolves,2017,31,true,-185,158
Minnesota Timberwolves,2017,32,true,-104,-114
Minnesota Timberwolves,2017,33,true,-345,273
Minnesota Timberwolves,2017,34,true,-250,206
Minnesota Timberwolves,2017,35,true,-208,175
Minnesota Timberwolves,2017,36,false,146,-172
Minnesota Timberwolves,2017,37,true,-149,125
Minnesota Timberwolves,2017,38,true,-526,396
Minnesota Timberwolves,2017,39,false,-263,219
Minnesota Timberwolves,2017,40,false,127,-149
Minnesota Timberwolves,2017,41,true,-122,102
Minnesota Timberwolves,2017,42,true,-106,-111
Minnesota Timberwolves,2017,43,true,-192,162
Minnesota Timberwolves,2017,44,true,-435,334
Minnesota Timberwolves,2017,45,true,-250,206
Minnesota Timberwolves,2017,46,false,-385,304
Minnesota Timberwolves,2017,47,false,171,-208
Minnesota Timberwolves,2017,48,true,-101,-116
Minnesota Timberwolves,2017,49,true,110,-130
Minnesota Timberwolves,2017,50,false,133,-156
Minnesota Timberwolves,2017,51,false,631,-909
Minnesota Timberwolves,2017,52,true,-769,532
Minnesota Timberwolves,2017,53,false,-270,222
Minnesota Timberwolves,2017,54,false,220,-263
Minnesota Timberwolves,2017,55,true,-250,206
Minnesota Timberwolves,2017,56,true,-370,296
Minnesota Timberwolves,2017,57,false,-159,134
Minnesota Timberwolves,2017,58,false,-312,254
Minnesota Timberwolves,2017,59,true,-1111,705
Minnesota Timberwolves,2017,60,false,139,-167
Minnesota Timberwolves,2017,61,true,-556,407
Minnesota Timberwolves,2017,62,false,279,-345
Minnesota Timberwolves,2017,63,true,-303,247
Minnesota Timberwolves,2017,64,true,-208,173
Minnesota Timberwolves,2017,65,false,177,-213
Minnesota Timberwolves,2017,66,false,250,-303
Minnesota Timberwolves,2017,67,false,117,-139
Minnesota Timberwolves,2017,68,true,138,-164
Minnesota Timberwolves,2017,69,true,131,-156
Minnesota Timberwolves,2017,70,false,156,-185
Minnesota Timberwolves,2017,71,false,259,-323
Minnesota Timberwolves,2017,72,true,-167,142
Minnesota Timberwolves,2017,73,true,-323,265
Minnesota Timberwolves,2017,74,false,297,-370
Minnesota Timberwolves,2017,75,false,-1429,863
Minnesota Timberwolves,2017,76,true,-1111,759
Minnesota Timberwolves,2017,77,true,-256,210
Minnesota Timberwolves,2017,78,false,124,-145
Minnesota Timberwolves,2017,79,false,163,-192
Minnesota Timberwolves,2017,80,true,-213,177
Minnesota Timberwolves,2017,81,true,-2500,1192
Minnesota Timberwolves,2017,82,true,-167,143
Minnesota Timberwolves,2018,1,false,122,-143
Minnesota Timberwolves,2018,2,true,-385,307
Minnesota Timberwolves,2018,3,false,104,-123
Minnesota Timberwolves,2018,4,true,-132,112
Minnesota Timberwolves,2018,5,false,316,-400
Minnesota Timberwolves,2018,6,false,117,-137
Minnesota Timberwolves,2018,7,true,106,-125
Minnesota Timberwolves,2018,8,true,248,-303
Minnesota Timberwolves,2018,9,false,507,-714
Minnesota Timberwolves,2018,10,false,206,-250
Minnesota Timberwolves,2018,11,false,196,-238
Minnesota Timberwolves,2018,12,false,200,-244
Minnesota Timberwolves,2018,13,false,-133,112
Minnesota Timberwolves,2018,14,true,-175,150
Minnesota Timberwolves,2018,15,true,102,-122
Minnesota Timberwolves,2018,16,true,-116,-102
Minnesota Timberwolves,2018,17,false,-208,174
Minnesota Timberwolves,2018,18,false,-110,-106
Minnesota Timberwolves,2018,19,true,-128,108
Minnesota Timberwolves,2018,20,true,-769,535
Minnesota Timberwolves,2018,21,true,-238,199
Minnesota Timberwolves,2018,22,true,-189,160
Minnesota Timberwolves,2018,23,false,-127,106
Minnesota Timberwolves,2018,24,true,114,-135
Minnesota Timberwolves,2018,25,true,-192,163
Minnesota Timberwolves,2018,26,false,124,-145
Minnesota Timberwolves,2018,27,false,393,-526
Minnesota Timberwolves,2018,28,false,-156,133
Minnesota Timberwolves,2018,29,false,-323,262
Minnesota Timberwolves,2018,30,true,-345,275
Minnesota Timberwolves,2018,31,false,-227,187
Minnesota Timberwolves,2018,32,false,147,-175
Minnesota Timberwolves,2018,33,true,219,-270
Minnesota Timberwolves,2018,34,true,-175,148
Minnesota Timberwolves,2018,35,false,-476,361
Minnesota Timberwolves,2018,36,true,148,-175
Minnesota Timberwolves,2018,37,false,184,-217
Minnesota Timberwolves,2018,38,false,211,-263
Minnesota Timberwolves,2018,39,true,-179,152
Minnesota Timberwolves,2018,40,true,-333,267
Minnesota Timberwolves,2018,41,true,289,-370
Minnesota Timberwolves,2018,42,false,-196,163
Minnesota Timberwolves,2018,43,true,106,-125
Minnesota Timberwolves,2018,44,false,200,-244
Minnesota Timberwolves,2018,45,false,-120,102
Minnesota Timberwolves,2018,46,true,-1000,653
Minnesota Timberwolves,2018,47,true,-175,147
Minnesota Timberwolves,2018,48,true,112,-132
Minnesota Timberwolves,2018,49,false,454,-625
Minnesota Timberwolves,2018,50,false,183,-222
Minnesota Timberwolves,2018,51,true,-154,131
Minnesota Timberwolves,2018,52,false,-119,100
Minnesota Timberwolves,2018,53,false,-169,143
Minnesota Timberwolves,2018,54,false,139,-161
Minnesota Timberwolves,2018,55,false,197,-238
Minnesota Timberwolves,2018,56,true,-167,143
Minnesota Timberwolves,2018,57,true,156,-185
Minnesota Timberwolves,2018,58,true,-179,149
Minnesota Timberwolves,2018,59,false,738,-1111
Minnesota Timberwolves,2018,60,true,-161,136
Minnesota Timberwolves,2018,61,false,-200,167
Minnesota Timberwolves,2018,62,false,135,-161
Minnesota Timberwolves,2018,63,false,-108,-111
Minnesota Timberwolves,2018,64,true,108,-128
Minnesota Timberwolves,2018,65,false,168,-200
Minnesota Timberwolves,2018,66,true,-294,237
Minnesota Timberwolves,2018,67,true,-270,219
Minnesota Timberwolves,2018,68,false,433,-588
Minnesota Timberwolves,2018,69,false,333,-435
Minnesota Timberwolves,2018,70,false,384,-500
Minnesota Timberwolves,2018,71,false,215,-263
Minnesota Timberwolves,2018,72,false,197,-238
Minnesota Timberwolves,2018,73,true,-106,-111
Minnesota Timberwolves,2018,74,false,125,-149
Minnesota Timberwolves,2018,75,true,425,-556
Minnesota Timberwolves,2018,76,false,161,-189
Minnesota Timberwolves,2018,77,false,133,-156
Minnesota Timberwolves,2018,78,true,116,-137
Minnesota Timberwolves,2018,79,true,150,-179
Minnesota Timberwolves,2018,80,false,224,-270
Minnesota Timberwolves,2018,81,false,277,-345
Minnesota Timberwolves,2018,82,false,644,-1000
Minnesota Timberwolves,2019,1,true,133,-159
Minnesota Timberwolves,2019,2,true,-213,177
Minnesota Timberwolves,2019,3,true,-286,233
Minnesota Timberwolves,2019,4,false,241,-303
Minnesota Timberwolves,2019,5,true,125,-149
Minnesota Timberwolves,2019,6,false,260,-333
Minnesota Timberwolves,2019,7,false,-167,142
Minnesota Timberwolves,2019,8,true,-769,528
Minnesota Timberwolves,2019,9,false,144,-172
Minnesota Timberwolves,2019,10,true,145,-172
Minnesota Timberwolves,2019,11,true,-122,102
Minnesota Timberwolves,2019,12,false,-233,194
Minnesota Timberwolves,2019,13,false,-137,116
Minnesota Timberwolves,2019,14,true,354,-455
Minnesota Timberwolves,2019,15,false,129,-152
Minnesota Timberwolves,2019,16,false,-192,161
Minnesota Timberwolves,2019,17,true,-189,160
Minnesota Timberwolves,2019,18,true,129,-152
Minnesota Timberwolves,2019,19,false,-833,570
Minnesota Timberwolves,2019,20,false,179,-213
Minnesota Timberwolves,2019,21,false,142,-167
Minnesota Timberwolves,2019,22,false,436,-588
Minnesota Timberwolves,2019,23,false,135,-159
Minnesota Timberwolves,2019,24,false,-110,-108
Minnesota Timberwolves,2019,25,false,166,-200
Minnesota Timberwolves,2019,26,false,-159,134
Minnesota Timberwolves,2019,27,false,469,-667
Minnesota Timberwolves,2019,28,false,234,-286
Minnesota Timberwolves,2019,29,false,-110,-111
Minnesota Timberwolves,2019,30,true,247,-303
Minnesota Timberwolves,2019,31,false,-263,215
Minnesota Timberwolves,2019,32,true,160,-189
Minnesota Timberwolves,2019,33,false,1418,-3333
Minnesota Timberwolves,2019,34,true,-147,125
Minnesota Timberwolves,2019,35,true,-244,199
Minnesota Timberwolves,2019,36,false,154,-182
Minnesota Timberwolves,2019,37,true,-105,-112
Minnesota Timberwolves,2019,38,false,407,-526
Minnesota Timberwolves,2019,39,false,108,-127
Minnesota Timberwolves,2019,40,false,149,-175
Minnesota Timberwolves,2019,41,false,231,-286
Minnesota Timberwolves,2019,42,false,152,-179
Minnesota Timberwolves,2019,43,false,-164,140
Minnesota Timberwolves,2019,44,false,-102,-116
Minnesota Timberwolves,2019,45,false,196,-238
Minnesota Timberwolves,2019,46,false,-128,108
Minnesota Timberwolves,2019,47,false,-147,125
Minnesota Timberwolves,2019,48,false,420,-556
Minnesota Timberwolves,2019,49,false,-105,-112
Minnesota Timberwolves,2019,50,false,-182,152
Minnesota Timberwolves,2019,51,true,411,-556
Minnesota Timberwolves,2019,52,false,308,-385
Minnesota Timberwolves,2019,53,false,-244,202
Minnesota Timberwolves,2019,54,false,301,-385
Minnesota Timberwolves,2019,55,false,853,-1429
Minnesota Timberwolves,2019,56,false,741,-1250
Minnesota Timberwolves,2019,57,true,535,-769
Minnesota Timberwolves,2019,58,false,275,-345
Minnesota Timberwolves,2019,59,false,193,-227
Minnesota Timberwolves,2019,60,true,469,-625
Minnesota Timberwolves,2019,61,true,-123,104
Minnesota Timberwolves,2019,62,false,119,-141
Minnesota Timberwolves,2019,63,false,235,-286
Minnesota Timberwolves,2019,64,false,632,-909
Minnesota Timberwolves,2020,1,true,-217,179
Minnesota Timberwolves,2020,2,true,340,-417
Minnesota Timberwolves,2020,3,false,398,-526
Minnesota Timberwolves,2020,4,false,432,-588
Minnesota Timberwolves,2020,5,false,-106,-111
Minnesota Timberwolves,2020,6,false,307,-385
Minnesota Timberwolves,2020,7,false,471,-625
Minnesota Timberwolves,2020,8,false,388,-500
Minnesota Timberwolves,2020,9,false,133,-156
Minnesota Timberwolves,2020,10,true,150,-179
Minnesota Timberwolves,2020,11,false,-133,114
Minnesota Timberwolves,2020,12,false,244,-303
Minnesota Timberwolves,2020,13,false,149,-172
Minnesota Timberwolves,2020,14,false,202,-244
Minnesota Timberwolves,2020,15,true,300,-370
Minnesota Timberwolves,2020,16,false,311,-385
Minnesota Timberwolves,2020,17,false,322,-400
Minnesota Timberwolves,2020,18,false,342,-417
Minnesota Timberwolves,2020,19,true,138,-161
Minnesota Timberwolves,2020,20,false,137,-159
Minnesota Timberwolves,2020,21,false,254,-312
Minnesota Timberwolves,2020,22,true,-135,117
Minnesota Timberwolves,2020,23,false,108,-127
Minnesota Timberwolves,2020,24,false,382,-500
Minnesota Timberwolves,2020,25,false,326,-400
Minnesota Timberwolves,2020,26,false,121,-141
Minnesota Timberwolves,2020,27,true,277,-345
Minnesota Timberwolves,2020,28,false,211,-256
Minnesota Timberwolves,2020,29,false,181,-217
Minnesota Timberwolves,2020,30,false,125,-147
Minnesota Timberwolves,2020,31,false,131,-154
Minnesota Timberwolves,2020,32,false,440,-588
Minnesota Timberwolves,2020,33,false,164,-192
Minnesota Timberwolves,2020,34,false,148,-172
Minnesota Timberwolves,2020,35,false,424,-556
Minnesota Timberwolves,2020,36,false,114,-133
Minnesota Timberwolves,2020,37,true,282,-345
Minnesota Timberwolves,2020,38,false,172,-204
Minnesota Timberwolves,2020,39,true,174,-204
Minnesota Timberwolves,2020,40,false,276,-345
Minnesota Timberwolves,2020,41,true,479,-625
Minnesota Timberwolves,2020,42,false,478,-667
Minnesota Timberwolves,2020,43,false,-196,169
Minnesota Timberwolves,2020,44,false,285,-357
Minnesota Timberwolves,2020,45,true,-172,148
Minnesota Timberwolves,2020,46,false,-185,159
Minnesota Timberwolves,2020,47,false,459,-625
Minnesota Timberwolves,2020,48,true,129,-152
Minnesota Timberwolves,2020,49,false,229,-278
Minnesota Timberwolves,2020,50,false,721,-1000
Minnesota Timberwolves,2020,51,true,139,-161
Minnesota Timberwolves,2020,52,false,-119,102
Minnesota Timberwolves,2020,53,false,313,-400
Minnesota Timberwolves,2020,54,true,145,-169
Minnesota Timberwolves,2020,55,false,247,-294
Minnesota Timberwolves,2020,56,false,407,-526
Minnesota Timberwolves,2020,57,true,219,-263
Minnesota Timberwolves,2020,58,false,533,-714
Minnesota Timberwolves,2020,59,true,135,-156
Minnesota Timberwolves,2020,60,false,125,-147
Minnesota Timberwolves,2020,61,true,604,-909
Minnesota Timberwolves,2020,62,true,396,-500
Minnesota Timberwolves,2020,63,true,-135,114
Minnesota Timberwolves,2020,64,true,152,-179
Minnesota Timberwolves,2020,65,false,138,-161
Minnesota Timberwolves,2020,66,false,138,-161
Minnesota Timberwolves,2020,67,false,274,-333
Minnesota Timberwolves,2020,68,true,-312,254
Minnesota Timberwolves,2020,69,true,-294,245
Minnesota Timberwolves,2020,70,false,112,-132
Minnesota Timberwolves,2020,71,false,-196,167
Minnesota Timberwolves,2020,72,true,225,-270
Minnesota Timberwolves,2021,1,true,-233,200
Minnesota Timberwolves,2021,2,true,-303,249
Minnesota Timberwolves,2021,3,false,-227,191
Minnesota Timberwolves,2021,4,true,200,-233
Minnesota Timberwolves,2021,5,false,-119,104
Minnesota Timberwolves,2021,6,false,-400,323
Minnesota Timberwolves,2021,7,false,119,-139
Minnesota Timberwolves,2021,8,false,121,-141
Minnesota Timberwolves,2021,9,false,158,-185
Minnesota Timberwolves,2021,10,false,263,-323
Minnesota Timberwolves,2021,11,true,106,-125
Minnesota Timberwolves,2021,12,false,227,-278
Minnesota Timberwolves,2021,13,false,146,-172
Minnesota Timberwolves,2021,14,true,-137,116
Minnesota Timberwolves,2021,15,true,-132,112
Minnesota Timberwolves,2021,16,true,-139,119
Minnesota Timberwolves,2021,17,true,-159,137
Minnesota Timberwolves,2021,18,true,-106,-111
Minnesota Timberwolves,2021,19,false,112,-132
Minnesota Timberwolves,2021,20,true,215,-256
Minnesota Timberwolves,2021,21,true,-169,144
Minnesota Timberwolves,2021,22,false,142,-167
Minnesota Timberwolves,2021,23,false,324,-400
Minnesota Timberwolves,2021,24,false,-125,106
Minnesota Timberwolves,2021,25,false,224,-270
Minnesota Timberwolves,2021,26,false,108,-127
Minnesota Timberwolves,2021,27,true,125,-145
Minnesota Timberwolves,2021,28,true,154,-182
Minnesota Timberwolves,2021,29,true,-103,-114
Minnesota Timberwolves,2021,30,true,-164,141
Minnesota Timberwolves,2021,31,false,-135,114
Minnesota Timberwolves,2021,32,false,857,-1429
Minnesota Timberwolves,2021,33,true,171,-200
Minnesota Timberwolves,2021,34,false,172,-204
Minnesota Timberwolves,2021,35,false,591,-833
Minnesota Timberwolves,2021,36,false,258,-312
Minnesota Timberwolves,2021,37,true,137,-159
Minnesota Timberwolves,2021,38,true,-417,333
Minnesota Timberwolves,2021,39,true,-200,169
Minnesota Timberwolves,2021,40,true,-263,221
Minnesota Timberwolves,2021,41,false,-156,134
Minnesota Timberwolves,2021,42,false,131,-152
Minnesota Timberwolves,2021,43,true,-182,158
Minnesota Timberwolves,2021,44,true,-156,134
Minnesota Timberwolves,2021,45,false,100,-119
Minnesota Timberwolves,2021,46,true,-143,123
Minnesota Timberwolves,2021,47,true,-152,129
Minnesota Timberwolves,2021,48,false,210,-250
Minnesota Timberwolves,2021,49,false,290,-357
Minnesota Timberwolves,2021,50,true,-125,108
Minnesota Timberwolves,2021,51,true,-120,100
Minnesota Timberwolves,2021,52,true,-303,250
Minnesota Timberwolves,2021,53,true,-833,607
Minnesota Timberwolves,2021,54,true,-294,242
Minnesota Timberwolves,2021,55,false,-323,262
Minnesota Timberwolves,2021,56,false,102,-119
Minnesota Timberwolves,2021,57,true,-312,254
Minnesota Timberwolves,2021,58,true,-244,204
Minnesota Timberwolves,2021,59,false,-109,-106
Minnesota Timberwolves,2021,60,true,110,-128
Minnesota Timberwolves,2021,61,false,117,-135
Minnesota Timberwolves,2021,62,true,-161,138
Minnesota Timberwolves,2021,63,true,140,-161
Minnesota Timberwolves,2021,64,true,-476,371
Minnesota Timberwolves,2021,65,true,-1111,727
Minnesota Timberwolves,2021,66,true,-1000,666
Minnesota Timberwolves,2021,67,true,-1429,886
Minnesota Timberwolves,2021,68,false,-370,305
Minnesota Timberwolves,2021,69,true,139,-161
Minnesota Timberwolves,2021,70,true,-164,140
Minnesota Timberwolves,2021,71,true,-370,301
Minnesota Timberwolves,2021,72,true,-145,125
Minnesota Timberwolves,2021,73,false,100,-115
Minnesota Timberwolves,2021,74,false,-123,106
Minnesota Timberwolves,2021,75,true,-172,148
Minnesota Timberwolves,2021,76,false,206,-227
Minnesota Timberwolves,2021,77,false,121,-141
Minnesota Timberwolves,2021,78,true,129,-149
Minnesota Timberwolves,2021,79,true,-1000,682
Minnesota Timberwolves,2021,80,false,-714,538
Minnesota Timberwolves,2021,81,true,-286,238
Minnesota Timberwolves,2021,82,false,-303,248
Minnesota Timberwolves,2022,1,true,-667,465
Minnesota Timberwolves,2022,2,false,-345,276
Minnesota Timberwolves,2022,3,true,-476,341
Minnesota Timberwolves,2022,4,false,-370,288
Minnesota Timberwolves,2022,5,true,-476,354
Minnesota Timberwolves,2022,6,true,-333,265
Minnesota Timberwolves,2022,7,false,-244,197
Minnesota Timberwolves,2022,8,false,145,-172
Minnesota Timberwolves,2022,9,false,108,-128
Minnesota Timberwolves,2022,10,true,-323,250
Minnesota Timberwolves,2022,11,false,-143,121
Minnesota Timberwolves,2022,12,false,-128,108
Minnesota Timberwolves,2022,13,false,146,-172
Minnesota Timberwolves,2022,14,true,-104,-115
Minnesota Timberwolves,2022,15,true,-312,252
Minnesota Timberwolves,2022,16,true,-159,134
Minnesota Timberwolves,2022,17,true,-370,289
Minnesota Timberwolves,2022,18,true,-128,108
Minnesota Timberwolves,2022,19,false,-250,200
Minnesota Timberwolves,2022,20,false,102,-122
Minnesota Timberwolves,2022,21,false,-103,-116
Minnesota Timberwolves,2022,22,true,125,-149
Minnesota Timberwolves,2022,23,false,-208,172
Minnesota Timberwolves,2022,24,true,-189,156
Minnesota Timberwolves,2022,25,true,-110,-109
Minnesota Timberwolves,2022,26,false,172,-213
Minnesota Timberwolves,2022,27,false,143,-169
Minnesota Timberwolves,2022,28,false,229,-286
Minnesota Timberwolves,2022,29,true,158,-189
Minnesota Timberwolves,2022,30,true,102,-123
Minnesota Timberwolves,2022,31,true,187,-227
Minnesota Timberwolves,2022,32,false,114,-135
Minnesota Timberwolves,2022,33,false,338,-455
Minnesota Timberwolves,2022,34,false,-114,-106
Minnesota Timberwolves,2022,35,false,204,-250
Minnesota Timberwolves,2022,36,false,252,-312
Minnesota Timberwolves,2022,37,false,-263,214
Minnesota Timberwolves,2022,38,true,149,-175
Minnesota Timberwolves,2022,39,true,104,-123
Minnesota Timberwolves,2022,40,true,-217,179
Minnesota Timberwolves,2022,41,true,-167,141
Minnesota Timberwolves,2022,42,false,-244,198
Minnesota Timberwolves,2022,43,true,-250,202
Minnesota Timberwolves,2022,44,true,149,-179
Minnesota Timberwolves,2022,45,false,-167,140
Minnesota Timberwolves,2022,46,false,326,-435
Minnesota Timberwolves,2022,47,true,152,-182
Minnesota Timberwolves,2022,48,true,-333,263
Minnesota Timberwolves,2022,49,false,-244,200
Minnesota Timberwolves,2022,50,true,118,-141
Minnesota Timberwolves,2022,51,true,104,-123
Minnesota Timberwolves,2022,52,true,106,-127
Minnesota Timberwolves,2022,53,false,-104,-114
Minnesota Timberwolves,2022,54,true,154,-185
Minnesota Timberwolves,2022,55,false,-204,172
Minnesota Timberwolves,2022,56,true,-357,284
Minnesota Timberwolves,2022,57,false,276,-345
Minnesota Timberwolves,2022,58,true,263,-333
Minnesota Timberwolves,2022,59,false,218,-263
Minnesota Timberwolves,2022,60,true,193,-233
Minnesota Timberwolves,2022,61,false,-161,138
Minnesota Timberwolves,2022,62,false,-270,222
Minnesota Timberwolves,2022,63,false,112,-132
Minnesota Timberwolves,2022,64,true,202,-238
Minnesota Timberwolves,2022,65,true,-123,104
Minnesota Timberwolves,2022,66,true,150,-179
Minnesota Timberwolves,2022,67,false,-149,125
Minnesota Timberwolves,2022,68,false,-182,152
Minnesota Timberwolves,2022,69,true,163,-196
Minnesota Timberwolves,2022,70,false,154,-182
Minnesota Timberwolves,2022,71,false,122,-145
Minnesota Timberwolves,2022,72,false,326,-435
Minnesota Timberwolves,2022,73,true,280,-345
Minnesota Timberwolves,2022,74,true,-172,149
Minnesota Timberwolves,2022,75,true,181,-217
Minnesota Timberwolves,2022,76,true,193,-233
Minnesota Timberwolves,2022,77,false,199,-238
Minnesota Timberwolves,2022,78,false,108,-127
Minnesota Timberwolves,2022,79,false,-2500,1136
Minnesota Timberwolves,2022,80,true,-145,125
Minnesota Timberwolves,2022,81,true,-1429,819
Minnesota Timberwolves,2022,82,true,-159,135
Minnesota Timberwolves,2023,1,false,-104,-114
Minnesota Timberwolves,2023,2,true,-345,260
Minnesota Timberwolves,2023,3,false,-133,114
Minnesota Timberwolves,2023,4,true,112,-132
Minnesota Timberwolves,2023,5,true,-312,249
Minnesota Timberwolves,2023,6,true,135,-154
Minnesota Timberwolves,2023,7,true,-435,328
Minnesota Timberwolves,2023,8,true,-286,231
Minnesota Timberwolves,2023,9,true,133,-154
Minnesota Timberwolves,2023,10,true,-152,131
Minnesota Timberwolves,2023,11,false,152,-172
Minnesota Timberwolves,2023,12,true,-286,234
Minnesota Timberwolves,2023,13,true,-137,118
Minnesota Timberwolves,2023,14,true,-278,222
Minnesota Timberwolves,2023,15,false,-182,160
Minnesota Timberwolves,2023,16,true,-250,202
Minnesota Timberwolves,2023,17,true,-149,129
Minnesota Timberwolves,2023,18,true,-667,459
Minnesota Timberwolves,2023,19,true,-208,174
Minnesota Timberwolves,2023,20,true,-667,458
Minnesota Timberwolves,2023,21,true,-217,179
Minnesota Timberwolves,2023,22,false,139,-161
Minnesota Timberwolves,2023,23,true,-125,106
Minnesota Timberwolves,2023,24,true,-500,372
Minnesota Timberwolves,2023,25,true,-125,106
Minnesota Timberwolves,2023,26,false,141,-164
Minnesota Timberwolves,2023,27,true,-323,259
Minnesota Timberwolves,2023,28,true,112,-133
Minnesota Timberwolves,2023,29,false,106,-125
Minnesota Timberwolves,2023,30,true,-769,513
Minnesota Timberwolves,2023,31,true,-179,152
Minnesota Timberwolves,2023,32,false,-115,-101
Minnesota Timberwolves,2023,33,false,-238,194
Minnesota Timberwolves,2023,34,true,-175,148
Minnesota Timberwolves,2023,35,false,-132,112
Minnesota Timberwolves,2023,36,true,-208,177
Minnesota Timberwolves,2023,37,false,401,-526
Minnesota Timberwolves,2023,38,true,-1429,843
Minnesota Timberwolves,2023,39,true,-108,-110
Minnesota Timberwolves,2023,40,true,-769,518
Minnesota Timberwolves,2023,41,true,-769,525
Minnesota Timberwolves,2023,42,false,-149,125
Minnesota Timberwolves,2023,43,false,-909,647
Minnesota Timberwolves,2023,44,true,-526,399
Minnesota Timberwolves,2023,45,true,-167,141
Minnesota Timberwolves,2023,46,false,-526,395
Minnesota Timberwolves,2023,47,true,122,-143
Minnesota Timberwolves,2023,48,true,-833,599
Minnesota Timberwolves,2023,49,false,-270,217
Minnesota Timberwolves,2023,50,true,-312,252
Minnesota Timberwolves,2023,51,false,-204,169
Minnesota Timberwolves,2023,52,true,-132,112
Minnesota Timberwolves,2023,53,true,164,-196
Minnesota Timberwolves,2023,54,true,-385,292
Minnesota Timberwolves,2023,55,true,-500,370
Minnesota Timberwolves,2023,56,false,-182,150
Minnesota Timberwolves,2023,57,true,-333,266
Minnesota Timberwolves,2023,58,true,-909,591
Minnesota Timberwolves,2023,59,true,-909,617
Minnesota Timberwolves,2023,60,false,-333,262
Minnesota Timberwolves,2023,61,false,-139,120
Minnesota Timberwolves,2023,62,true,-1429,843
Minnesota Timberwolves,2023,63,true,-103,-115
Minnesota Timberwolves,2023,64,false,100,-115
Minnesota Timberwolves,2023,65,false,181,-208
Minnesota Timberwolves,2023,66,true,193,-238
Minnesota Timberwolves,2023,67,true,-303,247
Minnesota Timberwolves,2023,68,true,-179,150
Minnesota Timberwolves,2023,69,false,242,-294
Minnesota Timberwolves,2023,70,true,-303,240
Minnesota Timberwolves,2023,71,true,-130,112
Minnesota Timberwolves,2023,72,true,-2000,1006
Minnesota Timberwolves,2023,73,true,134,-156
Minnesota Timberwolves,2023,74,false,-370,298
Minnesota Timberwolves,2023,75,true,-294,243
Minnesota Timberwolves,2023,76,true,-2500,1168
Minnesota Timberwolves,2023,77,false,162,-192
Minnesota Timberwolves,2023,78,true,-130,110
Minnesota Timberwolves,2023,79,true,-2000,1070
Minnesota Timberwolves,2023,80,false,240,-294
Minnesota Timberwolves,2023,81,true,-769,520
Minnesota Timberwolves,2023,82,false,-137,117
Minnesota Timberwolves,2024,1,false,-114,-106
Minnesota Timberwolves,2024,2,true,-110,-109
Minnesota Timberwolves,2024,3,true,-1667,700
Minnesota Timberwolves,2024,4,false,-179,149
Minnesota Timberwolves,2024,5,true,-164,139
Minnesota Timberwolves,2024,6,false,-169,141
Minnesota Timberwolves,2024,7,true,-588,426
Minnesota Timberwolves,2024,8,true,-417,324
Minnesota Timberwolves,2024,9,true,-769,513
Minnesota Timberwolves,2024,10,false,-294,231
Minnesota Timberwolves,2024,11,false,-417,316
Minnesota Timberwolves,2024,12,false,-500,371
Minnesota Timberwolves,2024,13,true,-125,104
Minnesota Timberwolves,2024,14,true,-294,234
Minnesota Timberwolves,2024,15,false,-278,225
Minnesota Timberwolves,2024,16,false,279,-345
Minnesota Timberwolves,2024,17,false,-143,122
Minnesota Timberwolves,2024,18,false,-145,123
Minnesota Timberwolves,2024,19,true,-250,204
Minnesota Timberwolves,2024,20,true,-286,225
Minnesota Timberwolves,2024,21,true,-192,160
Minnesota Timberwolves,2024,22,true,-119,-101
Minnesota Timberwolves,2024,23,false,-101,-119
Minnesota Timberwolves,2024,24,true,-370,290
Minnesota Timberwolves,2024,25,true,-189,158
Minnesota Timberwolves,2024,26,false,-156,129
Minnesota Timberwolves,2024,27,false,-169,141
Minnesota Timberwolves,2024,28,false,-159,133
Minnesota Timberwolves,2024,29,true,170,-204
Minnesota Timberwolves,2024,30,true,-106,-112
Minnesota Timberwolves,2024,31,true,-238,192
Minnesota Timberwolves,2024,32,false,213,-263
Minnesota Timberwolves,2024,33,false,119,-141
Minnesota Timberwolves,2024,34,false,-263,214
Minnesota Timberwolves,2024,35,true,-139,118
Minnesota Timberwolves,2024,36,true,-179,148
Minnesota Timberwolves,2024,37,true,-227,186
Minnesota Timberwolves,2024,38,false,-128,106
Minnesota Timberwolves,2024,39,true,-1111,693
Minnesota Timberwolves,2024,40,false,-270,214
Minnesota Timberwolves,2024,41,true,127,-152
Minnesota Timberwolves,2024,42,false,168,-200
Minnesota Timberwolves,2024,43,false,172,-208
Minnesota Timberwolves,2024,44,true,-167,142
Minnesota Timberwolves,2024,45,true,140,-169
Minnesota Timberwolves,2024,46,true,-526,386
Minnesota Timberwolves,2024,47,true,-103,-115
Minnesota Timberwolves,2024,48,true,-244,196
Minnesota Timberwolves,2024,49,false,-667,476
Minnesota Timberwolves,2024,50,false,-192,160
Minnesota Timberwolves,2024,51,true,-588,438
Minnesota Timberwolves,2024,52,true,-115,-102
Minnesota Timberwolves,2024,53,true,-167,140
Minnesota Timberwolves,2024,54,false,278,-357
Minnesota Timberwolves,2024,55,false,-417,317
Minnesota Timberwolves,2024,56,true,346,-435
Minnesota Timberwolves,2024,57,false,146,-172
Minnesota Timberwolves,2024,58,false,293,-370
Minnesota Timberwolves,2024,59,true,462,-667
Minnesota Timberwolves,2024,60,false,199,-244
Minnesota Timberwolves,2024,61,false,-164,140
Minnesota Timberwolves,2024,62,true,-118,-101
Minnesota Timberwolves,2024,63,true,-833,576
Minnesota Timberwolves,2024,64,true,-370,301
Minnesota Timberwolves,2024,65,true,-156,133
Minnesota Timberwolves,2024,66,true,-556,409
Minnesota Timberwolves,2024,67,true,106,-123
Minnesota Timberwolves,2024,68,true,-556,405
Minnesota Timberwolves,2024,69,true,-909,632
Minnesota Timberwolves,2024,70,false,-556,405
Minnesota Timberwolves,2024,71,false,-833,551
Minnesota Timberwolves,2024,72,true,-1250,773
Minnesota Timberwolves,2024,73,false,-122,102
Minnesota Timberwolves,2024,74,true,-303,245
Minnesota Timberwolves,2024,75,true,-286,233
Minnesota Timberwolves,2024,76,true,106,-127
Minnesota Timberwolves,2024,77,true,-1000,614
Minnesota Timberwolves,2024,78,true,-1429,833
Minnesota Timberwolves,2024,79,false,-233,185
Minnesota Timberwolves,2024,80,true,-137,114
Minnesota Timberwolves,2024,81,true,-5000,1437
Minnesota Timberwolves,2024,82,true,-5000,1769
Minnesota Timberwolves,2025,1,true,-200,165
Minnesota Timberwolves,2025,2,false,-125,104
Minnesota Timberwolves,2025,3,true,-625,475
Minnesota Timberwolves,2025,4,false,190,-233
Minnesota Timberwolves,2025,5,false,-278,229
Minnesota Timberwolves,2025,6,true,-185,154
Minnesota Timberwolves,2025,7,true,-417,340
Minnesota Timberwolves,2025,8,false,140,-161
Minnesota Timberwolves,2025,9,true,-667,500
Minnesota Timberwolves,2025,10,true,-189,165
Minnesota Timberwolves,2025,11,true,-303,240
Minnesota Timberwolves,2025,12,true,-588,425
Minnesota Timberwolves,2025,13,false,100,-118
Minnesota Timberwolves,2025,14,true,-909,650
Minnesota Timberwolves,2025,15,true,-1250,950
Minnesota Timberwolves,2025,16,false,-185,154
Minnesota Timberwolves,2025,17,false,-455,359
Minnesota Timberwolves,2025,18,false,375,-500
Minnesota Timberwolves,2025,19,true,-233,194
Minnesota Timberwolves,2025,20,true,-185,160
Minnesota Timberwolves,2025,21,true,-667,500
Minnesota Timberwolves,2025,22,true,-588,450
Minnesota Timberwolves,2025,23,true,-345,300
Minnesota Timberwolves,2025,24,false,-357,290
Minnesota Timberwolves,2025,25,true,166,-189
Minnesota Timberwolves,2025,26,true,-417,359
Minnesota Timberwolves,2025,27,false,-263,220
Minnesota Timberwolves,2025,28,true,210,-250
Minnesota Timberwolves,2025,29,true,-667,480
Minnesota Timberwolves,2025,30,true,-270,220
Minnesota Timberwolves,2025,31,false,-105,-106
Minnesota Timberwolves,2025,32,false,-588,500
Minnesota Timberwolves,2025,33,true,-222,190
Minnesota Timberwolves,2025,34,false,-208,179
Minnesota Timberwolves,2025,35,true,-141,120
Minnesota Timberwolves,2025,36,true,-417,380
Minnesota Timberwolves,2025,37,true,-200,175
Minnesota Timberwolves,2025,38,true,-149,129
Minnesota Timberwolves,2025,39,false,125,-143
Minnesota Timberwolves,2025,40,true,-133,120
Minnesota Timberwolves,2025,41,true,114,-125
Minnesota Timberwolves,2025,42,false,144,-159
Minnesota Timberwolves,2025,43,false,165,-189
Minnesota Timberwolves,2025,44,false,-625,475
Minnesota Timberwolves,2025,45,false,-357,300
Minnesota Timberwolves,2025,46,false,-200,175
Minnesota Timberwolves,2025,47,true,-294,245
Minnesota Timberwolves,2025,48,true,-323,260
Minnesota Timberwolves,2025,49,true,179,-185
Minnesota Timberwolves,2025,50,true,-500,384
Minnesota Timberwolves,2025,51,false,-294,245
Minnesota Timberwolves,2025,52,true,-141,120
Minnesota Timberwolves,2025,53,false,-333,280
Minnesota Timberwolves,2025,54,false,-357,295
Minnesota Timberwolves,2025,55,true,-333,265
Minnesota Timberwolves,2025,56,true,-294,250
Minnesota Timberwolves,2025,57,true,-667,500
Minnesota Timberwolves,2025,58,false,-357,290
Minnesota Timberwolves,2025,59,true,-244,210
Minnesota Timberwolves,2025,60,true,-323,265
Minnesota Timberwolves,2025,61,true,125,-141
Minnesota Timberwolves,2025,62,true,-769,600
Minnesota Timberwolves,2025,63,true,-208,179
Minnesota Timberwolves,2025,64,false,-263,220
Minnesota Timberwolves,2025,65,false,-135,120
Minnesota Timberwolves,2025,66,false,104,-118
Minnesota Timberwolves,2025,67,true,-200,172
Minnesota Timberwolves,2025,68,false,315,-385
Minnesota Timberwolves,2025,69,true,-164,140
Minnesota Timberwolves,2025,70,true,-769,570
Minnesota Timberwolves,2025,71,false,-110,-105
Minnesota Timberwolves,2025,72,true,359,-417
Minnesota Timberwolves,2025,73,true,116,-128
Minnesota Timberwolves,2025,74,false,114,-130
Minnesota Timberwolves,2025,75,true,-333,280
Minnesota Timberwolves,2025,76,false,175,-208
Minnesota Timberwolves,2025,77,false,140,-161
Minnesota Timberwolves,2025,78,false,154,-175
Minnesota Timberwolves,2025,79,true,-769,550
Minnesota Timberwolves,2025,80,false,384,-500
Minnesota Timberwolves,2025,81,true,384,-500
Minnesota Timberwolves,2025,82,true,-167,150
New Orleans Pelicans,2016,1,false,-123,104
New Orleans Pelicans,2016,2,false,611,-909
New Orleans Pelicans,2016,3,false,783,-2500
New Orleans Pelicans,2016,4,false,-169,143
New Orleans Pelicans,2016,5,false,200,-238
New Orleans Pelicans,2016,6,false,-147,125
New Orleans Pelicans,2016,7,false,1732,-5000
New Orleans Pelicans,2016,8,false,227,-278
New Orleans Pelicans,2016,9,true,189,-227
New Orleans Pelicans,2016,10,false,-109,-109
New Orleans Pelicans,2016,11,true,140,-164
New Orleans Pelicans,2016,12,false,263,-333
New Orleans Pelicans,2016,13,true,-105,-114
New Orleans Pelicans,2016,14,true,112,-132
New Orleans Pelicans,2016,15,true,304,-385
New Orleans Pelicans,2016,16,true,117,-137
New Orleans Pelicans,2016,17,false,156,-185
New Orleans Pelicans,2016,18,false,-217,179
New Orleans Pelicans,2016,19,true,-222,186
New Orleans Pelicans,2016,20,false,154,-182
New Orleans Pelicans,2016,21,false,211,-256
New Orleans Pelicans,2016,22,false,-182,156
New Orleans Pelicans,2016,23,false,-270,223
New Orleans Pelicans,2016,24,false,903,-1667
New Orleans Pelicans,2016,25,true,110,-132
New Orleans Pelicans,2016,26,false,483,-667
New Orleans Pelicans,2016,27,true,-139,118
New Orleans Pelicans,2016,28,false,650,-1000
New Orleans Pelicans,2016,29,false,596,-833
New Orleans Pelicans,2016,30,true,-161,138
New Orleans Pelicans,2016,31,false,112,-132
New Orleans Pelicans,2016,32,true,-200,168
New Orleans Pelicans,2016,33,true,-185,158
New Orleans Pelicans,2016,34,true,106,-125
New Orleans Pelicans,2016,35,true,-156,133
New Orleans Pelicans,2016,36,false,367,-476
New Orleans Pelicans,2016,37,false,-127,106
New Orleans Pelicans,2016,38,false,215,-263
New Orleans Pelicans,2016,39,true,142,-167
New Orleans Pelicans,2016,40,true,112,-132
New Orleans Pelicans,2016,41,false,140,-164
New Orleans Pelicans,2016,42,false,165,-196
New Orleans Pelicans,2016,43,true,-196,165
New Orleans Pelicans,2016,44,false,-556,409
New Orleans Pelicans,2016,45,true,407,-556
New Orleans Pelicans,2016,46,false,102,-122
New Orleans Pelicans,2016,47,true,219,-263
New Orleans Pelicans,2016,48,false,-109,-110
New Orleans Pelicans,2016,49,false,260,-323
New Orleans Pelicans,2016,50,false,252,-312
New Orleans Pelicans,2016,51,false,225,-278
New Orleans Pelicans,2016,52,true,-238,195
New Orleans Pelicans,2016,53,false,143,-169
New Orleans Pelicans,2016,54,true,165,-196
New Orleans Pelicans,2016,55,false,145,-169
New Orleans Pelicans,2016,56,true,139,-164
New Orleans Pelicans,2016,57,true,282,-357
New Orleans Pelicans,2016,58,false,142,-167
New Orleans Pelicans,2016,59,false,-135,114
New Orleans Pelicans,2016,60,false,204,-244
New Orleans Pelicans,2016,61,true,-147,124
New Orleans Pelicans,2016,62,false,212,-256
New Orleans Pelicans,2016,63,true,-244,204
New Orleans Pelicans,2016,64,false,173,-204
New Orleans Pelicans,2016,65,false,-154,129
New Orleans Pelicans,2016,66,true,142,-167
New Orleans Pelicans,2016,67,true,-167,141
New Orleans Pelicans,2016,68,false,210,-250
New Orleans Pelicans,2016,69,true,215,-256
New Orleans Pelicans,2016,70,true,-164,139
New Orleans Pelicans,2016,71,true,-145,123
New Orleans Pelicans,2016,72,false,291,-370
New Orleans Pelicans,2016,73,true,272,-345
New Orleans Pelicans,2016,74,false,204,-244
New Orleans Pelicans,2016,75,true,-256,210
New Orleans Pelicans,2016,76,true,-833,564
New Orleans Pelicans,2016,77,false,-385,300
New Orleans Pelicans,2016,78,false,-156,134
New Orleans Pelicans,2016,79,false,252,-312
New Orleans Pelicans,2016,80,false,1368,-3333
New Orleans Pelicans,2016,81,false,118,-139
New Orleans Pelicans,2016,82,true,260,-323
New Orleans Pelicans,2017,1,false,110,-130
New Orleans Pelicans,2017,2,false,349,-455
New Orleans Pelicans,2017,3,true,-196,163
New Orleans Pelicans,2017,4,false,164,-196
New Orleans Pelicans,2017,5,true,-106,-111
New Orleans Pelicans,2017,6,true,121,-143
New Orleans Pelicans,2017,7,false,-294,242
New Orleans Pelicans,2017,8,false,-132,110
New Orleans Pelicans,2017,9,true,-185,156
New Orleans Pelicans,2017,10,true,-217,177
New Orleans Pelicans,2017,11,true,-120,100
New Orleans Pelicans,2017,12,false,175,-213
New Orleans Pelicans,2017,13,true,-233,193
New Orleans Pelicans,2017,14,true,-400,316
New Orleans Pelicans,2017,15,false,-145,124
New Orleans Pelicans,2017,16,false,156,-185
New Orleans Pelicans,2017,17,true,119,-139
New Orleans Pelicans,2017,18,true,-118,-101
New Orleans Pelicans,2017,19,true,-256,212
New Orleans Pelicans,2017,20,false,457,-625
New Orleans Pelicans,2017,21,false,-244,204
New Orleans Pelicans,2017,22,false,-156,133
New Orleans Pelicans,2017,23,true,247,-303
New Orleans Pelicans,2017,24,false,333,-417
New Orleans Pelicans,2017,25,true,-222,181
New Orleans Pelicans,2017,26,false,-476,373
New Orleans Pelicans,2017,27,true,-270,224
New Orleans Pelicans,2017,28,false,683,-1000
New Orleans Pelicans,2017,29,true,-135,114
New Orleans Pelicans,2017,30,false,104,-123
New Orleans Pelicans,2017,31,false,116,-137
New Orleans Pelicans,2017,32,true,-244,204
New Orleans Pelicans,2017,33,true,-164,139
New Orleans Pelicans,2017,34,true,-455,350
New Orleans Pelicans,2017,35,false,-270,222
New Orleans Pelicans,2017,36,false,-227,186
New Orleans Pelicans,2017,37,true,-105,-112
New Orleans Pelicans,2017,38,false,102,-122
New Orleans Pelicans,2017,39,true,-250,202
New Orleans Pelicans,2017,40,false,-106,-111
New Orleans Pelicans,2017,41,true,-169,144
New Orleans Pelicans,2017,42,true,-133,112
New Orleans Pelicans,2017,43,true,188,-227
New Orleans Pelicans,2017,44,false,-139,117
New Orleans Pelicans,2017,45,true,-435,329
New Orleans Pelicans,2017,46,true,-270,224
New Orleans Pelicans,2017,47,true,112,-133
New Orleans Pelicans,2017,48,true,159,-189
New Orleans Pelicans,2017,49,false,-130,110
New Orleans Pelicans,2017,50,false,-435,333
New Orleans Pelicans,2017,51,true,206,-256
New Orleans Pelicans,2017,52,false,296,-370
New Orleans Pelicans,2017,53,false,-110,-109
New Orleans Pelicans,2017,54,false,194,-233
New Orleans Pelicans,2017,55,true,-137,114
New Orleans Pelicans,2017,56,true,131,-156
New Orleans Pelicans,2017,57,true,-217,181
New Orleans Pelicans,2017,58,true,-132,110
New Orleans Pelicans,2017,59,true,158,-189
New Orleans Pelicans,2017,60,true,-323,256
New Orleans Pelicans,2017,61,true,165,-196
New Orleans Pelicans,2017,62,true,-167,140
New Orleans Pelicans,2017,63,true,110,-130
New Orleans Pelicans,2017,64,true,-238,197
New Orleans Pelicans,2017,65,false,136,-161
New Orleans Pelicans,2017,66,false,104,-125
New Orleans Pelicans,2017,67,true,-204,170
New Orleans Pelicans,2017,68,false,158,-185
New Orleans Pelicans,2017,69,false,319,-417
New Orleans Pelicans,2017,70,true,-152,129
New Orleans Pelicans,2017,71,true,-286,240
New Orleans Pelicans,2017,72,true,-118,-101
New Orleans Pelicans,2017,73,true,-141,119
New Orleans Pelicans,2017,74,false,344,-435
New Orleans Pelicans,2017,75,false,102,-120
New Orleans Pelicans,2017,76,false,175,-208
New Orleans Pelicans,2017,77,false,-103,-115
New Orleans Pelicans,2017,78,true,-1429,830
New Orleans Pelicans,2017,79,true,-1000,654
New Orleans Pelicans,2017,80,true,219,-263
New Orleans Pelicans,2017,81,true,-455,358
New Orleans Pelicans,2017,82,true,-156,135
New Orleans Pelicans,2018,1,true,285,-357
New Orleans Pelicans,2018,2,true,-833,572
New Orleans Pelicans,2018,3,true,-233,194
New Orleans Pelicans,2018,4,true,-435,336
New Orleans Pelicans,2018,5,false,192,-227
New Orleans Pelicans,2018,6,false,371,-476
New Orleans Pelicans,2018,7,false,374,-500
New Orleans Pelicans,2018,8,false,225,-278
New Orleans Pelicans,2018,9,false,112,-132
New Orleans Pelicans,2018,10,false,141,-167
New Orleans Pelicans,2018,11,true,-714,518
New Orleans Pelicans,2018,12,true,-455,346
New Orleans Pelicans,2018,13,true,423,-556
New Orleans Pelicans,2018,14,false,-122,102
New Orleans Pelicans,2018,15,true,-769,532
New Orleans Pelicans,2018,16,true,-109,-109
New Orleans Pelicans,2018,17,true,-312,254
New Orleans Pelicans,2018,18,false,145,-172
New Orleans Pelicans,2018,19,false,-333,265
New Orleans Pelicans,2018,20,false,134,-156
New Orleans Pelicans,2018,21,false,-135,114
New Orleans Pelicans,2018,22,true,-263,215
New Orleans Pelicans,2018,23,false,-149,127
New Orleans Pelicans,2018,24,true,125,-147
New Orleans Pelicans,2018,25,false,-123,104
New Orleans Pelicans,2018,26,true,-222,184
New Orleans Pelicans,2018,27,false,-227,186
New Orleans Pelicans,2018,28,true,-143,122
New Orleans Pelicans,2018,29,false,112,-133
New Orleans Pelicans,2018,30,true,117,-137
New Orleans Pelicans,2018,31,false,-244,198
New Orleans Pelicans,2018,32,false,326,-417
New Orleans Pelicans,2018,33,false,184,-222
New Orleans Pelicans,2018,34,false,-114,-104
New Orleans Pelicans,2018,35,false,110,-132
New Orleans Pelicans,2018,36,true,-185,156
New Orleans Pelicans,2018,37,false,136,-161
New Orleans Pelicans,2018,38,true,-217,184
New Orleans Pelicans,2018,39,false,-122,104
New Orleans Pelicans,2018,40,true,-476,369
New Orleans Pelicans,2018,41,true,-196,166
New Orleans Pelicans,2018,42,true,-1667,976
New Orleans Pelicans,2018,43,false,-125,106
New Orleans Pelicans,2018,44,true,-115,-103
New Orleans Pelicans,2018,45,false,235,-294
New Orleans Pelicans,2018,46,false,129,-152
New Orleans Pelicans,2018,47,true,123,-145
New Orleans Pelicans,2018,48,false,-208,172
New Orleans Pelicans,2018,49,false,821,-1429
New Orleans Pelicans,2018,50,false,162,-196
New Orleans Pelicans,2018,51,true,839,-1429
New Orleans Pelicans,2018,52,false,351,-455
New Orleans Pelicans,2018,53,false,457,-625
New Orleans Pelicans,2018,54,false,137,-161
New Orleans Pelicans,2018,55,true,-118,100
New Orleans Pelicans,2018,56,true,-238,197
New Orleans Pelicans,2018,57,false,-102,-118
New Orleans Pelicans,2018,58,false,-196,164
New Orleans Pelicans,2018,59,true,160,-192
New Orleans Pelicans,2018,60,false,177,-213
New Orleans Pelicans,2018,61,true,215,-263
New Orleans Pelicans,2018,62,false,112,-133
New Orleans Pelicans,2018,63,false,215,-263
New Orleans Pelicans,2018,64,true,-185,156
New Orleans Pelicans,2018,65,true,791,-1250
New Orleans Pelicans,2018,66,true,408,-556
New Orleans Pelicans,2018,67,false,167,-200
New Orleans Pelicans,2018,68,false,308,-400
New Orleans Pelicans,2018,69,false,-105,-111
New Orleans Pelicans,2018,70,false,453,-625
New Orleans Pelicans,2018,71,false,341,-435
New Orleans Pelicans,2018,72,false,-196,165
New Orleans Pelicans,2018,73,true,168,-200
New Orleans Pelicans,2018,74,false,355,-455
New Orleans Pelicans,2018,75,false,405,-526
New Orleans Pelicans,2018,76,false,117,-137
New Orleans Pelicans,2018,77,true,222,-270
New Orleans Pelicans,2018,78,false,-159,133
New Orleans Pelicans,2018,79,false,165,-196
New Orleans Pelicans,2018,80,false,-143,120
New Orleans Pelicans,2018,81,true,578,-833
New Orleans Pelicans,2018,82,false,369,-476
New Orleans Pelicans,2019,1,false,225,-278
New Orleans Pelicans,2019,2,false,-132,110
New Orleans Pelicans,2019,3,false,581,-909
New Orleans Pelicans,2019,4,false,-135,114
New Orleans Pelicans,2019,5,true,141,-167
New Orleans Pelicans,2019,6,false,116,-137
New Orleans Pelicans,2019,7,false,141,-167
New Orleans Pelicans,2019,8,false,114,-133
New Orleans Pelicans,2019,9,true,-127,108
New Orleans Pelicans,2019,10,false,257,-323
New Orleans Pelicans,2019,11,true,150,-179
New Orleans Pelicans,2019,12,false,273,-345
New Orleans Pelicans,2019,13,true,-169,142
New Orleans Pelicans,2019,14,true,-156,131
New Orleans Pelicans,2019,15,true,133,-156
New Orleans Pelicans,2019,16,false,189,-227
New Orleans Pelicans,2019,17,false,664,-1000
New Orleans Pelicans,2019,18,false,237,-294
New Orleans Pelicans,2019,19,false,165,-196
New Orleans Pelicans,2019,20,false,-145,122
New Orleans Pelicans,2019,21,false,164,-196
New Orleans Pelicans,2019,22,false,-182,152
New Orleans Pelicans,2019,23,false,353,-455
New Orleans Pelicans,2019,24,false,-109,-109
New Orleans Pelicans,2019,25,false,383,-500
New Orleans Pelicans,2019,26,false,256,-323
New Orleans Pelicans,2019,27,false,-109,-109
New Orleans Pelicans,2019,28,false,108,-128
New Orleans Pelicans,2019,29,true,134,-159
New Orleans Pelicans,2019,30,false,-130,108
New Orleans Pelicans,2019,31,true,197,-238
New Orleans Pelicans,2019,32,true,347,-455
New Orleans Pelicans,2019,33,true,-120,102
New Orleans Pelicans,2019,34,true,-213,177
New Orleans Pelicans,2019,35,false,428,-588
New Orleans Pelicans,2019,36,true,114,-137
New Orleans Pelicans,2019,37,false,145,-172
New Orleans Pelicans,2019,38,true,-164,140
New Orleans Pelicans,2019,39,true,-192,162
New Orleans Pelicans,2019,40,false,533,-769
New Orleans Pelicans,2019,41,true,167,-200
New Orleans Pelicans,2019,42,true,187,-227
New Orleans Pelicans,2019,43,false,193,-233
New Orleans Pelicans,2019,44,true,131,-156
New Orleans Pelicans,2019,45,false,-154,131
New Orleans Pelicans,2019,46,false,-172,147
New Orleans Pelicans,2019,47,true,-114,-104
New Orleans Pelicans,2019,48,true,-400,318
New Orleans Pelicans,2019,49,true,-323,256
New Orleans Pelicans,2019,50,false,173,-208
New Orleans Pelicans,2019,51,false,213,-263
New Orleans Pelicans,2019,52,true,-233,193
New Orleans Pelicans,2019,53,true,172,-204
New Orleans Pelicans,2019,54,true,-149,127
New Orleans Pelicans,2019,55,false,-159,137
New Orleans Pelicans,2019,56,true,-222,181
New Orleans Pelicans,2019,57,true,-556,408
New Orleans Pelicans,2019,58,false,258,-323
New Orleans Pelicans,2019,59,true,-1000,676
New Orleans Pelicans,2019,60,false,-123,104
New Orleans Pelicans,2019,61,false,-625,469
New Orleans Pelicans,2019,62,false,206,-250
New Orleans Pelicans,2019,63,true,-119,102
New Orleans Pelicans,2019,64,true,-286,235
New Orleans Pelicans,2019,65,false,-137,117
New Orleans Pelicans,2019,66,false,183,-213
New Orleans Pelicans,2019,67,true,-196,170
New Orleans Pelicans,2019,68,false,-182,156
New Orleans Pelicans,2019,69,true,-357,293
New Orleans Pelicans,2019,70,false,-167,146
New Orleans Pelicans,2019,71,false,127,-145
New Orleans Pelicans,2019,72,false,146,-167
New Orleans Pelicans,2020,1,true,142,-167
New Orleans Pelicans,2020,2,false,127,-149
New Orleans Pelicans,2020,3,true,-204,172
New Orleans Pelicans,2020,4,false,110,-128
New Orleans Pelicans,2020,5,true,-222,185
New Orleans Pelicans,2020,6,true,-104,-114
New Orleans Pelicans,2020,7,false,-127,108
New Orleans Pelicans,2020,8,false,-345,279
New Orleans Pelicans,2020,9,false,-286,237
New Orleans Pelicans,2020,10,false,418,-556
New Orleans Pelicans,2020,11,false,334,-417
New Orleans Pelicans,2020,12,true,-141,120
New Orleans Pelicans,2020,13,false,216,-256
New Orleans Pelicans,2020,14,false,233,-278
New Orleans Pelicans,2020,15,false,-370,300
New Orleans Pelicans,2020,16,true,-345,281
New Orleans Pelicans,2020,17,true,227,-270
New Orleans Pelicans,2020,18,false,-128,110
New Orleans Pelicans,2020,19,false,-139,119
New Orleans Pelicans,2020,20,true,125,-143
New Orleans Pelicans,2020,21,true,104,-122
New Orleans Pelicans,2020,22,true,-104,-112
New Orleans Pelicans,2020,23,true,-256,215
New Orleans Pelicans,2020,24,false,-139,120
New Orleans Pelicans,2020,25,false,125,-145
New Orleans Pelicans,2020,26,false,-217,181
New Orleans Pelicans,2020,27,true,-119,102
New Orleans Pelicans,2020,28,false,-172,148
New Orleans Pelicans,2020,29,false,138,-161
New Orleans Pelicans,2020,30,true,116,-133
New Orleans Pelicans,2020,31,true,-667,487
New Orleans Pelicans,2020,32,false,273,-333
New Orleans Pelicans,2020,33,false,-132,112
New Orleans Pelicans,2020,34,true,227,-270
New Orleans Pelicans,2020,35,false,-238,200
New Orleans Pelicans,2020,36,false,110,-128
New Orleans Pelicans,2020,37,false,-345,282
New Orleans Pelicans,2020,38,true,-278,227
New Orleans Pelicans,2020,39,true,197,-233
New Orleans Pelicans,2020,40,false,108,-127
New Orleans Pelicans,2020,41,false,100,-119
New Orleans Pelicans,2020,42,true,208,-250
New Orleans Pelicans,2020,43,true,-222,186
New Orleans Pelicans,2020,44,false,118,-139
New Orleans Pelicans,2020,45,true,-217,181
New Orleans Pelicans,2020,46,true,124,-145
New Orleans Pelicans,2020,47,false,-213,177
New Orleans Pelicans,2020,48,false,102,-119
New Orleans Pelicans,2020,49,true,-141,122
New Orleans Pelicans,2020,50,false,140,-161
New Orleans Pelicans,2020,51,false,316,-385
New Orleans Pelicans,2020,52,true,190,-222
New Orleans Pelicans,2020,53,true,-417,336
New Orleans Pelicans,2020,54,true,-130,112
New Orleans Pelicans,2020,55,false,-132,112
New Orleans Pelicans,2020,56,false,-149,129
New Orleans Pelicans,2020,57,false,-120,102
New Orleans Pelicans,2020,58,false,-145,124
New Orleans Pelicans,2020,59,true,-455,368
New Orleans Pelicans,2020,60,false,-152,131
New Orleans Pelicans,2020,61,true,110,-132
New Orleans Pelicans,2020,62,false,144,-169
New Orleans Pelicans,2020,63,true,-435,349
New Orleans Pelicans,2020,64,true,-161,138
New Orleans Pelicans,2020,65,false,-125,108
New Orleans Pelicans,2020,66,true,-125,106
New Orleans Pelicans,2020,67,false,537,-714
New Orleans Pelicans,2020,68,true,131,-152
New Orleans Pelicans,2020,69,false,368,-476
New Orleans Pelicans,2020,70,false,366,-476
New Orleans Pelicans,2020,71,false,-102,-114
New Orleans Pelicans,2020,72,false,351,-455
New Orleans Pelicans,2021,1,false,137,-156
New Orleans Pelicans,2021,2,false,213,-256
New Orleans Pelicans,2021,3,false,249,-303
New Orleans Pelicans,2021,4,true,191,-227
New Orleans Pelicans,2021,5,false,175,-204
New Orleans Pelicans,2021,6,false,100,-116
New Orleans Pelicans,2021,7,false,284,-345
New Orleans Pelicans,2021,8,false,413,-526
New Orleans Pelicans,2021,9,false,189,-222
New Orleans Pelicans,2021,10,false,361,-455
New Orleans Pelicans,2021,11,false,337,-417
New Orleans Pelicans,2021,12,false,-182,154
New Orleans Pelicans,2021,13,false,353,-455
New Orleans Pelicans,2021,14,true,135,-159
New Orleans Pelicans,2021,15,false,156,-185
New Orleans Pelicans,2021,16,false,224,-270
New Orleans Pelicans,2021,17,true,158,-185
New Orleans Pelicans,2021,18,false,260,-323
New Orleans Pelicans,2021,19,false,137,-159
New Orleans Pelicans,2021,20,true,143,-167
New Orleans Pelicans,2021,21,true,669,-1000
New Orleans Pelicans,2021,22,false,635,-909
New Orleans Pelicans,2021,23,true,243,-294
New Orleans Pelicans,2021,24,false,150,-175
New Orleans Pelicans,2021,25,true,242,-294
New Orleans Pelicans,2021,26,false,-145,125
New Orleans Pelicans,2021,27,false,112,-132
New Orleans Pelicans,2021,28,true,-250,208
New Orleans Pelicans,2021,29,false,110,-128
New Orleans Pelicans,2021,30,true,-189,160
New Orleans Pelicans,2021,31,true,-120,102
New Orleans Pelicans,2021,32,true,-123,106
New Orleans Pelicans,2021,33,true,-192,166
New Orleans Pelicans,2021,34,false,-125,106
New Orleans Pelicans,2021,35,true,167,-196
New Orleans Pelicans,2021,36,false,597,-833
New Orleans Pelicans,2021,37,false,338,-417
New Orleans Pelicans,2021,38,false,229,-278
New Orleans Pelicans,2021,39,true,-118,100
New Orleans Pelicans,2021,40,false,244,-294
New Orleans Pelicans,2021,41,true,134,-156
New Orleans Pelicans,2021,42,true,-167,142
New Orleans Pelicans,2021,43,false,189,-227
New Orleans Pelicans,2021,44,false,150,-175
New Orleans Pelicans,2021,45,true,138,-161
New Orleans Pelicans,2021,46,true,-167,143
New Orleans Pelicans,2021,47,false,473,-625
New Orleans Pelicans,2021,48,false,148,-172
New Orleans Pelicans,2021,49,false,223,-263
New Orleans Pelicans,2021,50,false,177,-200
New Orleans Pelicans,2021,51,true,-123,108
New Orleans Pelicans,2021,52,true,181,-217
New Orleans Pelicans,2021,53,true,-250,211
New Orleans Pelicans,2021,54,true,-385,313
New Orleans Pelicans,2021,55,false,146,-169
New Orleans Pelicans,2021,56,false,-238,200
New Orleans Pelicans,2021,57,true,139,-161
New Orleans Pelicans,2021,58,false,134,-159
New Orleans Pelicans,2021,59,false,119,-139
New Orleans Pelicans,2021,60,true,206,-244
New Orleans Pelicans,2021,61,true,117,-137
New Orleans Pelicans,2021,62,true,-244,206
New Orleans Pelicans,2021,63,true,166,-192
New Orleans Pelicans,2021,64,false,154,-182
New Orleans Pelicans,2021,65,false,281,-345
New Orleans Pelicans,2021,66,false,-370,298
New Orleans Pelicans,2021,67,false,135,-156
New Orleans Pelicans,2021,68,true,-263,220
New Orleans Pelicans,2021,69,false,160,-185
New Orleans Pelicans,2021,70,true,102,-119
New Orleans Pelicans,2021,71,true,175,-204
New Orleans Pelicans,2021,72,false,183,-217
New Orleans Pelicans,2021,73,true,-152,131
New Orleans Pelicans,2021,74,false,-244,202
New Orleans Pelicans,2021,75,true,-154,131
New Orleans Pelicans,2021,76,true,-1429,844
New Orleans Pelicans,2021,77,true,112,-130
New Orleans Pelicans,2021,78,false,110,-128
New Orleans Pelicans,2021,79,true,-323,267
New Orleans Pelicans,2021,80,true,-2000,1084
New Orleans Pelicans,2021,81,false,256,-312
New Orleans Pelicans,2021,82,false,223,-270
New Orleans Pelicans,2022,1,true,125,-149
New Orleans Pelicans,2022,2,true,-270,218
New Orleans Pelicans,2022,3,false,-345,270
New Orleans Pelicans,2022,4,true,177,-217
New Orleans Pelicans,2022,5,false,266,-333
New Orleans Pelicans,2022,6,true,110,-132
New Orleans Pelicans,2022,7,false,-135,114
New Orleans Pelicans,2022,8,true,-526,393
New Orleans Pelicans,2022,9,false,108,-128
New Orleans Pelicans,2022,10,false,-204,168
New Orleans Pelicans,2022,11,true,-130,108
New Orleans Pelicans,2022,12,false,-476,343
New Orleans Pelicans,2022,13,true,-526,387
New Orleans Pelicans,2022,14,true,-119,100
New Orleans Pelicans,2022,15,true,-123,104
New Orleans Pelicans,2022,16,false,125,-149
New Orleans Pelicans,2022,17,true,-588,423
New Orleans Pelicans,2022,18,true,-213,175
New Orleans Pelicans,2022,19,false,112,-133
New Orleans Pelicans,2022,20,true,-213,174
New Orleans Pelicans,2022,21,true,117,-139
New Orleans Pelicans,2022,22,true,-286,229
New Orleans Pelicans,2022,23,true,-128,108
New Orleans Pelicans,2022,24,true,-556,417
New Orleans Pelicans,2022,25,true,-103,-116
New Orleans Pelicans,2022,26,true,-161,136
New Orleans Pelicans,2022,27,false,-130,108
New Orleans Pelicans,2022,28,false,-115,-104
New Orleans Pelicans,2022,29,false,125,-149
New Orleans Pelicans,2022,30,false,-109,-110
New Orleans Pelicans,2022,31,true,-357,278
New Orleans Pelicans,2022,32,true,106,-127
New Orleans Pelicans,2022,33,true,-128,108
New Orleans Pelicans,2022,34,true,-250,204
New Orleans Pelicans,2022,35,true,-102,-118
New Orleans Pelicans,2022,36,false,208,-250
New Orleans Pelicans,2022,37,false,172,-208
New Orleans Pelicans,2022,38,true,-286,229
New Orleans Pelicans,2022,39,false,156,-189
New Orleans Pelicans,2022,40,false,296,-385
New Orleans Pelicans,2022,41,true,104,-123
New Orleans Pelicans,2022,42,false,316,-417
New Orleans Pelicans,2022,43,true,-222,179
New Orleans Pelicans,2022,44,false,237,-303
New Orleans Pelicans,2022,45,false,136,-161
New Orleans Pelicans,2022,46,false,-110,-109
New Orleans Pelicans,2022,47,false,231,-286
New Orleans Pelicans,2022,48,false,125,-149
New Orleans Pelicans,2022,49,false,-141,118
New Orleans Pelicans,2022,50,false,-213,174
New Orleans Pelicans,2022,51,false,393,-526
New Orleans Pelicans,2022,52,false,217,-270
New Orleans Pelicans,2022,53,false,164,-192
New Orleans Pelicans,2022,54,true,-118,100
New Orleans Pelicans,2022,55,true,110,-128
New Orleans Pelicans,2022,56,true,-112,-105
New Orleans Pelicans,2022,57,false,129,-149
New Orleans Pelicans,2022,58,true,127,-147
New Orleans Pelicans,2022,59,false,166,-189
New Orleans Pelicans,2022,60,false,158,-185
New Orleans Pelicans,2022,61,false,146,-169
New Orleans Pelicans,2022,62,false,-196,166
New Orleans Pelicans,2022,63,true,127,-147
New Orleans Pelicans,2022,64,false,165,-200
New Orleans Pelicans,2022,65,false,164,-196
New Orleans Pelicans,2022,66,true,117,-139
New Orleans Pelicans,2022,67,false,-110,-109
New Orleans Pelicans,2022,68,true,-141,120
New Orleans Pelicans,2022,69,false,-118,-102
New Orleans Pelicans,2022,70,false,-222,181
New Orleans Pelicans,2022,71,true,-227,185
New Orleans Pelicans,2022,72,true,-909,592
New Orleans Pelicans,2022,73,true,-400,312
New Orleans Pelicans,2022,74,true,163,-192
New Orleans Pelicans,2022,75,true,-667,473
New Orleans Pelicans,2022,76,false,289,-370
New Orleans Pelicans,2022,77,true,110,-130
New Orleans Pelicans,2022,78,true,-175,150
New Orleans Pelicans,2022,79,false,-172,148
New Orleans Pelicans,2022,80,true,-256,212
New Orleans Pelicans,2022,81,true,-345,278
New Orleans Pelicans,2022,82,false,135,-159
New Orleans Pelicans,2023,1,true,-103,-115
New Orleans Pelicans,2023,2,true,-147,127
New Orleans Pelicans,2023,3,false,-156,133
New Orleans Pelicans,2023,4,true,135,-156
New Orleans Pelicans,2023,5,true,-192,162
New Orleans Pelicans,2023,6,false,-130,110
New Orleans Pelicans,2023,7,false,206,-250
New Orleans Pelicans,2023,8,false,328,-435
New Orleans Pelicans,2023,9,false,125,-145
New Orleans Pelicans,2023,10,false,138,-159
New Orleans Pelicans,2023,11,true,136,-159
New Orleans Pelicans,2023,12,true,161,-189
New Orleans Pelicans,2023,13,false,234,-286
New Orleans Pelicans,2023,14,true,102,-120
New Orleans Pelicans,2023,15,true,100,-118
New Orleans Pelicans,2023,16,true,172,-200
New Orleans Pelicans,2023,17,false,-152,127
New Orleans Pelicans,2023,18,false,-244,199
New Orleans Pelicans,2023,19,true,-135,117
New Orleans Pelicans,2023,20,true,-714,521
New Orleans Pelicans,2023,21,false,-123,106
New Orleans Pelicans,2023,22,true,-161,139
New Orleans Pelicans,2023,23,true,-263,214
New Orleans Pelicans,2023,24,true,-417,329
New Orleans Pelicans,2023,25,true,-312,247
New Orleans Pelicans,2023,26,false,-370,300
New Orleans Pelicans,2023,27,true,-159,136
New Orleans Pelicans,2023,28,false,-286,234
New Orleans Pelicans,2023,29,false,-185,154
New Orleans Pelicans,2023,30,true,-385,300
New Orleans Pelicans,2023,31,true,-233,187
New Orleans Pelicans,2023,32,true,-227,181
New Orleans Pelicans,2023,33,true,194,-238
New Orleans Pelicans,2023,34,false,-106,-110
New Orleans Pelicans,2023,35,true,154,-182
New Orleans Pelicans,2023,36,true,-141,121
New Orleans Pelicans,2023,37,false,189,-233
New Orleans Pelicans,2023,38,true,177,-213
New Orleans Pelicans,2023,39,false,-192,163
New Orleans Pelicans,2023,40,true,-714,501
New Orleans Pelicans,2023,41,false,-137,118
New Orleans Pelicans,2023,42,true,-263,215
New Orleans Pelicans,2023,43,false,104,-122
New Orleans Pelicans,2023,44,false,136,-159
New Orleans Pelicans,2023,45,false,256,-323
New Orleans Pelicans,2023,46,true,-101,-116
New Orleans Pelicans,2023,47,true,-333,273
New Orleans Pelicans,2023,48,true,-526,393
New Orleans Pelicans,2023,49,true,177,-208
New Orleans Pelicans,2023,50,false,-141,120
New Orleans Pelicans,2023,51,true,-345,277
New Orleans Pelicans,2023,52,true,-455,345
New Orleans Pelicans,2023,53,true,-1111,698
New Orleans Pelicans,2023,54,true,-263,213
New Orleans Pelicans,2023,55,false,-132,112
New Orleans Pelicans,2023,56,false,-200,167
New Orleans Pelicans,2023,57,true,-250,204
New Orleans Pelicans,2023,58,false,141,-167
New Orleans Pelicans,2023,59,true,-204,170
New Orleans Pelicans,2023,60,true,-455,348
New Orleans Pelicans,2023,61,true,-323,265
New Orleans Pelicans,2023,62,true,-238,202
New Orleans Pelicans,2023,63,false,-233,187
New Orleans Pelicans,2023,64,true,-263,213
New Orleans Pelicans,2023,65,true,-909,601
New Orleans Pelicans,2023,66,true,-278,220
New Orleans Pelicans,2023,67,false,-139,119
New Orleans Pelicans,2023,68,true,121,-141
New Orleans Pelicans,2023,69,true,-1250,786
New Orleans Pelicans,2023,70,false,-103,-114
New Orleans Pelicans,2023,71,true,112,-133
New Orleans Pelicans,2023,72,false,193,-238
New Orleans Pelicans,2023,73,false,-118,100
New Orleans Pelicans,2023,74,false,-196,164
New Orleans Pelicans,2023,75,false,-667,473
New Orleans Pelicans,2023,76,true,185,-227
New Orleans Pelicans,2023,77,true,-1000,654
New Orleans Pelicans,2023,78,true,102,-120
New Orleans Pelicans,2023,79,true,154,-185
New Orleans Pelicans,2023,80,false,-123,104
New Orleans Pelicans,2024,1,true,-200,165
New Orleans Pelicans,2024,2,true,-263,209
New Orleans Pelicans,2024,3,false,-256,202
New Orleans Pelicans,2024,4,false,-132,110
New Orleans Pelicans,2024,5,false,137,-164
New Orleans Pelicans,2024,6,true,154,-185
New Orleans Pelicans,2024,7,false,-102,-118
New Orleans Pelicans,2024,8,false,-116,-102
New Orleans Pelicans,2024,9,false,215,-270
New Orleans Pelicans,2024,10,false,275,-345
New Orleans Pelicans,2024,11,false,102,-122
New Orleans Pelicans,2024,12,false,691,-1111
New Orleans Pelicans,2024,13,true,108,-130
New Orleans Pelicans,2024,14,false,259,-333
New Orleans Pelicans,2024,15,false,609,-909
New Orleans Pelicans,2024,16,false,636,-1000
New Orleans Pelicans,2024,17,false,370,-500
New Orleans Pelicans,2024,18,false,254,-323
New Orleans Pelicans,2024,19,false,-115,-103
New Orleans Pelicans,2024,20,false,484,-667
New Orleans Pelicans,2024,21,false,511,-714
New Orleans Pelicans,2024,22,false,325,-417
New Orleans Pelicans,2024,23,true,104,-125
New Orleans Pelicans,2024,24,false,260,-323
New Orleans Pelicans,2024,25,false,225,-278
New Orleans Pelicans,2024,26,false,222,-278
New Orleans Pelicans,2024,27,false,224,-278
New Orleans Pelicans,2024,28,false,322,-417
New Orleans Pelicans,2024,29,false,260,-323
New Orleans Pelicans,2024,30,false,303,-385
New Orleans Pelicans,2024,31,false,220,-270
New Orleans Pelicans,2024,32,false,235,-294
New Orleans Pelicans,2024,33,false,158,-192
New Orleans Pelicans,2024,34,false,296,-385
New Orleans Pelicans,2024,35,true,-312,246
New Orleans Pelicans,2024,36,true,-244,195
New Orleans Pelicans,2024,37,false,148,-179
New Orleans Pelicans,2024,38,false,-127,106
New Orleans Pelicans,2024,39,true,225,-286
New Orleans Pelicans,2024,40,false,731,-1250
New Orleans Pelicans,2024,41,true,106,-127
New Orleans Pelicans,2024,42,true,-116,-103
New Orleans Pelicans,2024,43,true,-625,459
New Orleans Pelicans,2024,44,true,-588,425
New Orleans Pelicans,2024,45,false,330,-455
New Orleans Pelicans,2024,46,false,-127,106
New Orleans Pelicans,2024,47,false,-111,-109
New Orleans Pelicans,2024,48,false,-105,-114
New Orleans Pelicans,2024,49,false,484,-667
New Orleans Pelicans,2024,50,false,333,-435
New Orleans Pelicans,2024,51,false,395,-556
New Orleans Pelicans,2024,52,false,265,-333
New Orleans Pelicans,2024,53,false,969,-1667
New Orleans Pelicans,2024,54,false,187,-227
New Orleans Pelicans,2024,55,true,275,-345
New Orleans Pelicans,2024,56,false,184,-222
New Orleans Pelicans,2024,57,true,-133,112
New Orleans Pelicans,2024,58,true,-139,117
New Orleans Pelicans,2024,59,true,213,-270
New Orleans Pelicans,2024,60,false,325,-417
New Orleans Pelicans,2024,61,true,-294,237
New Orleans Pelicans,2024,62,false,261,-323
New Orleans Pelicans,2024,63,false,136,-161
New Orleans Pelicans,2024,64,false,229,-286
New Orleans Pelicans,2024,65,false,369,-476
New Orleans Pelicans,2024,66,true,258,-312
New Orleans Pelicans,2024,67,false,108,-128
New Orleans Pelicans,2024,68,false,-115,-103
New Orleans Pelicans,2024,69,false,202,-244
New Orleans Pelicans,2024,70,true,551,-833
New Orleans Pelicans,2024,71,false,773,-1250
New Orleans Pelicans,2024,72,false,507,-714
New Orleans Pelicans,2024,73,true,-147,125
New Orleans Pelicans,2024,74,false,816,-1250
New Orleans Pelicans,2024,75,true,-137,117
New Orleans Pelicans,2024,76,false,1118,-2500
New Orleans Pelicans,2024,77,false,783,-1429
New Orleans Pelicans,2024,78,false,194,-233
New Orleans Pelicans,2024,79,false,100,-123
New Orleans Pelicans,2024,80,false,802,-1429
New Orleans Pelicans,2024,81,false,698,-1250
New Orleans Pelicans,2024,82,false,518,-769
New Orleans Pelicans,2025,1,false,145,-169
New Orleans Pelicans,2025,2,false,145,-169
New Orleans Pelicans,2025,3,false,160,-189
New Orleans Pelicans,2025,4,false,475,-667
New Orleans Pelicans,2025,5,false,400,-556
New Orleans Pelicans,2025,6,false,550,-714
New Orleans Pelicans,2025,7,true,-149,125
New Orleans Pelicans,2025,8,true,260,-312
New Orleans Pelicans,2025,9,false,400,-556
New Orleans Pelicans,2025,10,false,275,-345
New Orleans Pelicans,2025,11,false,280,-345
New Orleans Pelicans,2025,12,false,350,-455
New Orleans Pelicans,2025,13,false,400,-556
New Orleans Pelicans,2025,14,false,1150,-2000
New Orleans Pelicans,2025,15,false,425,-588
New Orleans Pelicans,2025,16,false,135,-159
New Orleans Pelicans,2025,17,false,350,-455
New Orleans Pelicans,2025,18,true,165,-189
New Orleans Pelicans,2025,19,false,135,-159
New Orleans Pelicans,2025,20,false,350,-417
New Orleans Pelicans,2025,21,false,850,-1429
New Orleans Pelicans,2025,22,false,500,-667
New Orleans Pelicans,2025,23,false,450,-588
New Orleans Pelicans,2025,24,false,145,-167
New Orleans Pelicans,2025,25,false,320,-400
New Orleans Pelicans,2025,26,true,146,-169
New Orleans Pelicans,2025,27,true,160,-179
New Orleans Pelicans,2025,28,true,325,-400
New Orleans Pelicans,2025,29,true,-135,118
New Orleans Pelicans,2025,30,true,-102,-115
New Orleans Pelicans,2025,31,false,330,-400
New Orleans Pelicans,2025,32,false,165,-182
New Orleans Pelicans,2025,33,false,154,-185
New Orleans Pelicans,2025,34,false,275,-333
New Orleans Pelicans,2025,35,false,104,-120
New Orleans Pelicans,2025,36,false,138,-159
New Orleans Pelicans,2025,37,false,250,-294
New Orleans Pelicans,2025,38,false,190,-222
New Orleans Pelicans,2025,39,false,350,-455
New Orleans Pelicans,2025,40,true,-147,125
New Orleans Pelicans,2025,41,false,225,-263
New Orleans Pelicans,2025,42,false,120,-133
New Orleans Pelicans,2025,43,true,-110,-102
New Orleans Pelicans,2025,44,false,158,-185
New Orleans Pelicans,2025,45,false,610,-833
New Orleans Pelicans,2025,46,false,235,-270
New Orleans Pelicans,2025,47,true,165,-196
New Orleans Pelicans,2025,48,true,400,-526
New Orleans Pelicans,2025,49,false,575,-833
New Orleans Pelicans,2025,50,true,-154,138
New Orleans Pelicans,2025,51,false,185,-222
New Orleans Pelicans,2025,52,false,204,-250
New Orleans Pelicans,2025,53,false,-179,154
New Orleans Pelicans,2025,54,true,280,-333
New Orleans Pelicans,2025,55,true,-385,309
New Orleans Pelicans,2025,56,false,-120,104
New Orleans Pelicans,2025,57,false,-179,150
New Orleans Pelicans,2025,58,true,142,-164
New Orleans Pelicans,2025,59,true,100,-118
New Orleans Pelicans,2025,60,true,-233,200
New Orleans Pelicans,2025,61,true,-213,185
New Orleans Pelicans,2025,62,false,275,-333
New Orleans Pelicans,2025,63,false,280,-345
New Orleans Pelicans,2025,64,true,-263,220
New Orleans Pelicans,2025,65,false,150,-179
New Orleans Pelicans,2025,66,true,-526,400
New Orleans Pelicans,2025,67,true,120,-141
New Orleans Pelicans,2025,68,false,190,-222
New Orleans Pelicans,2025,69,true,-333,270
New Orleans Pelicans,2025,70,true,110,-130
New Orleans Pelicans,2025,71,true,-167,150
New Orleans Pelicans,2025,72,false,170,-200
New Orleans Pelicans,2025,73,false,295,-357
New Orleans Pelicans,2025,74,false,179,-200
New Orleans Pelicans,2025,75,false,275,-333
New Orleans Pelicans,2025,76,false,200,-238
New Orleans Pelicans,2025,77,false,200,-227
New Orleans Pelicans,2025,78,false,-233,204
New Orleans Pelicans,2025,79,false,210,-238
New Orleans Pelicans,2025,80,true,-270,225
New Orleans Pelicans,2025,81,false,1200,-2000
New Orleans Pelicans,2025,82,false,150,-167
New York Knicks,2016,1,false,390,-526
New York Knicks,2016,2,true,-147,125
New York Knicks,2016,3,false,152,-179
New York Knicks,2016,4,false,-112,-105
New York Knicks,2016,5,true,269,-345
New York Knicks,2016,6,false,118,-141
New York Knicks,2016,7,true,-370,289
New York Knicks,2016,8,false,173,-208
New York Knicks,2016,9,false,259,-323
New York Knicks,2016,10,true,-179,152
New York Knicks,2016,11,true,-125,106
New York Knicks,2016,12,false,175,-213
New York Knicks,2016,13,true,159,-185
New York Knicks,2016,14,true,-125,104
New York Knicks,2016,15,true,108,-128
New York Knicks,2016,16,false,195,-238
New York Knicks,2016,17,false,-106,-111
New York Knicks,2016,18,true,147,-172
New York Knicks,2016,19,true,114,-135
New York Knicks,2016,20,true,-122,102
New York Knicks,2016,21,true,-101,-116
New York Knicks,2016,22,false,305,-385
New York Knicks,2016,23,true,195,-233
New York Knicks,2016,24,true,-139,118
New York Knicks,2016,25,false,-135,114
New York Knicks,2016,26,false,1310,-3333
New York Knicks,2016,27,false,149,-179
New York Knicks,2016,28,true,-185,156
New York Knicks,2016,29,true,-185,158
New York Knicks,2016,30,false,117,-139
New York Knicks,2016,31,false,168,-204
New York Knicks,2016,32,false,133,-156
New York Knicks,2016,33,false,698,-1000
New York Knicks,2016,34,false,-175,149
New York Knicks,2016,35,false,142,-167
New York Knicks,2016,36,true,174,-208
New York Knicks,2016,37,false,244,-303
New York Knicks,2016,38,false,-167,142
New York Knicks,2016,39,false,-132,110
New York Knicks,2016,40,true,-152,129
New York Knicks,2016,41,false,430,-588
New York Knicks,2016,42,false,122,-145
New York Knicks,2016,43,true,371,-476
New York Knicks,2016,44,false,102,-122
New York Knicks,2016,45,false,-213,177
New York Knicks,2016,46,true,192,-233
New York Knicks,2016,47,false,129,-152
New York Knicks,2016,48,true,-103,-116
New York Knicks,2016,49,false,211,-256
New York Knicks,2016,50,false,288,-370
New York Knicks,2016,51,true,-143,121
New York Knicks,2016,52,false,158,-185
New York Knicks,2016,53,false,-208,173
New York Knicks,2016,54,false,-103,-115
New York Knicks,2016,55,false,-132,110
New York Knicks,2016,56,true,351,-455
New York Knicks,2016,57,false,243,-294
New York Knicks,2016,58,false,468,-625
New York Knicks,2016,59,true,-270,222
New York Knicks,2016,60,false,137,-161
New York Knicks,2016,61,true,110,-132
New York Knicks,2016,62,false,-127,108
New York Knicks,2016,63,false,483,-667
New York Knicks,2016,64,true,138,-161
New York Knicks,2016,65,false,222,-270
New York Knicks,2016,66,false,215,-263
New York Knicks,2016,67,false,-105,-114
New York Knicks,2016,68,true,136,-161
New York Knicks,2016,69,false,-213,177
New York Knicks,2016,70,false,470,-625
New York Knicks,2016,71,false,587,-833
New York Knicks,2016,72,false,791,-1250
New York Knicks,2016,73,false,1215,-2500
New York Knicks,2016,74,true,-101,-118
New York Knicks,2016,75,false,121,-143
New York Knicks,2016,76,true,487,-667
New York Knicks,2016,77,false,276,-345
New York Knicks,2016,78,true,164,-196
New York Knicks,2016,79,false,215,-263
New York Knicks,2016,80,false,739,-1111
New York Knicks,2016,81,false,373,-476
New York Knicks,2016,82,true,-145,124
New York Knicks,2017,1,false,587,-833
New York Knicks,2017,2,false,104,-123
New York Knicks,2017,3,false,241,-294
New York Knicks,2017,4,true,-137,114
New York Knicks,2017,5,true,445,-625
New York Knicks,2017,6,true,152,-179
New York Knicks,2017,7,false,194,-238
New York Knicks,2017,8,true,-179,150
New York Knicks,2017,9,true,-104,-114
New York Knicks,2017,10,true,114,-135
New York Knicks,2017,11,false,297,-370
New York Knicks,2017,12,true,-263,216
New York Knicks,2017,13,false,181,-222
New York Knicks,2017,14,true,-172,146
New York Knicks,2017,15,false,264,-333
New York Knicks,2017,16,true,112,-130
New York Knicks,2017,17,true,146,-169
New York Knicks,2017,18,false,108,-128
New York Knicks,2017,19,false,1489,-3333
New York Knicks,2017,20,false,106,-123
New York Knicks,2017,21,true,-122,102
New York Knicks,2017,22,false,118,-139
New York Knicks,2017,23,false,465,-625
New York Knicks,2017,24,true,-127,106
New York Knicks,2017,25,false,-161,139
New York Knicks,2017,26,true,-233,193
New York Knicks,2017,27,true,-141,120
New York Knicks,2017,28,true,102,-119
New York Knicks,2017,29,true,154,-182
New York Knicks,2017,30,false,272,-333
New York Knicks,2017,31,true,125,-147
New York Knicks,2017,32,false,222,-270
New York Knicks,2017,33,false,-104,-111
New York Knicks,2017,34,false,106,-125
New York Knicks,2017,35,false,473,-667
New York Knicks,2017,36,true,186,-227
New York Knicks,2017,37,false,177,-213
New York Knicks,2017,38,false,362,-476
New York Knicks,2017,39,false,198,-238
New York Knicks,2017,40,true,177,-213
New York Knicks,2017,41,false,-204,171
New York Knicks,2017,42,false,334,-435
New York Knicks,2017,43,false,112,-133
New York Knicks,2017,44,true,138,-164
New York Knicks,2017,45,false,-139,118
New York Knicks,2017,46,true,186,-227
New York Knicks,2017,47,false,-127,108
New York Knicks,2017,48,false,1088,-2000
New York Knicks,2017,49,false,233,-286
New York Knicks,2017,50,true,-116,-102
New York Knicks,2017,51,true,-233,192
New York Knicks,2017,52,false,200,-238
New York Knicks,2017,53,false,161,-192
New York Knicks,2017,54,false,-233,190
New York Knicks,2017,55,false,-119,100
New York Knicks,2017,56,false,808,-1250
New York Knicks,2017,57,false,272,-345
New York Knicks,2017,58,false,507,-714
New York Knicks,2017,59,false,159,-189
New York Knicks,2017,60,true,137,-161
New York Knicks,2017,61,false,185,-227
New York Knicks,2017,62,false,695,-1111
New York Knicks,2017,63,false,328,-417
New York Knicks,2017,64,false,-152,127
New York Knicks,2017,65,false,418,-556
New York Knicks,2017,66,false,407,-526
New York Knicks,2017,67,false,411,-556
New York Knicks,2017,68,false,-110,-108
New York Knicks,2017,69,false,430,-588
New York Knicks,2017,70,true,222,-263
New York Knicks,2017,71,true,-213,175
New York Knicks,2017,72,false,412,-556
New York Knicks,2017,73,false,265,-323
New York Knicks,2017,74,true,490,-667
New York Knicks,2017,75,false,586,-833
New York Knicks,2017,76,false,919,-1429
New York Knicks,2017,77,false,167,-200
New York Knicks,2017,78,false,-115,-103
New York Knicks,2017,79,true,347,-455
New York Knicks,2017,80,false,318,-400
New York Knicks,2017,81,false,678,-1000
New York Knicks,2017,82,true,308,-385
New York Knicks,2018,1,true,-164,140
New York Knicks,2018,2,false,145,-172
New York Knicks,2018,3,false,376,-500
New York Knicks,2018,4,false,564,-769
New York Knicks,2018,5,false,294,-370
New York Knicks,2018,6,false,657,-1000
New York Knicks,2018,7,true,-114,-103
New York Knicks,2018,8,false,206,-250
New York Knicks,2018,9,true,195,-238
New York Knicks,2018,10,false,222,-270
New York Knicks,2018,11,false,-143,121
New York Knicks,2018,12,true,-118,100
New York Knicks,2018,13,false,993,-1667
New York Knicks,2018,14,false,-161,137
New York Knicks,2018,15,false,308,-400
New York Knicks,2018,16,false,532,-769
New York Knicks,2018,17,false,160,-189
New York Knicks,2018,18,false,237,-294
New York Knicks,2018,19,true,936,-1667
New York Knicks,2018,20,true,265,-333
New York Knicks,2018,21,true,286,-357
New York Knicks,2018,22,false,257,-323
New York Knicks,2018,23,false,672,-1000
New York Knicks,2018,24,true,309,-400
New York Knicks,2018,25,false,114,-135
New York Knicks,2018,26,false,797,-1250
New York Knicks,2018,27,false,-130,108
New York Knicks,2018,28,false,202,-250
New York Knicks,2018,29,false,-115,-104
New York Knicks,2018,30,true,438,-588
New York Knicks,2018,31,false,585,-833
New York Knicks,2018,32,false,100,-119
New York Knicks,2018,33,false,674,-1000
New York Knicks,2018,34,false,-133,112
New York Knicks,2018,35,false,376,-500
New York Knicks,2018,36,false,911,-1667
New York Knicks,2018,37,false,588,-833
New York Knicks,2018,38,false,768,-1250
New York Knicks,2018,39,true,191,-233
New York Knicks,2018,40,false,572,-833
New York Knicks,2018,41,false,1451,-3333
New York Knicks,2018,42,false,305,-385
New York Knicks,2018,43,false,297,-370
New York Knicks,2018,44,false,252,-312
New York Knicks,2018,45,false,334,-435
New York Knicks,2018,46,false,287,-357
New York Knicks,2018,47,false,342,-435
New York Knicks,2018,48,false,177,-213
New York Knicks,2018,49,false,622,-909
New York Knicks,2018,50,false,239,-303
New York Knicks,2018,51,false,828,-1429
New York Knicks,2018,52,false,117,-137
New York Knicks,2018,53,false,131,-156
New York Knicks,2018,54,false,270,-333
New York Knicks,2018,55,false,813,-1250
New York Knicks,2018,56,false,-102,-115
New York Knicks,2018,57,false,418,-556
New York Knicks,2018,58,true,275,-345
New York Knicks,2018,59,false,149,-179
New York Knicks,2018,60,true,341,-435
New York Knicks,2018,61,true,264,-333
New York Knicks,2018,62,false,-125,106
New York Knicks,2018,63,false,430,-556
New York Knicks,2018,64,false,503,-714
New York Knicks,2018,65,false,143,-167
New York Knicks,2018,66,false,192,-233
New York Knicks,2018,67,false,219,-270
New York Knicks,2018,68,false,529,-714
New York Knicks,2018,69,false,786,-1250
New York Knicks,2018,70,true,161,-192
New York Knicks,2018,71,false,633,-1000
New York Knicks,2018,72,false,711,-1111
New York Knicks,2018,73,false,543,-769
New York Knicks,2018,74,false,315,-400
New York Knicks,2018,75,false,451,-625
New York Knicks,2018,76,false,248,-303
New York Knicks,2018,77,true,-164,139
New York Knicks,2018,78,false,753,-1250
New York Knicks,2018,79,false,1586,-5000
New York Knicks,2018,80,true,145,-169
New York Knicks,2018,81,true,108,-128
New York Knicks,2018,82,false,326,-417
New York Knicks,2019,1,false,455,-625
New York Knicks,2019,2,false,278,-357
New York Knicks,2019,3,false,175,-213
New York Knicks,2019,4,true,108,-128
New York Knicks,2019,5,false,380,-500
New York Knicks,2019,6,false,391,-526
New York Knicks,2019,7,false,102,-122
New York Knicks,2019,8,false,141,-167
New York Knicks,2019,9,true,474,-667
New York Knicks,2019,10,false,-128,108
New York Knicks,2019,11,false,219,-263
New York Knicks,2019,12,true,263,-333
New York Knicks,2019,13,false,-175,147
New York Knicks,2019,14,true,-222,184
New York Knicks,2019,15,false,607,-909
New York Knicks,2019,16,false,124,-147
New York Knicks,2019,17,false,114,-137
New York Knicks,2019,18,false,391,-526
New York Knicks,2019,19,false,216,-263
New York Knicks,2019,20,false,265,-333
New York Knicks,2019,21,false,1180,-2500
New York Knicks,2019,22,false,317,-400
New York Knicks,2019,23,false,193,-233
New York Knicks,2019,24,false,353,-455
New York Knicks,2019,25,true,175,-208
New York Knicks,2019,26,true,323,-417
New York Knicks,2019,27,false,432,-588
New York Knicks,2019,28,true,-130,110
New York Knicks,2019,29,false,351,-455
New York Knicks,2019,30,false,626,-909
New York Knicks,2019,31,false,-161,136
New York Knicks,2019,32,true,256,-312
New York Knicks,2019,33,true,-161,137
New York Knicks,2019,34,true,150,-179
New York Knicks,2019,35,false,239,-294
New York Knicks,2019,36,false,388,-526
New York Knicks,2019,37,false,797,-1250
New York Knicks,2019,38,false,813,-1250
New York Knicks,2019,39,false,162,-192
New York Knicks,2019,40,true,274,-345
New York Knicks,2019,41,false,1110,-2000
New York Knicks,2019,42,false,110,-132
New York Knicks,2019,43,false,152,-182
New York Knicks,2019,44,true,-119,100
New York Knicks,2019,45,false,534,-769
New York Knicks,2019,46,false,326,-417
New York Knicks,2019,47,true,-128,108
New York Knicks,2019,48,false,-111,-106
New York Knicks,2019,49,false,118,-139
New York Knicks,2019,50,true,484,-667
New York Knicks,2019,51,true,-132,112
New York Knicks,2019,52,true,139,-164
New York Knicks,2019,53,true,-120,102
New York Knicks,2019,54,false,172,-208
New York Knicks,2019,55,false,-147,124
New York Knicks,2019,56,false,235,-286
New York Knicks,2019,57,false,657,-1000
New York Knicks,2019,58,false,-123,104
New York Knicks,2019,59,false,258,-323
New York Knicks,2019,60,true,-141,121
New York Knicks,2019,61,true,419,-556
New York Knicks,2019,62,false,307,-385
New York Knicks,2019,63,false,199,-238
New York Knicks,2019,64,true,-233,194
New York Knicks,2019,65,false,173,-204
New York Knicks,2019,66,true,172,-204
New York Knicks,2020,1,false,261,-323
New York Knicks,2020,2,false,298,-385
New York Knicks,2020,3,true,662,-1000
New York Knicks,2020,4,true,135,-159
New York Knicks,2020,5,false,293,-370
New York Knicks,2020,6,true,351,-455
New York Knicks,2020,7,true,243,-303
New York Knicks,2020,8,true,258,-323
New York Knicks,2020,9,false,-152,129
New York Knicks,2020,10,false,181,-217
New York Knicks,2020,11,false,164,-192
New York Knicks,2020,12,false,127,-149
New York Knicks,2020,13,false,-132,112
New York Knicks,2020,14,true,249,-303
New York Knicks,2020,15,true,110,-132
New York Knicks,2020,16,true,174,-204
New York Knicks,2020,17,false,141,-164
New York Knicks,2020,18,false,147,-169
New York Knicks,2020,19,false,475,-625
New York Knicks,2020,20,true,-120,102
New York Knicks,2020,21,false,355,-455
New York Knicks,2020,22,false,141,-164
New York Knicks,2020,23,true,102,-119
New York Knicks,2020,24,true,100,-118
New York Knicks,2020,25,false,184,-217
New York Knicks,2020,26,false,200,-238
New York Knicks,2020,27,true,-156,135
New York Knicks,2020,28,true,-109,-108
New York Knicks,2020,29,true,104,-122
New York Knicks,2020,30,false,-159,136
New York Knicks,2020,31,true,-154,131
New York Knicks,2020,32,false,144,-167
New York Knicks,2020,33,true,-118,100
New York Knicks,2020,34,true,-111,-105
New York Knicks,2020,35,true,-118,100
New York Knicks,2020,36,false,-123,106
New York Knicks,2020,37,true,-286,235
New York Knicks,2020,38,false,461,-625
New York Knicks,2020,39,true,-182,156
New York Knicks,2020,40,false,296,-357
New York Knicks,2020,41,false,241,-294
New York Knicks,2020,42,true,-208,175
New York Knicks,2020,43,false,-103,-114
New York Knicks,2020,44,true,-145,124
New York Knicks,2020,45,true,-143,123
New York Knicks,2020,46,true,-135,114
New York Knicks,2020,47,false,134,-156
New York Knicks,2020,48,false,-152,129
New York Knicks,2020,49,false,175,-208
New York Knicks,2020,50,true,-133,114
New York Knicks,2020,51,false,209,-250
New York Knicks,2020,52,false,134,-156
New York Knicks,2020,53,true,104,-122
New York Knicks,2020,54,true,-159,137
New York Knicks,2020,55,true,-116,-101
New York Knicks,2020,56,true,112,-132
New York Knicks,2020,57,true,217,-263
New York Knicks,2020,58,true,102,-120
New York Knicks,2020,59,true,-200,170
New York Knicks,2020,60,true,102,-122
New York Knicks,2020,61,true,-105,-111
New York Knicks,2020,62,false,122,-143
New York Knicks,2020,63,true,-175,150
New York Knicks,2020,64,true,-588,436
New York Knicks,2020,65,true,150,-172
New York Knicks,2020,66,false,140,-161
New York Knicks,2020,67,false,225,-270
New York Knicks,2020,68,true,270,-333
New York Knicks,2020,69,false,120,-139
New York Knicks,2020,70,true,-192,164
New York Knicks,2020,71,true,-227,190
New York Knicks,2020,72,true,-833,594
New York Knicks,2021,1,true,-133,116
New York Knicks,2021,2,true,-333,272
New York Knicks,2021,3,false,-769,553
New York Knicks,2021,4,true,-116,-101
New York Knicks,2021,5,true,102,-118
New York Knicks,2021,6,true,-345,284
New York Knicks,2021,7,false,-286,240
New York Knicks,2021,8,false,-109,-108
New York Knicks,2021,9,true,139,-161
New York Knicks,2021,10,false,-312,257
New York Knicks,2021,11,true,-125,106
New York Knicks,2021,12,false,-161,139
New York Knicks,2021,13,false,-145,125
New York Knicks,2021,14,true,-152,129
New York Knicks,2021,15,false,-714,538
New York Knicks,2021,16,true,-667,504
New York Knicks,2021,17,false,184,-217
New York Knicks,2021,18,true,-185,160
New York Knicks,2021,19,false,142,-167
New York Knicks,2021,20,true,265,-323
New York Knicks,2021,21,false,212,-250
New York Knicks,2021,22,false,112,-130
New York Knicks,2021,23,false,-135,116
New York Knicks,2021,24,true,-123,106
New York Knicks,2021,25,false,167,-196
New York Knicks,2021,26,false,106,-123
New York Knicks,2021,27,false,200,-238
New York Knicks,2021,28,false,194,-233
New York Knicks,2021,29,true,-217,186
New York Knicks,2021,30,false,193,-227
New York Knicks,2021,31,true,-312,252
New York Knicks,2021,32,false,-139,119
New York Knicks,2021,33,true,-244,204
New York Knicks,2021,34,true,-204,172
New York Knicks,2021,35,true,-370,297
New York Knicks,2021,36,false,-145,124
New York Knicks,2021,37,false,297,-370
New York Knicks,2021,38,true,-161,138
New York Knicks,2021,39,true,114,-133
New York Knicks,2021,40,false,263,-323
New York Knicks,2021,41,true,-244,206
New York Knicks,2021,42,true,122,-141
New York Knicks,2021,43,true,104,-120
New York Knicks,2021,44,false,-133,114
New York Knicks,2021,45,false,134,-156
New York Knicks,2021,46,false,-161,138
New York Knicks,2021,47,true,-175,150
New York Knicks,2021,48,false,170,-200
New York Knicks,2021,49,false,200,-238
New York Knicks,2021,50,false,322,-400
New York Knicks,2021,51,true,-278,231
New York Knicks,2021,52,false,147,-172
New York Knicks,2021,53,false,174,-204
New York Knicks,2021,54,false,233,-278
New York Knicks,2021,55,false,320,-400
New York Knicks,2021,56,true,340,-417
New York Knicks,2021,57,false,-185,158
New York Knicks,2021,58,false,-500,398
New York Knicks,2021,59,false,-189,163
New York Knicks,2021,60,false,191,-227
New York Knicks,2021,61,false,267,-323
New York Knicks,2021,62,false,437,-556
New York Knicks,2021,63,false,206,-244
New York Knicks,2021,64,true,189,-222
New York Knicks,2021,65,true,150,-175
New York Knicks,2021,66,true,320,-400
New York Knicks,2021,67,false,334,-417
New York Knicks,2021,68,false,189,-222
New York Knicks,2021,69,true,-833,589
New York Knicks,2021,70,true,-244,204
New York Knicks,2021,71,false,137,-159
New York Knicks,2021,72,false,142,-164
New York Knicks,2021,73,true,289,-357
New York Knicks,2021,74,true,363,-455
New York Knicks,2021,75,true,-189,162
New York Knicks,2021,76,true,141,-164
New York Knicks,2021,77,false,121,-141
New York Knicks,2021,78,false,-125,108
New York Knicks,2021,79,true,-208,175
New York Knicks,2021,80,false,234,-278
New York Knicks,2021,81,true,-159,137
New York Knicks,2021,82,true,-104,-112
New York Knicks,2022,1,false,159,-192
New York Knicks,2022,2,true,-294,234
New York Knicks,2022,3,true,-312,243
New York Knicks,2022,4,true,-323,249
New York Knicks,2022,5,false,194,-238
New York Knicks,2022,6,false,138,-164
New York Knicks,2022,7,false,-139,117
New York Knicks,2022,8,true,114,-135
New York Knicks,2022,9,false,147,-175
New York Knicks,2022,10,true,121,-143
New York Knicks,2022,11,false,129,-154
New York Knicks,2022,12,true,-435,321
New York Knicks,2022,13,false,-213,175
New York Knicks,2022,14,true,154,-185
New York Knicks,2022,15,true,108,-128
New York Knicks,2022,16,false,231,-294
New York Knicks,2022,17,false,191,-233
New York Knicks,2022,18,true,102,-122
New York Knicks,2022,19,false,-175,145
New York Knicks,2022,20,false,104,-122
New York Knicks,2022,21,true,-185,154
New York Knicks,2022,22,false,194,-238
New York Knicks,2022,23,false,-102,-118
New York Knicks,2022,24,true,117,-139
New York Knicks,2022,25,true,-137,114
New York Knicks,2022,26,true,-172,146
New York Knicks,2022,27,true,-141,117
New York Knicks,2022,28,true,135,-161
New York Knicks,2022,29,true,124,-147
New York Knicks,2022,30,true,-111,-108
New York Knicks,2022,31,true,-238,193
New York Knicks,2022,32,false,-132,110
New York Knicks,2022,33,false,-238,192
New York Knicks,2022,34,false,108,-128
New York Knicks,2022,35,false,177,-217
New York Knicks,2022,36,false,-196,165
New York Knicks,2022,37,true,-161,136
New York Knicks,2022,38,true,-141,119
New York Knicks,2022,39,true,-455,344
New York Knicks,2022,40,true,144,-172
New York Knicks,2022,41,false,-111,-108
New York Knicks,2022,42,true,-196,164
New York Knicks,2022,43,true,-164,138
New York Knicks,2022,44,true,-345,269
New York Knicks,2022,45,false,-127,106
New York Knicks,2022,46,false,-208,174
New York Knicks,2022,47,false,131,-156
New York Knicks,2022,48,false,114,-135
New York Knicks,2022,49,true,129,-154
New York Knicks,2022,50,true,282,-357
New York Knicks,2022,51,false,-111,-108
New York Knicks,2022,52,false,-132,110
New York Knicks,2022,53,true,127,-149
New York Knicks,2022,54,false,124,-145
New York Knicks,2022,55,true,156,-182
New York Knicks,2022,56,true,-118,102
New York Knicks,2022,57,false,227,-270
New York Knicks,2022,58,true,-217,183
New York Knicks,2022,59,true,-149,129
New York Knicks,2022,60,true,146,-169
New York Knicks,2022,61,true,-102,-115
New York Knicks,2022,62,true,-169,146
New York Knicks,2022,63,true,112,-132
New York Knicks,2022,64,true,-312,254
New York Knicks,2022,65,true,-102,-118
New York Knicks,2022,66,true,225,-278
New York Knicks,2022,67,false,-476,351
New York Knicks,2022,68,false,106,-127
New York Knicks,2022,69,false,169,-204
New York Knicks,2022,70,true,120,-143
New York Knicks,2022,71,true,-139,117
New York Knicks,2022,72,true,-111,-105
New York Knicks,2022,73,false,-345,280
New York Knicks,2022,74,false,110,-128
New York Knicks,2022,75,false,-145,124
New York Knicks,2022,76,true,-833,575
New York Knicks,2022,77,true,-222,179
New York Knicks,2022,78,true,140,-161
New York Knicks,2022,79,true,-625,443
New York Knicks,2022,80,true,-192,162
New York Knicks,2022,81,false,278,-345
New York Knicks,2022,82,false,-500,363
New York Knicks,2023,1,false,146,-169
New York Knicks,2023,2,true,-114,-104
New York Knicks,2023,3,false,127,-147
New York Knicks,2023,4,true,-130,110
New York Knicks,2023,5,false,-213,177
New York Knicks,2023,6,false,177,-213
New York Knicks,2023,7,true,-123,104
New York Knicks,2023,8,true,-385,301
New York Knicks,2023,9,true,-526,391
New York Knicks,2023,10,false,329,-435
New York Knicks,2023,11,true,-101,-116
New York Knicks,2023,12,true,-278,229
New York Knicks,2023,13,true,-256,209
New York Knicks,2023,14,false,118,-137
New York Knicks,2023,15,true,-200,172
New York Knicks,2023,16,false,-196,169
New York Knicks,2023,17,true,-588,445
New York Knicks,2023,18,true,-909,625
New York Knicks,2023,19,true,106,-125
New York Knicks,2023,20,false,250,-312
New York Knicks,2023,21,true,-169,144
New York Knicks,2023,22,false,-227,186
New York Knicks,2023,23,true,166,-200
New York Knicks,2023,24,false,206,-256
New York Knicks,2023,25,true,161,-192
New York Knicks,2023,26,true,-114,-104
New York Knicks,2023,27,false,116,-135
New York Knicks,2023,28,true,137,-159
New York Knicks,2023,29,false,138,-159
New York Knicks,2023,30,false,-114,-105
New York Knicks,2023,31,false,145,-172
New York Knicks,2023,32,true,-101,-115
New York Knicks,2023,33,true,-333,270
New York Knicks,2023,34,true,183,-227
New York Knicks,2023,35,true,-400,317
New York Knicks,2023,36,true,-769,552
New York Knicks,2023,37,false,-196,164
New York Knicks,2023,38,true,-556,404
New York Knicks,2023,39,false,-233,190
New York Knicks,2023,40,true,-278,227
New York Knicks,2023,41,true,-714,497
New York Knicks,2023,42,true,-294,236
New York Knicks,2023,43,true,-159,136
New York Knicks,2023,44,true,117,-137
New York Knicks,2023,45,true,-192,160
New York Knicks,2023,46,true,-455,343
New York Knicks,2023,47,true,-149,125
New York Knicks,2023,48,true,-125,106
New York Knicks,2023,49,false,-130,112
New York Knicks,2023,50,true,-1000,647
New York Knicks,2023,51,false,191,-233
New York Knicks,2023,52,false,143,-164
New York Knicks,2023,53,false,-108,-108
New York Knicks,2023,54,false,138,-161
New York Knicks,2023,55,true,102,-120
New York Knicks,2023,56,false,195,-238
New York Knicks,2023,57,true,-667,459
New York Knicks,2023,58,false,204,-250
New York Knicks,2023,59,false,135,-159
New York Knicks,2023,60,true,150,-179
New York Knicks,2023,61,false,-123,104
New York Knicks,2023,62,true,-139,121
New York Knicks,2023,63,false,-270,225
New York Knicks,2023,64,true,-227,187
New York Knicks,2023,65,true,-714,518
New York Knicks,2023,66,true,129,-154
New York Knicks,2023,67,true,199,-238
New York Knicks,2023,68,false,301,-370
New York Knicks,2023,69,true,-294,229
New York Knicks,2023,70,true,-1667,993
New York Knicks,2023,71,true,-1000,644
New York Knicks,2023,72,false,-357,289
New York Knicks,2023,73,false,102,-119
New York Knicks,2023,74,false,119,-139
New York Knicks,2023,75,true,-164,140
New York Knicks,2023,76,false,-122,104
New York Knicks,2023,77,true,154,-182
New York Knicks,2023,78,true,-192,163
New York Knicks,2023,79,true,127,-149
New York Knicks,2023,80,true,-714,472
New York Knicks,2023,81,true,-833,578
New York Knicks,2024,1,false,199,-250
New York Knicks,2024,2,true,-196,159
New York Knicks,2024,3,false,-147,122
New York Knicks,2024,4,true,-127,104
New York Knicks,2024,5,true,-263,208
New York Knicks,2024,6,false,-130,108
New York Knicks,2024,7,false,-286,225
New York Knicks,2024,8,true,-256,204
New York Knicks,2024,9,false,-159,131
New York Knicks,2024,10,true,-167,137
New York Knicks,2024,11,false,-370,286
New York Knicks,2024,12,true,-385,296
New York Knicks,2024,13,true,-500,368
New York Knicks,2024,14,true,-1111,681
New York Knicks,2024,15,true,-192,160
New York Knicks,2024,16,false,-345,276
New York Knicks,2024,17,true,110,-130
New York Knicks,2024,18,false,-175,146
New York Knicks,2024,19,true,-833,564
New York Knicks,2024,20,true,-714,511
New York Knicks,2024,21,true,-200,165
New York Knicks,2024,22,true,-1250,709
New York Knicks,2024,23,false,-333,265
New York Knicks,2024,24,true,-323,254
New York Knicks,2024,25,true,-189,158
New York Knicks,2024,26,true,129,-156
New York Knicks,2024,27,true,-323,260
New York Knicks,2024,28,true,-909,615
New York Knicks,2024,29,true,-357,281
New York Knicks,2024,30,true,-250,200
New York Knicks,2024,31,true,-909,593
New York Knicks,2024,32,true,-769,534
New York Knicks,2024,33,true,-714,513
New York Knicks,2024,34,false,143,-175
New York Knicks,2024,35,false,-227,183
New York Knicks,2024,36,false,-556,413
New York Knicks,2024,37,true,-769,522
New York Knicks,2024,38,false,123,-147
New York Knicks,2024,39,true,-200,165
New York Knicks,2024,40,false,-333,264
New York Knicks,2024,41,true,-217,177
New York Knicks,2024,42,false,-152,127
New York Knicks,2024,43,true,-312,243
New York Knicks,2024,44,true,-714,490
New York Knicks,2024,45,true,-192,156
New York Knicks,2024,46,true,-164,136
New York Knicks,2024,47,true,-143,122
New York Knicks,2024,48,false,-526,392
New York Knicks,2024,49,true,-278,225
New York Knicks,2024,50,true,-227,181
New York Knicks,2024,51,false,127,-152
New York Knicks,2024,52,true,-137,114
New York Knicks,2024,53,true,-323,254
New York Knicks,2024,54,true,-476,374
New York Knicks,2024,55,false,231,-286
New York Knicks,2024,56,false,250,-303
New York Knicks,2024,57,true,-385,300
New York Knicks,2024,58,true,116,-135
New York Knicks,2024,59,true,-244,200
New York Knicks,2024,60,false,-114,-104
New York Knicks,2024,61,false,118,-137
New York Knicks,2024,62,false,211,-263
New York Knicks,2024,63,true,-116,-101
New York Knicks,2024,64,true,-169,145
New York Knicks,2024,65,false,213,-256
New York Knicks,2024,66,true,-278,231
New York Knicks,2024,67,false,-385,291
New York Knicks,2024,68,false,-303,242
New York Knicks,2024,69,true,-1250,761
New York Knicks,2024,70,true,-588,432
New York Knicks,2024,71,false,150,-179
New York Knicks,2024,72,true,-102,-115
New York Knicks,2024,73,true,-286,234
New York Knicks,2024,74,true,-909,601
New York Knicks,2024,75,false,388,-526
New York Knicks,2024,76,true,-122,100
New York Knicks,2024,77,true,-435,318
New York Knicks,2024,78,false,110,-133
New York Knicks,2024,79,false,138,-169
New York Knicks,2024,80,false,-154,125
New York Knicks,2024,81,true,-196,163
New York Knicks,2025,1,true,104,-125
New York Knicks,2025,2,true,-169,145
New York Knicks,2025,3,false,-161,140
New York Knicks,2025,4,false,-133,114
New York Knicks,2025,5,false,-200,165
New York Knicks,2025,6,true,-278,240
New York Knicks,2025,7,true,-667,550
New York Knicks,2025,8,true,-161,140
New York Knicks,2025,9,true,-1250,800
New York Knicks,2025,10,true,-417,333
New York Knicks,2025,11,false,-175,150
New York Knicks,2025,12,true,-250,204
New York Knicks,2025,13,false,100,-120
New York Knicks,2025,14,true,-357,290
New York Knicks,2025,15,false,110,-128
New York Knicks,2025,16,true,-769,525
New York Knicks,2025,17,true,-263,220
New York Knicks,2025,18,true,-294,240
New York Knicks,2025,19,true,-323,275
New York Knicks,2025,20,false,-115,100
New York Knicks,2025,21,true,-400,320
New York Knicks,2025,22,true,-1250,900
New York Knicks,2025,23,true,-118,112
New York Knicks,2025,24,true,-164,140
New York Knicks,2025,25,false,-250,210
New York Knicks,2025,26,true,-294,240
New York Knicks,2025,27,false,220,-270
New York Knicks,2025,28,true,-185,160
New York Knicks,2025,29,true,-208,185
New York Knicks,2025,30,true,-333,275
New York Knicks,2025,31,false,140,-159
New York Knicks,2025,32,false,-185,160
New York Knicks,2025,33,false,-167,145
New York Knicks,2025,34,false,-122,104
New York Knicks,2025,35,true,-196,166
New York Knicks,2025,36,false,-120,102
New York Knicks,2025,37,true,-222,184
New York Knicks,2025,38,false,-455,380
New York Knicks,2025,39,false,220,-270
New York Knicks,2025,40,false,-115,-102
New York Knicks,2025,41,false,-526,459
New York Knicks,2025,42,true,-625,500
New York Knicks,2025,43,true,-115,100
New York Knicks,2025,44,true,-769,610
New York Knicks,2025,45,true,108,-125
New York Knicks,2025,46,true,-250,215
New York Knicks,2025,47,true,-222,190
New York Knicks,2025,48,true,-588,520
New York Knicks,2025,49,true,-185,154
New York Knicks,2025,50,false,185,-200
New York Knicks,2025,51,true,131,-149
New York Knicks,2025,52,false,-526,400
New York Knicks,2025,53,true,-130,114
New York Knicks,2025,54,false,-159,140
New York Knicks,2025,55,true,-159,140
New York Knicks,2025,56,true,-385,330
New York Knicks,2025,57,false,145,-169
New York Knicks,2025,58,true,-294,245
New York Knicks,2025,59,true,-104,-110
New York Knicks,2025,60,true,-143,125
New York Knicks,2025,61,false,150,-169
New York Knicks,2025,62,true,102,-110
New York Knicks,2025,63,false,-179,165
New York Knicks,2025,64,false,-128,112
New York Knicks,2025,65,true,-909,650
New York Knicks,2025,66,true,-667,500
New York Knicks,2025,67,true,-909,650
New York Knicks,2025,68,true,-769,570
New York Knicks,2025,69,true,-2000,1200
New York Knicks,2025,70,true,-3333,1500
New York Knicks,2025,71,true,-357,295
New York Knicks,2025,72,false,114,-130
New York Knicks,2025,73,false,300,-333
New York Knicks,2025,74,false,-112,100
New York Knicks,2025,75,true,-909,610
New York Knicks,2025,76,true,-909,700
New York Knicks,2025,77,true,104,-118
New York Knicks,2025,78,true,-167,145
New York Knicks,2025,79,true,-250,220
New York Knicks,2025,80,false,640,-909
Oklahoma City Thunder,2016,1,true,-526,378
Oklahoma City Thunder,2016,2,true,-385,304
Oklahoma City Thunder,2016,3,true,-435,334
Oklahoma City Thunder,2016,4,true,257,-323
Oklahoma City Thunder,2016,5,false,661,-1000
Oklahoma City Thunder,2016,6,true,-208,172
Oklahoma City Thunder,2016,7,true,-233,191
Oklahoma City Thunder,2016,8,false,-175,149
Oklahoma City Thunder,2016,9,false,168,-200
Oklahoma City Thunder,2016,10,false,-526,390
Oklahoma City Thunder,2016,11,false,-118,-101
Oklahoma City Thunder,2016,12,true,-139,117
Oklahoma City Thunder,2016,13,true,-526,401
Oklahoma City Thunder,2016,14,false,-526,388
Oklahoma City Thunder,2016,15,false,-159,135
Oklahoma City Thunder,2016,16,false,112,-132
Oklahoma City Thunder,2016,17,true,-143,122
Oklahoma City Thunder,2016,18,true,-189,159
Oklahoma City Thunder,2016,19,true,-111,-106
Oklahoma City Thunder,2016,20,true,-222,184
Oklahoma City Thunder,2016,21,true,-256,211
Oklahoma City Thunder,2016,22,true,150,-179
Oklahoma City Thunder,2016,23,false,104,-123
Oklahoma City Thunder,2016,24,true,-156,133
Oklahoma City Thunder,2016,25,false,114,-135
Oklahoma City Thunder,2016,26,false,264,-333
Oklahoma City Thunder,2016,27,true,-256,214
Oklahoma City Thunder,2016,28,false,-154,129
Oklahoma City Thunder,2016,29,true,-132,112
Oklahoma City Thunder,2016,30,true,181,-217
Oklahoma City Thunder,2016,31,true,-189,159
Oklahoma City Thunder,2016,32,true,-189,161
Oklahoma City Thunder,2016,33,false,-102,-116
Oklahoma City Thunder,2016,34,true,-435,342
Oklahoma City Thunder,2016,35,false,102,-122
Oklahoma City Thunder,2016,36,false,114,-133
Oklahoma City Thunder,2016,37,false,312,-400
Oklahoma City Thunder,2016,38,true,-357,281
Oklahoma City Thunder,2016,39,true,-111,-106
Oklahoma City Thunder,2016,40,true,-192,163
Oklahoma City Thunder,2016,41,false,-132,110
Oklahoma City Thunder,2016,42,true,-125,106
Oklahoma City Thunder,2016,43,false,292,-357
Oklahoma City Thunder,2016,44,false,844,-1429
Oklahoma City Thunder,2016,45,true,166,-196
Oklahoma City Thunder,2016,46,true,-122,102
Oklahoma City Thunder,2016,47,true,-476,367
Oklahoma City Thunder,2016,48,false,281,-357
Oklahoma City Thunder,2016,49,false,371,-500
Oklahoma City Thunder,2016,50,false,-149,125
Oklahoma City Thunder,2016,51,true,-104,-115
Oklahoma City Thunder,2016,52,true,-204,171
Oklahoma City Thunder,2016,53,false,160,-189
Oklahoma City Thunder,2016,54,true,-500,428
Oklahoma City Thunder,2016,55,false,283,-357
Oklahoma City Thunder,2016,56,false,195,-238
Oklahoma City Thunder,2016,57,true,-294,243
Oklahoma City Thunder,2016,58,true,-625,461
Oklahoma City Thunder,2016,59,true,-244,204
Oklahoma City Thunder,2016,60,true,108,-128
Oklahoma City Thunder,2016,61,false,-111,-106
Oklahoma City Thunder,2016,62,false,-208,173
Oklahoma City Thunder,2016,63,false,-104,-115
Oklahoma City Thunder,2016,64,false,-303,243
Oklahoma City Thunder,2016,65,true,124,-147
Oklahoma City Thunder,2016,66,true,-192,162
Oklahoma City Thunder,2016,67,true,-263,216
Oklahoma City Thunder,2016,68,true,118,-139
Oklahoma City Thunder,2016,69,true,-1111,703
Oklahoma City Thunder,2016,70,false,104,-125
Oklahoma City Thunder,2016,71,true,-833,560
Oklahoma City Thunder,2016,72,false,200,-244
Oklahoma City Thunder,2016,73,true,-128,108
Oklahoma City Thunder,2016,74,true,-217,181
Oklahoma City Thunder,2016,75,false,131,-156
Oklahoma City Thunder,2016,76,false,-204,171
Oklahoma City Thunder,2016,77,true,-233,194
Oklahoma City Thunder,2016,78,true,-139,119
Oklahoma City Thunder,2016,79,false,-500,371
Oklahoma City Thunder,2016,80,true,168,-200
Oklahoma City Thunder,2016,81,true,250,-312
Oklahoma City Thunder,2016,82,false,-238,198
Oklahoma City Thunder,2017,1,true,-833,587
Oklahoma City Thunder,2017,2,false,-189,159
Oklahoma City Thunder,2017,3,false,-182,154
Oklahoma City Thunder,2017,4,true,-1111,683
Oklahoma City Thunder,2017,5,false,-133,112
Oklahoma City Thunder,2017,6,true,-769,652
Oklahoma City Thunder,2017,7,true,-141,119
Oklahoma City Thunder,2017,8,false,-256,210
Oklahoma City Thunder,2017,9,false,-147,125
Oklahoma City Thunder,2017,10,false,-588,442
Oklahoma City Thunder,2017,11,false,-128,110
Oklahoma City Thunder,2017,12,true,-217,181
Oklahoma City Thunder,2017,13,true,-588,433
Oklahoma City Thunder,2017,14,true,-1000,676
Oklahoma City Thunder,2017,15,false,-120,102
Oklahoma City Thunder,2017,16,false,-139,119
Oklahoma City Thunder,2017,17,true,185,-222
Oklahoma City Thunder,2017,18,false,-385,304
Oklahoma City Thunder,2017,19,false,-244,200
Oklahoma City Thunder,2017,20,false,-244,199
Oklahoma City Thunder,2017,21,true,-227,187
Oklahoma City Thunder,2017,22,true,-345,279
Oklahoma City Thunder,2017,23,true,-357,279
Oklahoma City Thunder,2017,24,false,-286,238
Oklahoma City Thunder,2017,25,true,-204,172
Oklahoma City Thunder,2017,26,false,-323,264
Oklahoma City Thunder,2017,27,true,-111,-106
Oklahoma City Thunder,2017,28,true,-101,-116
Oklahoma City Thunder,2017,29,false,-182,154
Oklahoma City Thunder,2017,30,true,-208,172
Oklahoma City Thunder,2017,31,true,-345,276
Oklahoma City Thunder,2017,32,true,-667,493
Oklahoma City Thunder,2017,33,true,100,-119
Oklahoma City Thunder,2017,34,true,-128,108
Oklahoma City Thunder,2017,35,true,-167,140
Oklahoma City Thunder,2017,36,false,-250,208
Oklahoma City Thunder,2017,37,false,-323,258
Oklahoma City Thunder,2017,38,true,-217,181
Oklahoma City Thunder,2017,39,true,-115,-104
Oklahoma City Thunder,2017,40,false,-385,297
Oklahoma City Thunder,2017,41,false,-357,286
Oklahoma City Thunder,2017,42,false,162,-192
Oklahoma City Thunder,2017,43,true,-132,110
Oklahoma City Thunder,2017,44,true,-909,632
Oklahoma City Thunder,2017,45,true,-526,383
Oklahoma City Thunder,2017,46,true,125,-147
Oklahoma City Thunder,2017,47,true,-556,413
Oklahoma City Thunder,2017,48,true,-217,177
Oklahoma City Thunder,2017,49,true,-164,139
Oklahoma City Thunder,2017,50,true,-159,135
Oklahoma City Thunder,2017,51,false,-164,138
Oklahoma City Thunder,2017,52,false,-125,106
Oklahoma City Thunder,2017,53,false,-256,206
Oklahoma City Thunder,2017,54,false,-500,376
Oklahoma City Thunder,2017,55,true,417,-556
Oklahoma City Thunder,2017,56,false,100,-118
Oklahoma City Thunder,2017,57,true,-185,158
Oklahoma City Thunder,2017,58,false,-156,133
Oklahoma City Thunder,2017,59,true,-189,158
Oklahoma City Thunder,2017,60,true,-385,298
Oklahoma City Thunder,2017,61,false,398,-526
Oklahoma City Thunder,2017,62,true,-625,454
Oklahoma City Thunder,2017,63,true,-200,167
Oklahoma City Thunder,2017,64,true,-370,287
Oklahoma City Thunder,2017,65,false,170,-200
Oklahoma City Thunder,2017,66,false,175,-213
Oklahoma City Thunder,2017,67,true,-667,491
Oklahoma City Thunder,2017,68,true,-175,150
Oklahoma City Thunder,2017,69,true,-1429,869
Oklahoma City Thunder,2017,70,true,-256,212
Oklahoma City Thunder,2017,71,true,-250,206
Oklahoma City Thunder,2017,72,true,216,-256
Oklahoma City Thunder,2017,73,false,-200,167
Oklahoma City Thunder,2017,74,true,-263,220
Oklahoma City Thunder,2017,75,false,-172,148
Oklahoma City Thunder,2017,76,false,102,-120
Oklahoma City Thunder,2017,77,false,-175,150
Oklahoma City Thunder,2017,78,true,-115,-103
Oklahoma City Thunder,2017,79,false,-175,150
Oklahoma City Thunder,2017,80,true,177,-208
Oklahoma City Thunder,2017,81,true,-196,163
Oklahoma City Thunder,2017,82,true,-3333,1472
Oklahoma City Thunder,2018,1,false,743,-1111
Oklahoma City Thunder,2018,2,false,127,-152
Oklahoma City Thunder,2018,3,false,-714,520
Oklahoma City Thunder,2018,4,false,-108,-110
Oklahoma City Thunder,2018,5,true,-1429,868
Oklahoma City Thunder,2018,6,true,-154,131
Oklahoma City Thunder,2018,7,true,-102,-116
Oklahoma City Thunder,2018,8,true,138,-161
Oklahoma City Thunder,2018,9,true,-167,141
Oklahoma City Thunder,2018,10,true,-263,213
Oklahoma City Thunder,2018,11,true,172,-208
Oklahoma City Thunder,2018,12,false,102,-122
Oklahoma City Thunder,2018,13,true,-370,295
Oklahoma City Thunder,2018,14,true,-400,308
Oklahoma City Thunder,2018,15,true,-204,169
Oklahoma City Thunder,2018,16,false,-185,159
Oklahoma City Thunder,2018,17,true,-112,-104
Oklahoma City Thunder,2018,18,true,-270,222
Oklahoma City Thunder,2018,19,false,-244,202
Oklahoma City Thunder,2018,20,true,-1111,698
Oklahoma City Thunder,2018,21,true,-1250,746
Oklahoma City Thunder,2018,22,true,-137,114
Oklahoma City Thunder,2018,23,true,-270,220
Oklahoma City Thunder,2018,24,false,-435,344
Oklahoma City Thunder,2018,25,true,-204,172
Oklahoma City Thunder,2018,26,false,-137,117
Oklahoma City Thunder,2018,27,false,-130,110
Oklahoma City Thunder,2018,28,true,-263,216
Oklahoma City Thunder,2018,29,true,-1111,700
Oklahoma City Thunder,2018,30,true,-182,154
Oklahoma City Thunder,2018,31,true,110,-132
Oklahoma City Thunder,2018,32,false,-270,219
Oklahoma City Thunder,2018,33,false,-114,-104
Oklahoma City Thunder,2018,34,true,-192,158
Oklahoma City Thunder,2018,35,false,-135,114
Oklahoma City Thunder,2018,36,true,-312,250
Oklahoma City Thunder,2018,37,true,-217,181
Oklahoma City Thunder,2018,38,true,-104,-114
Oklahoma City Thunder,2018,39,false,-588,429
Oklahoma City Thunder,2018,40,false,-370,289
Oklahoma City Thunder,2018,41,false,-120,100
Oklahoma City Thunder,2018,42,true,-263,213
Oklahoma City Thunder,2018,43,false,-476,371
Oklahoma City Thunder,2018,44,false,-526,400
Oklahoma City Thunder,2018,45,true,131,-154
Oklahoma City Thunder,2018,46,true,-435,334
Oklahoma City Thunder,2018,47,true,-179,152
Oklahoma City Thunder,2018,48,true,-1429,821
Oklahoma City Thunder,2018,49,true,100,-119
Oklahoma City Thunder,2018,50,true,-159,134
Oklahoma City Thunder,2018,51,true,-169,143
Oklahoma City Thunder,2018,52,false,150,-179
Oklahoma City Thunder,2018,53,true,-435,338
Oklahoma City Thunder,2018,54,true,-1250,815
Oklahoma City Thunder,2018,55,true,116,-137
Oklahoma City Thunder,2018,56,true,-189,161
Oklahoma City Thunder,2018,57,false,-192,160
Oklahoma City Thunder,2018,58,true,-179,150
Oklahoma City Thunder,2018,59,false,-244,202
Oklahoma City Thunder,2018,60,false,136,-161
Oklahoma City Thunder,2018,61,false,-175,147
Oklahoma City Thunder,2018,62,false,173,-204
Oklahoma City Thunder,2018,63,true,-556,428
Oklahoma City Thunder,2018,64,false,-128,108
Oklahoma City Thunder,2018,65,true,138,-161
Oklahoma City Thunder,2018,66,false,106,-127
Oklahoma City Thunder,2018,67,true,138,-161
Oklahoma City Thunder,2018,68,true,-303,243
Oklahoma City Thunder,2018,69,false,-103,-115
Oklahoma City Thunder,2018,70,false,-128,106
Oklahoma City Thunder,2018,71,false,-227,189
Oklahoma City Thunder,2018,72,false,-200,168
Oklahoma City Thunder,2018,73,true,110,-130
Oklahoma City Thunder,2018,74,false,-357,283
Oklahoma City Thunder,2018,75,true,-286,231
Oklahoma City Thunder,2018,76,false,-189,160
Oklahoma City Thunder,2018,77,false,-1111,687
Oklahoma City Thunder,2018,78,true,-1111,690
Oklahoma City Thunder,2018,79,true,-244,204
Oklahoma City Thunder,2018,80,true,-270,224
Oklahoma City Thunder,2018,81,true,127,-152
Oklahoma City Thunder,2018,82,true,-189,158
Oklahoma City Thunder,2019,1,false,330,-435
Oklahoma City Thunder,2019,2,false,-385,309
Oklahoma City Thunder,2019,3,true,-104,-114
Oklahoma City Thunder,2019,4,false,420,-556
Oklahoma City Thunder,2019,5,false,102,-123
Oklahoma City Thunder,2019,6,true,-137,116
Oklahoma City Thunder,2019,7,true,-149,125
Oklahoma City Thunder,2019,8,false,168,-200
Oklahoma City Thunder,2019,9,true,-833,567
Oklahoma City Thunder,2019,10,false,326,-435
Oklahoma City Thunder,2019,11,false,100,-119
Oklahoma City Thunder,2019,12,true,138,-161
Oklahoma City Thunder,2019,13,false,276,-345
Oklahoma City Thunder,2019,14,false,466,-625
Oklahoma City Thunder,2019,15,false,164,-196
Oklahoma City Thunder,2019,16,true,-303,245
Oklahoma City Thunder,2019,17,false,121,-143
Oklahoma City Thunder,2019,18,true,-196,165
Oklahoma City Thunder,2019,19,true,122,-145
Oklahoma City Thunder,2019,20,false,-102,-116
Oklahoma City Thunder,2019,21,true,-167,142
Oklahoma City Thunder,2019,22,true,142,-167
Oklahoma City Thunder,2019,23,true,308,-400
Oklahoma City Thunder,2019,24,false,108,-130
Oklahoma City Thunder,2019,25,false,206,-250
Oklahoma City Thunder,2019,26,true,-222,183
Oklahoma City Thunder,2019,27,true,-270,218
Oklahoma City Thunder,2019,28,true,-152,127
Oklahoma City Thunder,2019,29,true,-111,-106
Oklahoma City Thunder,2019,30,false,-244,202
Oklahoma City Thunder,2019,31,true,-108,-110
Oklahoma City Thunder,2019,32,true,169,-200
Oklahoma City Thunder,2019,33,true,140,-167
Oklahoma City Thunder,2019,34,true,119,-141
Oklahoma City Thunder,2019,35,true,-256,212
Oklahoma City Thunder,2019,36,false,266,-333
Oklahoma City Thunder,2019,37,true,-109,-110
Oklahoma City Thunder,2019,38,true,142,-167
Oklahoma City Thunder,2019,39,false,-400,321
Oklahoma City Thunder,2019,40,true,-127,108
Oklahoma City Thunder,2019,41,false,-114,-104
Oklahoma City Thunder,2019,42,false,-108,-111
Oklahoma City Thunder,2019,43,true,-270,224
Oklahoma City Thunder,2019,44,true,262,-323
Oklahoma City Thunder,2019,45,true,118,-139
Oklahoma City Thunder,2019,46,true,-385,300
Oklahoma City Thunder,2019,47,true,108,-128
Oklahoma City Thunder,2019,48,false,179,-217
Oklahoma City Thunder,2019,49,true,-135,112
Oklahoma City Thunder,2019,50,true,-112,-106
Oklahoma City Thunder,2019,51,true,-1111,701
Oklahoma City Thunder,2019,52,true,-1000,654
Oklahoma City Thunder,2019,53,false,104,-123
Oklahoma City Thunder,2019,54,false,-357,283
Oklahoma City Thunder,2019,55,true,137,-159
Oklahoma City Thunder,2019,56,true,-120,102
Oklahoma City Thunder,2019,57,true,-200,169
Oklahoma City Thunder,2019,58,true,-312,249
Oklahoma City Thunder,2019,59,true,-312,252
Oklahoma City Thunder,2019,60,false,436,-588
Oklahoma City Thunder,2019,61,false,165,-196
Oklahoma City Thunder,2019,62,true,-385,305
Oklahoma City Thunder,2019,63,true,-238,199
Oklahoma City Thunder,2019,64,true,204,-244
Oklahoma City Thunder,2019,65,true,-111,-104
Oklahoma City Thunder,2019,66,false,-222,192
Oklahoma City Thunder,2019,67,true,184,-213
Oklahoma City Thunder,2019,68,false,-154,135
Oklahoma City Thunder,2019,69,true,-435,349
Oklahoma City Thunder,2019,70,false,287,-357
Oklahoma City Thunder,2019,71,true,143,-164
Oklahoma City Thunder,2019,72,false,170,-189
Oklahoma City Thunder,2020,1,true,123,-145
Oklahoma City Thunder,2020,2,false,317,-400
Oklahoma City Thunder,2020,3,false,215,-263
Oklahoma City Thunder,2020,4,false,185,-222
Oklahoma City Thunder,2020,5,true,164,-192
Oklahoma City Thunder,2020,6,false,341,-435
Oklahoma City Thunder,2020,7,true,279,-345
Oklahoma City Thunder,2020,8,true,129,-152
Oklahoma City Thunder,2020,9,true,265,-333
Oklahoma City Thunder,2020,10,false,110,-130
Oklahoma City Thunder,2020,11,false,430,-588
Oklahoma City Thunder,2020,12,true,116,-135
Oklahoma City Thunder,2020,13,false,388,-500
Oklahoma City Thunder,2020,14,false,723,-1111
Oklahoma City Thunder,2020,15,false,654,-1000
Oklahoma City Thunder,2020,16,true,169,-200
Oklahoma City Thunder,2020,17,true,276,-345
Oklahoma City Thunder,2020,18,false,225,-270
Oklahoma City Thunder,2020,19,false,171,-200
Oklahoma City Thunder,2020,20,true,223,-263
Oklahoma City Thunder,2020,21,false,117,-135
Oklahoma City Thunder,2020,22,true,-127,108
Oklahoma City Thunder,2020,23,false,413,-526
Oklahoma City Thunder,2020,24,false,568,-833
Oklahoma City Thunder,2020,25,false,568,-769
Oklahoma City Thunder,2020,26,true,568,-769
Oklahoma City Thunder,2020,27,false,179,-213
Oklahoma City Thunder,2020,28,false,229,-278
Oklahoma City Thunder,2020,29,false,458,-625
Oklahoma City Thunder,2020,30,true,-145,125
Oklahoma City Thunder,2020,31,false,234,-286
Oklahoma City Thunder,2020,32,true,-105,-112
Oklahoma City Thunder,2020,33,true,177,-208
Oklahoma City Thunder,2020,34,false,222,-263
Oklahoma City Thunder,2020,35,false,170,-196
Oklahoma City Thunder,2020,36,true,239,-286
Oklahoma City Thunder,2020,37,true,112,-132
Oklahoma City Thunder,2020,38,false,156,-182
Oklahoma City Thunder,2020,39,true,297,-357
Oklahoma City Thunder,2020,40,false,229,-278
Oklahoma City Thunder,2020,41,false,270,-333
Oklahoma City Thunder,2020,42,true,165,-192
Oklahoma City Thunder,2020,43,true,169,-196
Oklahoma City Thunder,2020,44,false,227,-278
Oklahoma City Thunder,2020,45,false,216,-263
Oklahoma City Thunder,2020,46,false,508,-714
Oklahoma City Thunder,2020,47,true,254,-312
Oklahoma City Thunder,2020,48,false,760,-1250
Oklahoma City Thunder,2020,49,false,617,-909
Oklahoma City Thunder,2020,50,false,127,-147
Oklahoma City Thunder,2020,51,false,179,-213
Oklahoma City Thunder,2020,52,false,148,-172
Oklahoma City Thunder,2020,53,false,413,-556
Oklahoma City Thunder,2020,54,false,1032,-2000
Oklahoma City Thunder,2020,55,false,599,-833
Oklahoma City Thunder,2020,56,false,122,-143
Oklahoma City Thunder,2020,57,false,183,-217
Oklahoma City Thunder,2020,58,false,597,-833
Oklahoma City Thunder,2020,59,false,309,-385
Oklahoma City Thunder,2020,60,false,357,-455
Oklahoma City Thunder,2020,61,false,1008,-1667
Oklahoma City Thunder,2020,62,true,514,-714
Oklahoma City Thunder,2020,63,false,349,-435
Oklahoma City Thunder,2020,64,false,275,-333
Oklahoma City Thunder,2020,65,false,814,-1429
Oklahoma City Thunder,2020,66,false,177,-208
Oklahoma City Thunder,2020,67,false,718,-1111
Oklahoma City Thunder,2020,68,false,733,-1111
Oklahoma City Thunder,2020,69,false,348,-435
Oklahoma City Thunder,2020,70,false,346,-435
Oklahoma City Thunder,2020,71,false,942,-1667
Oklahoma City Thunder,2020,72,true,276,-333
Oklahoma City Thunder,2021,1,false,699,-1000
Oklahoma City Thunder,2021,2,false,127,-149
Oklahoma City Thunder,2021,3,false,371,-476
Oklahoma City Thunder,2021,4,false,370,-476
Oklahoma City Thunder,2021,5,true,197,-233
Oklahoma City Thunder,2021,6,false,580,-833
Oklahoma City Thunder,2021,7,false,582,-833
Oklahoma City Thunder,2021,8,true,434,-556
Oklahoma City Thunder,2021,9,true,140,-161
Oklahoma City Thunder,2021,10,true,154,-182
Oklahoma City Thunder,2021,11,true,167,-196
Oklahoma City Thunder,2021,12,false,334,-417
Oklahoma City Thunder,2021,13,false,216,-263
Oklahoma City Thunder,2021,14,true,-156,134
Oklahoma City Thunder,2021,15,false,614,-909
Oklahoma City Thunder,2021,16,false,363,-455
Oklahoma City Thunder,2021,17,false,659,-1000
Oklahoma City Thunder,2021,18,false,773,-1250
Oklahoma City Thunder,2021,19,false,214,-256
Oklahoma City Thunder,2021,20,false,119,-139
Oklahoma City Thunder,2021,21,false,-132,112
Oklahoma City Thunder,2021,22,false,419,-556
Oklahoma City Thunder,2021,23,true,129,-149
Oklahoma City Thunder,2021,24,true,273,-333
Oklahoma City Thunder,2021,25,false,142,-167
Oklahoma City Thunder,2021,26,false,150,-175
Oklahoma City Thunder,2021,27,false,160,-189
Oklahoma City Thunder,2021,28,true,159,-185
Oklahoma City Thunder,2021,29,true,326,-400
Oklahoma City Thunder,2021,30,true,221,-270
Oklahoma City Thunder,2021,31,false,856,-1429
Oklahoma City Thunder,2021,32,true,106,-125
Oklahoma City Thunder,2021,33,false,188,-222
Oklahoma City Thunder,2021,34,false,1005,-2000
Oklahoma City Thunder,2021,35,true,124,-145
Oklahoma City Thunder,2021,36,false,408,-526
Oklahoma City Thunder,2021,37,false,333,-417
Oklahoma City Thunder,2021,38,false,169,-200
Oklahoma City Thunder,2021,39,false,229,-278
Oklahoma City Thunder,2021,40,false,239,-286
Oklahoma City Thunder,2021,41,true,193,-227
Oklahoma City Thunder,2021,42,false,172,-204
Oklahoma City Thunder,2021,43,false,518,-714
Oklahoma City Thunder,2021,44,false,225,-270
Oklahoma City Thunder,2021,45,false,317,-400
Oklahoma City Thunder,2021,46,false,563,-769
Oklahoma City Thunder,2021,47,false,-103,-114
Oklahoma City Thunder,2021,48,false,108,-127
Oklahoma City Thunder,2021,49,true,139,-161
Oklahoma City Thunder,2021,50,true,589,-833
Oklahoma City Thunder,2021,51,true,202,-244
Oklahoma City Thunder,2021,52,false,264,-323
Oklahoma City Thunder,2021,53,false,601,-833
Oklahoma City Thunder,2021,54,false,421,-526
Oklahoma City Thunder,2021,55,false,711,-1111
Oklahoma City Thunder,2021,56,false,436,-556
Oklahoma City Thunder,2021,57,true,398,-500
Oklahoma City Thunder,2021,58,false,283,-345
Oklahoma City Thunder,2021,59,false,428,-556
Oklahoma City Thunder,2021,60,true,267,-323
Oklahoma City Thunder,2021,61,false,177,-208
Oklahoma City Thunder,2021,62,true,892,-1429
Oklahoma City Thunder,2021,63,false,371,-476
Oklahoma City Thunder,2021,64,false,711,-1111
Oklahoma City Thunder,2021,65,false,677,-1000
Oklahoma City Thunder,2021,66,false,886,-1429
Oklahoma City Thunder,2021,67,false,794,-1250
Oklahoma City Thunder,2021,68,false,479,-625
Oklahoma City Thunder,2021,69,false,519,-714
Oklahoma City Thunder,2021,70,false,822,-1250
Oklahoma City Thunder,2021,71,false,285,-345
Oklahoma City Thunder,2021,72,false,656,-909
Oklahoma City Thunder,2021,73,true,110,-128
Oklahoma City Thunder,2021,74,false,1150,-2000
Oklahoma City Thunder,2021,75,true,-101,-114
Oklahoma City Thunder,2021,76,false,652,-909
Oklahoma City Thunder,2021,77,false,154,-179
Oklahoma City Thunder,2021,78,true,832,-1429
Oklahoma City Thunder,2021,79,true,-161,138
Oklahoma City Thunder,2021,80,false,823,-1250
Oklahoma City Thunder,2021,81,false,200,-238
Oklahoma City Thunder,2021,82,false,524,-714
Oklahoma City Thunder,2022,1,false,465,-667
Oklahoma City Thunder,2022,2,false,330,-435
Oklahoma City Thunder,2022,3,false,341,-476
Oklahoma City Thunder,2022,4,true,179,-222
Oklahoma City Thunder,2022,5,true,222,-278
Oklahoma City Thunder,2022,6,true,405,-556
Oklahoma City Thunder,2022,7,true,-159,131
Oklahoma City Thunder,2022,8,false,210,-256
Oklahoma City Thunder,2022,9,false,179,-222
Oklahoma City Thunder,2022,10,false,-128,108
Oklahoma City Thunder,2022,11,false,-102,-118
Oklahoma City Thunder,2022,12,true,171,-208
Oklahoma City Thunder,2022,13,true,175,-213
Oklahoma City Thunder,2022,14,false,497,-714
Oklahoma City Thunder,2022,15,true,164,-196
Oklahoma City Thunder,2022,16,false,202,-250
Oklahoma City Thunder,2022,17,false,-122,102
Oklahoma City Thunder,2022,18,false,-106,-112
Oklahoma City Thunder,2022,19,true,125,-152
Oklahoma City Thunder,2022,20,false,-125,104
Oklahoma City Thunder,2022,21,false,174,-213
Oklahoma City Thunder,2022,22,true,-145,121
Oklahoma City Thunder,2022,23,true,172,-208
Oklahoma City Thunder,2022,24,true,199,-244
Oklahoma City Thunder,2022,25,false,286,-370
Oklahoma City Thunder,2022,26,false,161,-192
Oklahoma City Thunder,2022,27,false,280,-357
Oklahoma City Thunder,2022,28,false,118,-139
Oklahoma City Thunder,2022,29,false,-189,158
Oklahoma City Thunder,2022,30,true,441,-625
Oklahoma City Thunder,2022,31,true,150,-179
Oklahoma City Thunder,2022,32,true,141,-167
Oklahoma City Thunder,2022,33,false,-127,106
Oklahoma City Thunder,2022,34,true,-270,217
Oklahoma City Thunder,2022,35,false,118,-139
Oklahoma City Thunder,2022,36,false,120,-143
Oklahoma City Thunder,2022,37,true,443,-625
Oklahoma City Thunder,2022,38,false,-118,-101
Oklahoma City Thunder,2022,39,true,-110,-109
Oklahoma City Thunder,2022,40,true,-179,150
Oklahoma City Thunder,2022,41,false,104,-123
Oklahoma City Thunder,2022,42,true,363,-476
Oklahoma City Thunder,2022,43,true,150,-175
Oklahoma City Thunder,2022,44,true,156,-185
Oklahoma City Thunder,2022,45,true,-169,141
Oklahoma City Thunder,2022,46,false,172,-208
Oklahoma City Thunder,2022,47,true,127,-152
Oklahoma City Thunder,2022,48,false,100,-120
Oklahoma City Thunder,2022,49,true,-115,-104
Oklahoma City Thunder,2022,50,false,165,-200
Oklahoma City Thunder,2022,51,false,-233,186
Oklahoma City Thunder,2022,52,true,-476,361
Oklahoma City Thunder,2022,53,false,131,-152
Oklahoma City Thunder,2022,54,true,222,-270
Oklahoma City Thunder,2022,55,true,117,-135
Oklahoma City Thunder,2022,56,false,-147,127
Oklahoma City Thunder,2022,57,true,-455,344
Oklahoma City Thunder,2022,58,false,100,-118
Oklahoma City Thunder,2022,59,false,309,-385
Oklahoma City Thunder,2022,60,false,147,-172
Oklahoma City Thunder,2022,61,false,118,-137
Oklahoma City Thunder,2022,62,false,-154,134
Oklahoma City Thunder,2022,63,true,-119,100
Oklahoma City Thunder,2022,64,true,-244,199
Oklahoma City Thunder,2022,65,true,150,-179
Oklahoma City Thunder,2022,66,false,522,-909
Oklahoma City Thunder,2022,67,true,-109,-110
Oklahoma City Thunder,2022,68,true,-169,143
Oklahoma City Thunder,2022,69,true,-118,-102
Oklahoma City Thunder,2022,70,false,206,-256
Oklahoma City Thunder,2022,71,true,-118,100
Oklahoma City Thunder,2022,72,true,218,-263
Oklahoma City Thunder,2022,73,false,168,-200
Oklahoma City Thunder,2022,74,false,139,-161
Oklahoma City Thunder,2022,75,true,-526,380
Oklahoma City Thunder,2022,76,false,-455,330
Oklahoma City Thunder,2022,77,true,-476,362
Oklahoma City Thunder,2022,78,false,-227,186
Oklahoma City Thunder,2022,79,false,177,-217
Oklahoma City Thunder,2022,80,false,248,-312
Oklahoma City Thunder,2022,81,true,-294,235
Oklahoma City Thunder,2022,82,true,-127,108
Oklahoma City Thunder,2023,1,true,122,-143
Oklahoma City Thunder,2023,2,true,121,-143
Oklahoma City Thunder,2023,3,false,136,-156
Oklahoma City Thunder,2023,4,true,-263,213
Oklahoma City Thunder,2023,5,false,-156,135
Oklahoma City Thunder,2023,6,false,200,-244
Oklahoma City Thunder,2023,7,true,-110,-108
Oklahoma City Thunder,2023,8,true,110,-130
Oklahoma City Thunder,2023,9,false,-122,104
Oklahoma City Thunder,2023,10,true,139,-161
Oklahoma City Thunder,2023,11,true,-500,371
Oklahoma City Thunder,2023,12,true,-156,136
Oklahoma City Thunder,2023,13,true,112,-132
Oklahoma City Thunder,2023,14,true,-278,224
Oklahoma City Thunder,2023,15,true,-294,236
Oklahoma City Thunder,2023,16,false,-102,-115
Oklahoma City Thunder,2023,17,false,129,-149
Oklahoma City Thunder,2023,18,true,-196,167
Oklahoma City Thunder,2023,19,true,-189,161
Oklahoma City Thunder,2023,20,false,-127,108
Oklahoma City Thunder,2023,21,true,-154,131
Oklahoma City Thunder,2023,22,true,-833,565
Oklahoma City Thunder,2023,23,false,112,-132
Oklahoma City Thunder,2023,24,true,179,-213
Oklahoma City Thunder,2023,25,true,-500,379
Oklahoma City Thunder,2023,26,true,-233,193
Oklahoma City Thunder,2023,27,false,-159,136
Oklahoma City Thunder,2023,28,true,-125,106
Oklahoma City Thunder,2023,29,true,-159,138
Oklahoma City Thunder,2023,30,true,110,-128
Oklahoma City Thunder,2023,31,true,-303,243
Oklahoma City Thunder,2023,32,true,145,-172
Oklahoma City Thunder,2023,33,false,-104,-112
Oklahoma City Thunder,2023,34,false,-189,161
Oklahoma City Thunder,2023,35,true,-625,448
Oklahoma City Thunder,2023,36,true,-185,154
Oklahoma City Thunder,2023,37,true,-1000,640
Oklahoma City Thunder,2023,38,true,-667,450
Oklahoma City Thunder,2023,39,false,-143,121
Oklahoma City Thunder,2023,40,false,191,-233
Oklahoma City Thunder,2023,41,true,-149,127
Oklahoma City Thunder,2023,42,true,125,-149
Oklahoma City Thunder,2023,43,true,-909,595
Oklahoma City Thunder,2023,44,true,-370,298
Oklahoma City Thunder,2023,45,true,-122,104
Oklahoma City Thunder,2023,46,false,-833,572
Oklahoma City Thunder,2023,47,false,-143,122
Oklahoma City Thunder,2023,48,true,-222,184
Oklahoma City Thunder,2023,49,true,-1429,798
Oklahoma City Thunder,2023,50,true,-357,285
Oklahoma City Thunder,2023,51,false,-152,129
Oklahoma City Thunder,2023,52,false,-119,100
Oklahoma City Thunder,2023,53,true,-154,131
Oklahoma City Thunder,2023,54,true,-141,120
Oklahoma City Thunder,2023,55,true,-120,102
Oklahoma City Thunder,2023,56,true,-1667,893
Oklahoma City Thunder,2023,57,true,-244,200
Oklahoma City Thunder,2023,58,true,-476,363
Oklahoma City Thunder,2023,59,false,-526,401
Oklahoma City Thunder,2023,60,true,-182,154
Oklahoma City Thunder,2023,61,false,-111,-104
Oklahoma City Thunder,2023,62,true,-833,576
Oklahoma City Thunder,2023,63,true,-370,296
Oklahoma City Thunder,2023,64,true,-1250,786
Oklahoma City Thunder,2023,65,false,-217,179
Oklahoma City Thunder,2023,66,true,-455,351
Oklahoma City Thunder,2023,67,true,-526,401
Oklahoma City Thunder,2023,68,true,-1429,796
Oklahoma City Thunder,2023,69,true,-1667,894
Oklahoma City Thunder,2023,70,false,120,-141
Oklahoma City Thunder,2023,71,true,-114,-103
Oklahoma City Thunder,2023,72,false,-192,161
Oklahoma City Thunder,2023,73,true,106,-127
Oklahoma City Thunder,2023,74,true,-119,102
Oklahoma City Thunder,2023,75,false,127,-152
Oklahoma City Thunder,2023,76,false,511,-769
Oklahoma City Thunder,2023,77,false,197,-238
Oklahoma City Thunder,2023,78,true,-312,249
Oklahoma City Thunder,2023,79,true,-208,172
Oklahoma City Thunder,2023,80,true,-1667,976
Oklahoma City Thunder,2023,81,true,-909,622
Oklahoma City Thunder,2023,82,true,-2000,1039
Oklahoma City Thunder,2024,1,true,112,-133
Oklahoma City Thunder,2024,2,true,-500,350
Oklahoma City Thunder,2024,3,true,-526,395
Oklahoma City Thunder,2024,4,true,-833,544
Oklahoma City Thunder,2024,5,true,-625,451
Oklahoma City Thunder,2024,6,true,-227,185
Oklahoma City Thunder,2024,7,true,-833,562
Oklahoma City Thunder,2024,8,false,-286,225
Oklahoma City Thunder,2024,9,true,-333,263
Oklahoma City Thunder,2024,10,false,-256,206
Oklahoma City Thunder,2024,11,true,-278,221
Oklahoma City Thunder,2024,12,true,-1111,691
Oklahoma City Thunder,2024,13,true,-303,239
Oklahoma City Thunder,2024,14,false,-303,235
Oklahoma City Thunder,2024,15,false,-476,367
Oklahoma City Thunder,2024,16,true,-833,568
Oklahoma City Thunder,2024,17,true,-161,133
Oklahoma City Thunder,2024,18,true,-185,152
Oklahoma City Thunder,2024,19,true,-152,125
Oklahoma City Thunder,2024,20,false,-120,100
Oklahoma City Thunder,2024,21,true,-1000,649
Oklahoma City Thunder,2024,22,true,-526,393
Oklahoma City Thunder,2024,23,true,-323,260
Oklahoma City Thunder,2024,24,true,-278,219
Oklahoma City Thunder,2024,25,true,-112,-106
Oklahoma City Thunder,2024,26,true,-2000,973
Oklahoma City Thunder,2024,27,true,-213,173
Oklahoma City Thunder,2024,28,true,-1000,650
Oklahoma City Thunder,2024,29,true,-323,254
Oklahoma City Thunder,2024,30,true,-263,213
Oklahoma City Thunder,2024,31,true,-714,496
Oklahoma City Thunder,2024,32,true,-175,143
Oklahoma City Thunder,2024,33,true,-109,-109
Oklahoma City Thunder,2024,34,false,124,-149
Oklahoma City Thunder,2024,35,true,-147,123
Oklahoma City Thunder,2024,36,true,-1429,850
Oklahoma City Thunder,2024,37,true,-1429,826
Oklahoma City Thunder,2024,38,true,-145,124
Oklahoma City Thunder,2024,39,false,-149,127
Oklahoma City Thunder,2024,40,true,-1667,871
Oklahoma City Thunder,2024,41,true,-1667,865
Oklahoma City Thunder,2024,42,false,-667,465
Oklahoma City Thunder,2024,43,true,-909,621
Oklahoma City Thunder,2024,44,false,-455,338
Oklahoma City Thunder,2024,45,true,-303,238
Oklahoma City Thunder,2024,46,true,-2000,996
Oklahoma City Thunder,2024,47,true,-769,526
Oklahoma City Thunder,2024,48,true,-2000,1057
Oklahoma City Thunder,2024,49,true,-122,100
Oklahoma City Thunder,2024,50,true,-1667,969
Oklahoma City Thunder,2024,51,true,-909,598
Oklahoma City Thunder,2024,52,false,-435,346
Oklahoma City Thunder,2024,53,true,-1250,750
Oklahoma City Thunder,2024,54,true,-370,293
Oklahoma City Thunder,2024,55,false,-667,462
Oklahoma City Thunder,2024,56,true,-1667,869
Oklahoma City Thunder,2024,57,true,-556,403
Oklahoma City Thunder,2024,58,true,-833,569
Oklahoma City Thunder,2024,59,true,-1111,697
Oklahoma City Thunder,2024,60,true,-278,227
Oklahoma City Thunder,2024,61,true,-122,104
Oklahoma City Thunder,2024,62,true,-294,242
Oklahoma City Thunder,2024,63,false,-400,308
Oklahoma City Thunder,2024,64,true,127,-147
Oklahoma City Thunder,2024,65,true,-179,150
Oklahoma City Thunder,2024,66,true,-222,181
Oklahoma City Thunder,2024,67,true,-625,449
Oklahoma City Thunder,2024,68,true,-2500,1256
Oklahoma City Thunder,2024,69,true,-116,-102
Oklahoma City Thunder,2024,70,true,-385,292
Oklahoma City Thunder,2024,71,true,-556,401
Oklahoma City Thunder,2024,72,true,-385,291
Oklahoma City Thunder,2024,73,true,-1250,742
Oklahoma City Thunder,2024,74,true,-833,568
Oklahoma City Thunder,2024,75,false,-238,188
Oklahoma City Thunder,2024,76,false,-385,301
Oklahoma City Thunder,2024,77,true,-417,309
Oklahoma City Thunder,2024,78,true,-294,237
Oklahoma City Thunder,2024,79,true,-400,307
Oklahoma City Thunder,2024,80,true,-769,518
Oklahoma City Thunder,2025,1,true,-250,210
Oklahoma City Thunder,2025,2,true,-303,250
Oklahoma City Thunder,2025,3,true,-345,275
Oklahoma City Thunder,2025,4,true,-385,300
Oklahoma City Thunder,2025,5,true,-385,309
Oklahoma City Thunder,2025,6,true,-1250,775
Oklahoma City Thunder,2025,7,true,-714,550
Oklahoma City Thunder,2025,8,true,-323,260
Oklahoma City Thunder,2025,9,false,-169,145
Oklahoma City Thunder,2025,10,true,-588,450
Oklahoma City Thunder,2025,11,true,-526,400
Oklahoma City Thunder,2025,12,true,-312,260
Oklahoma City Thunder,2025,13,true,-333,265
Oklahoma City Thunder,2025,14,true,-1667,1000
Oklahoma City Thunder,2025,15,true,-2000,1150
Oklahoma City Thunder,2025,16,true,-2000,1150
Oklahoma City Thunder,2025,17,true,-1667,950
Oklahoma City Thunder,2025,18,true,-1250,850
Oklahoma City Thunder,2025,19,true,-500,375
Oklahoma City Thunder,2025,20,true,-909,675
Oklahoma City Thunder,2025,21,true,-588,500
Oklahoma City Thunder,2025,22,true,-556,425
Oklahoma City Thunder,2025,23,true,-1111,800
Oklahoma City Thunder,2025,24,true,-556,425
Oklahoma City Thunder,2025,25,true,-1429,950
Oklahoma City Thunder,2025,26,false,-250,210
Oklahoma City Thunder,2025,27,true,-1250,750
Oklahoma City Thunder,2025,28,false,-233,200
Oklahoma City Thunder,2025,29,false,-370,315
Oklahoma City Thunder,2025,30,true,-769,610
Oklahoma City Thunder,2025,31,true,-1250,750
Oklahoma City Thunder,2025,32,true,-1000,675
Oklahoma City Thunder,2025,33,true,-714,530
Oklahoma City Thunder,2025,34,false,-400,340
Oklahoma City Thunder,2025,35,false,-1111,730
Oklahoma City Thunder,2025,36,true,-1111,950
Oklahoma City Thunder,2025,37,true,-213,179
Oklahoma City Thunder,2025,38,true,-769,625
Oklahoma City Thunder,2025,39,true,-294,260
Oklahoma City Thunder,2025,40,true,-175,150
Oklahoma City Thunder,2025,41,false,-455,375
Oklahoma City Thunder,2025,42,true,-222,184
Oklahoma City Thunder,2025,43,true,-556,430
Oklahoma City Thunder,2025,44,false,-909,700
Oklahoma City Thunder,2025,45,false,-500,400
Oklahoma City Thunder,2025,46,true,-833,575
Oklahoma City Thunder,2025,47,false,-185,179
Oklahoma City Thunder,2025,48,true,-227,190
Oklahoma City Thunder,2025,49,true,-455,375
Oklahoma City Thunder,2025,50,false,330,-417
Oklahoma City Thunder,2025,51,false,-159,140
Oklahoma City Thunder,2025,52,true,-238,204
Oklahoma City Thunder,2025,53,true,-278,240
Oklahoma City Thunder,2025,54,false,-588,500
Oklahoma City Thunder,2025,55,true,-1250,810
Oklahoma City Thunder,2025,56,true,150,-179
Oklahoma City Thunder,2025,57,true,100,-105
Oklahoma City Thunder,2025,58,false,350,-455
Oklahoma City Thunder,2025,59,true,-238,204
Oklahoma City Thunder,2025,60,true,-1250,750
Oklahoma City Thunder,2025,61,true,-385,309
Oklahoma City Thunder,2025,62,true,-169,150
Oklahoma City Thunder,2025,63,true,-588,475
Oklahoma City Thunder,2025,64,true,-154,140
Oklahoma City Thunder,2025,65,true,-345,290
Oklahoma City Thunder,2025,66,true,-385,315
Oklahoma City Thunder,2025,67,true,-435,350
Oklahoma City Thunder,2025,68,true,-2000,1200
Oklahoma City Thunder,2025,69,true,-3333,1400
Oklahoma City Thunder,2025,70,true,-1111,775
Oklahoma City Thunder,2025,71,false,-130,118
Oklahoma City Thunder,2025,72,true,-2500,1300
Oklahoma City Thunder,2025,73,true,-333,300
Oklahoma City Thunder,2025,74,true,-588,500
Oklahoma City Thunder,2025,75,true,-370,300
Oklahoma City Thunder,2025,76,true,-10000,2500
Oklahoma City Thunder,2025,77,true,-2000,1300
Oklahoma City Thunder,2025,78,true,-357,290
Oklahoma City Thunder,2025,79,false,120,-132
Oklahoma City Thunder,2025,80,false,-303,250
Orlando Magic,2016,1,false,-154,131
Orlando Magic,2016,2,false,149,-179
Orlando Magic,2016,3,false,588,-833
Orlando Magic,2016,4,true,-217,179
Orlando Magic,2016,5,true,-108,-111
Orlando Magic,2016,6,true,-263,214
Orlando Magic,2016,7,false,238,-294
Orlando Magic,2016,8,false,-143,121
Orlando Magic,2016,9,false,183,-217
Orlando Magic,2016,10,true,390,-526
Orlando Magic,2016,11,false,281,-357
Orlando Magic,2016,12,true,-333,263
Orlando Magic,2016,13,true,-357,285
Orlando Magic,2016,14,false,227,-278
Orlando Magic,2016,15,false,-185,156
Orlando Magic,2016,16,false,110,-130
Orlando Magic,2016,17,false,-119,100
Orlando Magic,2016,18,true,744,-1111
Orlando Magic,2016,19,false,-179,150
Orlando Magic,2016,20,true,104,-122
Orlando Magic,2016,21,true,260,-333
Orlando Magic,2016,22,true,124,-147
Orlando Magic,2016,23,false,102,-122
Orlando Magic,2016,24,false,254,-323
Orlando Magic,2016,25,false,106,-127
Orlando Magic,2016,26,true,308,-385
Orlando Magic,2016,27,false,330,-435
Orlando Magic,2016,28,true,-294,240
Orlando Magic,2016,29,false,198,-238
Orlando Magic,2016,30,true,144,-169
Orlando Magic,2016,31,false,158,-185
Orlando Magic,2016,32,true,-196,166
Orlando Magic,2016,33,true,136,-161
Orlando Magic,2016,34,false,158,-185
Orlando Magic,2016,35,false,194,-233
Orlando Magic,2016,36,true,149,-175
Orlando Magic,2016,37,false,110,-132
Orlando Magic,2016,38,false,175,-213
Orlando Magic,2016,39,false,124,-145
Orlando Magic,2016,40,false,426,-588
Orlando Magic,2016,41,true,250,-303
Orlando Magic,2016,42,false,601,-833
Orlando Magic,2016,43,false,181,-217
Orlando Magic,2016,44,false,165,-196
Orlando Magic,2016,45,true,139,-164
Orlando Magic,2016,46,false,986,-1667
Orlando Magic,2016,47,false,131,-156
Orlando Magic,2016,48,false,260,-323
Orlando Magic,2016,49,true,488,-667
Orlando Magic,2016,50,false,297,-385
Orlando Magic,2016,51,false,120,-141
Orlando Magic,2016,52,true,175,-213
Orlando Magic,2016,53,false,266,-323
Orlando Magic,2016,54,false,542,-769
Orlando Magic,2016,55,false,-250,209
Orlando Magic,2016,56,false,219,-263
Orlando Magic,2016,57,true,266,-333
Orlando Magic,2016,58,false,448,-625
Orlando Magic,2016,59,false,129,-152
Orlando Magic,2016,60,true,141,-167
Orlando Magic,2016,61,false,-132,110
Orlando Magic,2016,62,true,168,-200
Orlando Magic,2016,63,false,604,-833
Orlando Magic,2016,64,false,-161,138
Orlando Magic,2016,65,true,-106,-111
Orlando Magic,2016,66,false,351,-455
Orlando Magic,2016,67,false,343,-455
Orlando Magic,2016,68,false,-128,108
Orlando Magic,2016,69,false,819,-1429
Orlando Magic,2016,70,true,112,-132
Orlando Magic,2016,71,true,-250,204
Orlando Magic,2016,72,false,162,-192
Orlando Magic,2016,73,true,114,-135
Orlando Magic,2016,74,false,281,-357
Orlando Magic,2016,75,false,181,-217
Orlando Magic,2016,76,false,462,-625
Orlando Magic,2016,77,false,147,-172
Orlando Magic,2016,78,false,505,-714
Orlando Magic,2016,79,true,-116,-101
Orlando Magic,2016,80,false,160,-189
Orlando Magic,2016,81,false,308,-400
Orlando Magic,2016,82,true,-123,104
Orlando Magic,2017,1,true,141,-167
Orlando Magic,2017,2,false,112,-133
Orlando Magic,2017,3,true,591,-833
Orlando Magic,2017,4,true,-196,165
Orlando Magic,2017,5,true,175,-213
Orlando Magic,2017,6,false,147,-172
Orlando Magic,2017,7,true,242,-294
Orlando Magic,2017,8,true,124,-147
Orlando Magic,2017,9,false,-333,268
Orlando Magic,2017,10,false,136,-161
Orlando Magic,2017,11,true,-370,297
Orlando Magic,2017,12,true,-161,139
Orlando Magic,2017,13,false,292,-370
Orlando Magic,2017,14,false,562,-769
Orlando Magic,2017,15,false,171,-204
Orlando Magic,2017,16,false,-250,208
Orlando Magic,2017,17,false,-164,139
Orlando Magic,2017,18,false,223,-270
Orlando Magic,2017,19,false,239,-294
Orlando Magic,2017,20,false,183,-217
Orlando Magic,2017,21,false,160,-189
Orlando Magic,2017,22,true,199,-244
Orlando Magic,2017,23,false,467,-625
Orlando Magic,2017,24,true,-139,118
Orlando Magic,2017,25,false,247,-303
Orlando Magic,2017,26,true,-250,210
Orlando Magic,2017,27,false,-125,106
Orlando Magic,2017,28,false,167,-196
Orlando Magic,2017,29,false,-105,-112
Orlando Magic,2017,30,false,156,-182
Orlando Magic,2017,31,false,309,-385
Orlando Magic,2017,32,false,167,-200
Orlando Magic,2017,33,false,204,-244
Orlando Magic,2017,34,false,607,-909
Orlando Magic,2017,35,false,297,-370
Orlando Magic,2017,36,true,145,-169
Orlando Magic,2017,37,false,100,-119
Orlando Magic,2017,38,false,104,-123
Orlando Magic,2017,39,false,250,-303
Orlando Magic,2017,40,false,337,-435
Orlando Magic,2017,41,false,242,-303
Orlando Magic,2017,42,false,454,-625
Orlando Magic,2017,43,false,501,-714
Orlando Magic,2017,44,true,304,-385
Orlando Magic,2017,45,false,576,-833
Orlando Magic,2017,46,true,475,-667
Orlando Magic,2017,47,false,-312,254
Orlando Magic,2017,48,false,219,-263
Orlando Magic,2017,49,false,699,-1111
Orlando Magic,2017,50,true,131,-152
Orlando Magic,2017,51,false,152,-182
Orlando Magic,2017,52,true,315,-400
Orlando Magic,2017,53,true,240,-294
Orlando Magic,2017,54,true,106,-128
Orlando Magic,2017,55,false,173,-208
Orlando Magic,2017,56,false,160,-189
Orlando Magic,2017,57,false,202,-244
Orlando Magic,2017,58,false,-161,137
Orlando Magic,2017,59,false,397,-526
Orlando Magic,2017,60,false,454,-625
Orlando Magic,2017,61,false,353,-455
Orlando Magic,2017,62,true,117,-137
Orlando Magic,2017,63,true,-286,236
Orlando Magic,2017,64,false,394,-526
Orlando Magic,2017,65,false,223,-270
Orlando Magic,2017,66,false,124,-147
Orlando Magic,2017,67,false,601,-909
Orlando Magic,2017,68,false,476,-667
Orlando Magic,2017,69,true,432,-588
Orlando Magic,2017,70,false,225,-270
Orlando Magic,2017,71,false,369,-476
Orlando Magic,2017,72,false,301,-385
Orlando Magic,2017,73,true,-312,254
Orlando Magic,2017,74,false,125,-147
Orlando Magic,2017,75,false,-263,217
Orlando Magic,2017,76,false,104,-122
Orlando Magic,2017,77,true,-103,-115
Orlando Magic,2017,78,true,-132,110
Orlando Magic,2017,79,false,261,-323
Orlando Magic,2017,80,false,530,-714
Orlando Magic,2017,81,false,437,-588
Orlando Magic,2017,82,true,214,-263
Orlando Magic,2018,1,true,114,-133
Orlando Magic,2018,2,false,102,-120
Orlando Magic,2018,3,false,823,-1250
Orlando Magic,2018,4,true,599,-833
Orlando Magic,2018,5,false,138,-164
Orlando Magic,2018,6,false,430,-588
Orlando Magic,2018,7,false,-192,163
Orlando Magic,2018,8,false,142,-169
Orlando Magic,2018,9,true,275,-345
Orlando Magic,2018,10,true,-185,156
Orlando Magic,2018,11,false,123,-145
Orlando Magic,2018,12,true,144,-169
Orlando Magic,2018,13,true,137,-161
Orlando Magic,2018,14,false,259,-312
Orlando Magic,2018,15,true,195,-238
Orlando Magic,2018,16,true,154,-182
Orlando Magic,2018,17,true,-189,160
Orlando Magic,2018,18,false,239,-294
Orlando Magic,2018,19,false,303,-385
Orlando Magic,2018,20,true,285,-357
Orlando Magic,2018,21,false,247,-303
Orlando Magic,2018,22,false,374,-476
Orlando Magic,2018,23,true,-189,156
Orlando Magic,2018,24,true,125,-145
Orlando Magic,2018,25,false,160,-192
Orlando Magic,2018,26,false,-169,143
Orlando Magic,2018,27,false,163,-192
Orlando Magic,2018,28,true,-233,193
Orlando Magic,2018,29,true,202,-244
Orlando Magic,2018,30,false,131,-156
Orlando Magic,2018,31,false,-154,131
Orlando Magic,2018,32,false,-135,114
Orlando Magic,2018,33,false,-222,184
Orlando Magic,2018,34,true,170,-204
Orlando Magic,2018,35,true,-122,102
Orlando Magic,2018,36,false,288,-357
Orlando Magic,2018,37,true,-118,100
Orlando Magic,2018,38,false,152,-179
Orlando Magic,2018,39,false,227,-278
Orlando Magic,2018,40,false,160,-189
Orlando Magic,2018,41,false,369,-476
Orlando Magic,2018,42,true,241,-294
Orlando Magic,2018,43,true,177,-217
Orlando Magic,2018,44,false,143,-169
Orlando Magic,2018,45,false,-133,112
Orlando Magic,2018,46,false,423,-556
Orlando Magic,2018,47,true,114,-135
Orlando Magic,2018,48,false,172,-208
Orlando Magic,2018,49,false,-159,134
Orlando Magic,2018,50,false,322,-417
Orlando Magic,2018,51,false,134,-159
Orlando Magic,2018,52,true,-159,135
Orlando Magic,2018,53,true,-152,127
Orlando Magic,2018,54,false,338,-435
Orlando Magic,2018,55,true,-161,139
Orlando Magic,2018,56,true,222,-270
Orlando Magic,2018,57,true,-118,-101
Orlando Magic,2018,58,true,164,-196
Orlando Magic,2018,59,true,-172,146
Orlando Magic,2018,60,false,-357,288
Orlando Magic,2018,61,true,248,-312
Orlando Magic,2018,62,false,-333,264
Orlando Magic,2018,63,true,158,-192
Orlando Magic,2018,64,true,129,-152
Orlando Magic,2018,65,false,-244,202
Orlando Magic,2018,66,false,156,-185
Orlando Magic,2018,67,true,-294,234
Orlando Magic,2018,68,false,-106,-111
Orlando Magic,2018,69,false,104,-123
Orlando Magic,2018,70,true,-400,317
Orlando Magic,2018,71,true,-385,308
Orlando Magic,2018,72,true,-455,355
Orlando Magic,2018,73,true,-625,457
Orlando Magic,2018,74,true,-130,110
Orlando Magic,2018,75,true,138,-161
Orlando Magic,2018,76,false,131,-156
Orlando Magic,2018,77,true,104,-123
Orlando Magic,2018,78,false,227,-278
Orlando Magic,2018,79,true,-1250,753
Orlando Magic,2018,80,true,-435,334
Orlando Magic,2018,81,true,149,-175
Orlando Magic,2018,82,true,150,-175
Orlando Magic,2019,1,true,-526,391
Orlando Magic,2019,2,false,-135,114
Orlando Magic,2019,3,false,166,-196
Orlando Magic,2019,4,true,-500,380
Orlando Magic,2019,5,false,154,-185
Orlando Magic,2019,6,false,144,-172
Orlando Magic,2019,7,false,125,-149
Orlando Magic,2019,8,false,239,-294
Orlando Magic,2019,9,true,-323,259
Orlando Magic,2019,10,false,-200,167
Orlando Magic,2019,11,true,-137,116
Orlando Magic,2019,12,true,-143,121
Orlando Magic,2019,13,true,-238,198
Orlando Magic,2019,14,false,129,-152
Orlando Magic,2019,15,false,218,-270
Orlando Magic,2019,16,false,159,-189
Orlando Magic,2019,17,true,-109,-109
Orlando Magic,2019,18,false,131,-156
Orlando Magic,2019,19,true,-357,282
Orlando Magic,2019,20,true,-109,-110
Orlando Magic,2019,21,true,104,-123
Orlando Magic,2019,22,true,-200,168
Orlando Magic,2019,23,false,669,-1000
Orlando Magic,2019,24,false,326,-417
Orlando Magic,2019,25,false,223,-270
Orlando Magic,2019,26,true,-109,-109
Orlando Magic,2019,27,false,219,-270
Orlando Magic,2019,28,false,353,-455
Orlando Magic,2019,29,false,135,-161
Orlando Magic,2019,30,true,-208,175
Orlando Magic,2019,31,true,145,-172
Orlando Magic,2019,32,false,217,-263
Orlando Magic,2019,33,false,-667,472
Orlando Magic,2019,34,true,-154,129
Orlando Magic,2019,35,true,-112,-105
Orlando Magic,2019,36,false,139,-164
Orlando Magic,2019,37,true,-196,166
Orlando Magic,2019,38,true,-526,387
Orlando Magic,2019,39,false,154,-182
Orlando Magic,2019,40,true,-105,-112
Orlando Magic,2019,41,true,429,-588
Orlando Magic,2019,42,false,416,-556
Orlando Magic,2019,43,false,-238,196
Orlando Magic,2019,44,true,-167,142
Orlando Magic,2019,45,false,-139,118
Orlando Magic,2019,46,false,-135,114
Orlando Magic,2019,47,false,131,-156
Orlando Magic,2019,48,false,227,-278
Orlando Magic,2019,49,false,117,-139
Orlando Magic,2019,50,true,-204,169
Orlando Magic,2019,51,false,192,-233
Orlando Magic,2019,52,false,-164,139
Orlando Magic,2019,53,false,313,-400
Orlando Magic,2019,54,true,-400,313
Orlando Magic,2019,55,true,-278,225
Orlando Magic,2019,56,false,150,-175
Orlando Magic,2019,57,true,138,-164
Orlando Magic,2019,58,true,-141,118
Orlando Magic,2019,59,true,-345,275
Orlando Magic,2019,60,false,146,-169
Orlando Magic,2019,61,false,-256,214
Orlando Magic,2019,62,false,227,-278
Orlando Magic,2019,63,true,-141,119
Orlando Magic,2019,64,true,274,-333
Orlando Magic,2019,65,true,112,-132
Orlando Magic,2019,66,true,-323,267
Orlando Magic,2019,67,true,-127,108
Orlando Magic,2019,68,false,-116,100
Orlando Magic,2019,69,false,263,-312
Orlando Magic,2019,70,false,175,-204
Orlando Magic,2019,71,false,309,-385
Orlando Magic,2019,72,false,-192,167
Orlando Magic,2019,73,true,-167,146
Orlando Magic,2020,1,true,165,-196
Orlando Magic,2020,2,true,108,-128
Orlando Magic,2020,3,true,-127,108
Orlando Magic,2020,4,true,-263,215
Orlando Magic,2020,5,false,141,-164
Orlando Magic,2020,6,false,-192,164
Orlando Magic,2020,7,true,-227,187
Orlando Magic,2020,8,true,-208,173
Orlando Magic,2020,9,false,233,-286
Orlando Magic,2020,10,false,202,-244
Orlando Magic,2020,11,false,396,-526
Orlando Magic,2020,12,false,149,-175
Orlando Magic,2020,13,false,345,-435
Orlando Magic,2020,14,false,-132,110
Orlando Magic,2020,15,true,-172,149
Orlando Magic,2020,16,false,167,-192
Orlando Magic,2020,17,false,108,-128
Orlando Magic,2020,18,true,-115,-102
Orlando Magic,2020,19,false,-119,100
Orlando Magic,2020,20,false,242,-286
Orlando Magic,2020,21,false,189,-222
Orlando Magic,2020,22,false,210,-250
Orlando Magic,2020,23,true,114,-135
Orlando Magic,2020,24,false,102,-120
Orlando Magic,2020,25,false,206,-244
Orlando Magic,2020,26,false,329,-417
Orlando Magic,2020,27,true,219,-263
Orlando Magic,2020,28,false,514,-714
Orlando Magic,2020,29,true,136,-159
Orlando Magic,2020,30,true,171,-200
Orlando Magic,2020,31,true,-156,134
Orlando Magic,2020,32,false,-179,154
Orlando Magic,2020,33,false,313,-385
Orlando Magic,2020,34,false,365,-476
Orlando Magic,2020,35,false,231,-278
Orlando Magic,2020,36,false,123,-143
Orlando Magic,2020,37,false,322,-400
Orlando Magic,2020,38,false,248,-303
Orlando Magic,2020,39,false,256,-312
Orlando Magic,2020,40,false,175,-208
Orlando Magic,2020,41,true,437,-588
Orlando Magic,2020,42,false,316,-400
Orlando Magic,2020,43,false,261,-323
Orlando Magic,2020,44,true,366,-476
Orlando Magic,2020,45,false,379,-500
Orlando Magic,2020,46,false,231,-286
Orlando Magic,2020,47,true,500,-667
Orlando Magic,2020,48,true,177,-213
Orlando Magic,2020,49,false,911,-1429
Orlando Magic,2020,50,false,1210,-2500
Orlando Magic,2020,51,false,162,-189
Orlando Magic,2020,52,false,206,-244
Orlando Magic,2020,53,false,322,-400
Orlando Magic,2020,54,false,224,-270
Orlando Magic,2020,55,true,380,-476
Orlando Magic,2020,56,false,131,-154
Orlando Magic,2020,57,false,-103,-114
Orlando Magic,2020,58,false,589,-833
Orlando Magic,2020,59,false,368,-455
Orlando Magic,2020,60,false,192,-227
Orlando Magic,2020,61,false,523,-714
Orlando Magic,2020,62,true,144,-167
Orlando Magic,2020,63,false,644,-909
Orlando Magic,2020,64,true,535,-769
Orlando Magic,2020,65,true,106,-123
Orlando Magic,2020,66,false,597,-833
Orlando Magic,2020,67,false,260,-323
Orlando Magic,2020,68,false,254,-312
Orlando Magic,2020,69,false,969,-1667
Orlando Magic,2020,70,false,647,-909
Orlando Magic,2020,71,false,868,-1429
Orlando Magic,2020,72,false,206,-250
Orlando Magic,2021,1,false,218,-256
Orlando Magic,2021,2,false,272,-333
Orlando Magic,2021,3,true,553,-769
Orlando Magic,2021,4,false,687,-1000
Orlando Magic,2021,5,false,189,-222
Orlando Magic,2021,6,false,346,-435
Orlando Magic,2021,7,false,196,-233
Orlando Magic,2021,8,true,323,-400
Orlando Magic,2021,9,false,236,-286
Orlando Magic,2021,10,false,143,-167
Orlando Magic,2021,11,true,480,-625
Orlando Magic,2021,12,false,365,-455
Orlando Magic,2021,13,false,160,-185
Orlando Magic,2021,14,false,424,-556
Orlando Magic,2021,15,true,538,-714
Orlando Magic,2021,16,false,375,-476
Orlando Magic,2021,17,false,647,-1000
Orlando Magic,2021,18,false,708,-1111
Orlando Magic,2021,19,false,264,-323
Orlando Magic,2021,20,false,344,-435
Orlando Magic,2021,21,false,380,-500
Orlando Magic,2021,22,false,702,-1000
Orlando Magic,2021,23,true,281,-345
Orlando Magic,2021,24,false,129,-149
Orlando Magic,2021,25,false,1013,-1667
Orlando Magic,2021,26,false,250,-303
Orlando Magic,2021,27,false,300,-370
Orlando Magic,2021,28,false,365,-455
Orlando Magic,2021,29,false,256,-312
Orlando Magic,2021,30,false,323,-400
Orlando Magic,2021,31,true,177,-208
Orlando Magic,2021,32,true,250,-303
Orlando Magic,2021,33,false,166,-192
Orlando Magic,2021,34,false,433,-556
Orlando Magic,2021,35,false,840,-1429
Orlando Magic,2021,36,false,791,-1250
Orlando Magic,2021,37,false,415,-526
Orlando Magic,2021,38,false,722,-1111
Orlando Magic,2021,39,false,311,-385
Orlando Magic,2021,40,false,100,-119
Orlando Magic,2021,41,false,245,-294
Orlando Magic,2021,42,false,208,-250
Orlando Magic,2021,43,true,480,-667
Orlando Magic,2021,44,false,495,-667
Orlando Magic,2021,45,false,110,-130
Orlando Magic,2021,46,false,543,-769
Orlando Magic,2021,47,false,167,-196
Orlando Magic,2021,48,true,139,-161
Orlando Magic,2021,49,false,-116,100
Orlando Magic,2021,50,true,-156,135
Orlando Magic,2021,51,true,168,-196
Orlando Magic,2021,52,false,286,-345
Orlando Magic,2021,53,true,139,-161
Orlando Magic,2021,54,false,296,-357
Orlando Magic,2021,55,false,363,-455
Orlando Magic,2021,56,true,-114,-102
Orlando Magic,2021,57,false,569,-769
Orlando Magic,2021,58,false,1083,-2000
Orlando Magic,2021,59,false,504,-667
Orlando Magic,2021,60,false,181,-217
Orlando Magic,2021,61,true,-156,135
Orlando Magic,2021,62,true,-137,119
Orlando Magic,2021,63,false,112,-132
Orlando Magic,2021,64,true,261,-312
Orlando Magic,2021,65,false,985,-1667
Orlando Magic,2021,66,false,200,-238
Orlando Magic,2021,67,true,298,-370
Orlando Magic,2021,68,true,305,-370
Orlando Magic,2021,69,false,473,-625
Orlando Magic,2021,70,false,386,-500
Orlando Magic,2021,71,false,-147,127
Orlando Magic,2021,72,true,-345,285
Orlando Magic,2021,73,true,257,-312
Orlando Magic,2021,74,false,-128,110
Orlando Magic,2021,75,false,-137,118
Orlando Magic,2021,76,false,307,-385
Orlando Magic,2021,77,false,144,-167
Orlando Magic,2021,78,false,494,-667
Orlando Magic,2021,79,false,175,-208
Orlando Magic,2021,80,true,279,-345
Orlando Magic,2021,81,false,776,-1250
Orlando Magic,2021,82,true,241,-286
Orlando Magic,2022,1,false,129,-156
Orlando Magic,2022,2,false,308,-400
Orlando Magic,2022,3,false,305,-400
Orlando Magic,2022,4,false,243,-312
Orlando Magic,2022,5,false,299,-385
Orlando Magic,2022,6,true,102,-122
Orlando Magic,2022,7,false,338,-455
Orlando Magic,2022,8,false,131,-159
Orlando Magic,2022,9,true,333,-455
Orlando Magic,2022,10,false,156,-189
Orlando Magic,2022,11,false,-196,163
Orlando Magic,2022,12,true,293,-370
Orlando Magic,2022,13,true,229,-294
Orlando Magic,2022,14,false,104,-123
Orlando Magic,2022,15,false,252,-312
Orlando Magic,2022,16,true,289,-370
Orlando Magic,2022,17,false,231,-286
Orlando Magic,2022,18,false,229,-286
Orlando Magic,2022,19,false,-120,102
Orlando Magic,2022,20,false,-111,-108
Orlando Magic,2022,21,false,478,-714
Orlando Magic,2022,22,false,204,-250
Orlando Magic,2022,23,false,421,-588
Orlando Magic,2022,24,false,450,-625
Orlando Magic,2022,25,false,393,-556
Orlando Magic,2022,26,true,214,-263
Orlando Magic,2022,27,true,282,-357
Orlando Magic,2022,28,true,209,-256
Orlando Magic,2022,29,true,123,-147
Orlando Magic,2022,30,true,644,-1111
Orlando Magic,2022,31,true,388,-526
Orlando Magic,2022,32,false,290,-370
Orlando Magic,2022,33,true,-103,-116
Orlando Magic,2022,34,true,-233,191
Orlando Magic,2022,35,false,-152,127
Orlando Magic,2022,36,false,-109,-110
Orlando Magic,2022,37,false,152,-182
Orlando Magic,2022,38,true,-101,-118
Orlando Magic,2022,39,false,214,-263
Orlando Magic,2022,40,true,206,-250
Orlando Magic,2022,41,false,206,-256
Orlando Magic,2022,42,true,266,-333
Orlando Magic,2022,43,false,177,-217
Orlando Magic,2022,44,false,384,-500
Orlando Magic,2022,45,true,-109,-110
Orlando Magic,2022,46,false,213,-263
Orlando Magic,2022,47,true,254,-323
Orlando Magic,2022,48,true,-200,166
Orlando Magic,2022,49,false,279,-357
Orlando Magic,2022,50,false,116,-137
Orlando Magic,2022,51,true,345,-476
Orlando Magic,2022,52,false,344,-476
Orlando Magic,2022,53,true,172,-204
Orlando Magic,2022,54,true,108,-127
Orlando Magic,2022,55,false,102,-118
Orlando Magic,2022,56,true,171,-204
Orlando Magic,2022,57,false,106,-123
Orlando Magic,2022,58,true,152,-179
Orlando Magic,2022,59,false,244,-303
Orlando Magic,2022,60,true,-312,254
Orlando Magic,2022,61,false,-139,120
Orlando Magic,2022,62,true,166,-196
Orlando Magic,2022,63,false,281,-345
Orlando Magic,2022,64,true,-169,143
Orlando Magic,2022,65,false,-145,121
Orlando Magic,2022,66,false,116,-139
Orlando Magic,2022,67,false,-175,147
Orlando Magic,2022,68,true,120,-143
Orlando Magic,2022,69,false,-286,227
Orlando Magic,2022,70,false,263,-323
Orlando Magic,2022,71,true,216,-263
Orlando Magic,2022,72,false,209,-256
Orlando Magic,2022,73,true,-111,-105
Orlando Magic,2022,74,true,124,-145
Orlando Magic,2022,75,true,-125,106
Orlando Magic,2022,76,false,209,-256
Orlando Magic,2022,77,true,-189,158
Orlando Magic,2022,78,true,-625,434
Orlando Magic,2022,79,false,154,-182
Orlando Magic,2022,80,false,-227,186
Orlando Magic,2022,81,false,370,-500
Orlando Magic,2022,82,false,172,-204
Orlando Magic,2023,1,true,-182,154
Orlando Magic,2023,2,true,-167,143
Orlando Magic,2023,3,false,143,-164
Orlando Magic,2023,4,false,202,-244
Orlando Magic,2023,5,true,-120,104
Orlando Magic,2023,6,true,138,-161
Orlando Magic,2023,7,false,-106,-111
Orlando Magic,2023,8,false,136,-156
Orlando Magic,2023,9,true,110,-130
Orlando Magic,2023,10,false,122,-143
Orlando Magic,2023,11,true,112,-132
Orlando Magic,2023,12,true,140,-164
Orlando Magic,2023,13,true,154,-182
Orlando Magic,2023,14,true,-123,104
Orlando Magic,2023,15,true,133,-154
Orlando Magic,2023,16,true,179,-213
Orlando Magic,2023,17,true,-263,209
Orlando Magic,2023,18,true,-455,334
Orlando Magic,2023,19,true,-476,363
Orlando Magic,2023,20,false,117,-137
Orlando Magic,2023,21,false,149,-175
Orlando Magic,2023,22,true,-526,384
Orlando Magic,2023,23,true,-137,116
Orlando Magic,2023,24,false,181,-222
Orlando Magic,2023,25,false,282,-357
Orlando Magic,2023,26,false,-204,172
Orlando Magic,2023,27,false,281,-345
Orlando Magic,2023,28,true,116,-135
Orlando Magic,2023,29,true,-286,229
Orlando Magic,2023,30,false,-135,116
Orlando Magic,2023,31,true,-105,-114
Orlando Magic,2023,32,false,181,-222
Orlando Magic,2023,33,false,140,-164
Orlando Magic,2023,34,false,177,-213
Orlando Magic,2023,35,true,368,-500
Orlando Magic,2023,36,true,117,-137
Orlando Magic,2023,37,false,177,-208
Orlando Magic,2023,38,false,104,-122
Orlando Magic,2023,39,false,450,-667
Orlando Magic,2023,40,true,190,-233
Orlando Magic,2023,41,false,148,-175
Orlando Magic,2023,42,false,170,-204
Orlando Magic,2023,43,true,-110,-108
Orlando Magic,2023,44,false,114,-135
Orlando Magic,2023,45,false,-244,198
Orlando Magic,2023,46,true,104,-122
Orlando Magic,2023,47,false,145,-172
Orlando Magic,2023,48,true,-244,202
Orlando Magic,2023,49,true,217,-270
Orlando Magic,2023,50,true,-250,206
Orlando Magic,2023,51,false,134,-156
Orlando Magic,2023,52,true,-500,372
Orlando Magic,2023,53,true,-204,170
Orlando Magic,2023,54,false,120,-141
Orlando Magic,2023,55,true,-161,138
Orlando Magic,2023,56,true,177,-217
Orlando Magic,2023,57,true,-333,273
Orlando Magic,2023,58,false,108,-128
Orlando Magic,2023,59,true,-250,202
Orlando Magic,2023,60,true,-270,218
Orlando Magic,2023,61,true,-625,430
Orlando Magic,2023,62,true,-357,285
Orlando Magic,2023,63,true,-270,222
Orlando Magic,2023,64,false,121,-139
Orlando Magic,2023,65,false,-103,-112
Orlando Magic,2023,66,true,-244,198
Orlando Magic,2023,67,true,-312,252
Orlando Magic,2023,68,true,-667,457
Orlando Magic,2023,69,true,-909,574
Orlando Magic,2023,70,true,119,-139
Orlando Magic,2023,71,false,-143,122
Orlando Magic,2023,72,false,-175,149
Orlando Magic,2023,73,false,104,-123
Orlando Magic,2023,74,true,-833,569
Orlando Magic,2023,75,true,-2000,1029
Orlando Magic,2023,76,true,164,-196
Orlando Magic,2023,77,false,-714,511
Orlando Magic,2023,78,true,-278,227
Orlando Magic,2023,79,false,-137,117
Orlando Magic,2023,80,false,-123,104
Orlando Magic,2023,81,false,200,-250
Orlando Magic,2023,82,true,-233,189
Orlando Magic,2024,1,true,108,-130
Orlando Magic,2024,2,true,-625,455
Orlando Magic,2024,3,false,-137,110
Orlando Magic,2024,4,true,-213,174
Orlando Magic,2024,5,false,-233,187
Orlando Magic,2024,6,false,240,-303
Orlando Magic,2024,7,false,220,-278
Orlando Magic,2024,8,false,562,-833
Orlando Magic,2024,9,false,177,-217
Orlando Magic,2024,10,true,-345,275
Orlando Magic,2024,11,true,-625,441
Orlando Magic,2024,12,true,-385,296
Orlando Magic,2024,13,true,-114,-104
Orlando Magic,2024,14,true,-141,118
Orlando Magic,2024,15,true,-185,154
Orlando Magic,2024,16,false,-149,125
Orlando Magic,2024,17,true,183,-227
Orlando Magic,2024,18,true,-417,318
Orlando Magic,2024,19,true,-189,156
Orlando Magic,2024,20,true,-417,320
Orlando Magic,2024,21,true,-303,242
Orlando Magic,2024,22,true,-270,218
Orlando Magic,2024,23,false,165,-200
Orlando Magic,2024,24,true,-244,200
Orlando Magic,2024,25,false,-147,124
Orlando Magic,2024,26,true,-132,110
Orlando Magic,2024,27,false,158,-189
Orlando Magic,2024,28,false,219,-278
Orlando Magic,2024,29,true,-133,112
Orlando Magic,2024,30,true,362,-476
Orlando Magic,2024,31,false,-115,-105
Orlando Magic,2024,32,false,200,-250
Orlando Magic,2024,33,true,-345,274
Orlando Magic,2024,34,false,110,-132
Orlando Magic,2024,35,true,-130,108
Orlando Magic,2024,36,false,-370,293
Orlando Magic,2024,37,true,413,-556
Orlando Magic,2024,38,false,186,-227
Orlando Magic,2024,39,false,194,-238
Orlando Magic,2024,40,true,-114,-104
Orlando Magic,2024,41,false,202,-250
Orlando Magic,2024,42,false,716,-1111
Orlando Magic,2024,43,false,239,-303
Orlando Magic,2024,44,false,-114,-104
Orlando Magic,2024,45,false,-270,216
Orlando Magic,2024,46,true,-159,133
Orlando Magic,2024,47,false,-114,-105
Orlando Magic,2024,48,false,-196,165
Orlando Magic,2024,49,false,-175,147
Orlando Magic,2024,50,false,137,-164
Orlando Magic,2024,51,true,167,-200
Orlando Magic,2024,52,false,204,-250
Orlando Magic,2024,53,true,-143,121
Orlando Magic,2024,54,false,-233,191
Orlando Magic,2024,55,true,-769,516
Orlando Magic,2024,56,true,-116,-103
Orlando Magic,2024,57,false,106,-127
Orlando Magic,2024,58,true,-833,569
Orlando Magic,2024,59,false,206,-250
Orlando Magic,2024,60,false,164,-196
Orlando Magic,2024,61,false,-270,220
Orlando Magic,2024,62,false,-244,202
Orlando Magic,2024,63,false,-323,260
Orlando Magic,2024,64,true,220,-270
Orlando Magic,2024,65,false,135,-161
Orlando Magic,2024,66,true,-128,108
Orlando Magic,2024,67,false,405,-556
Orlando Magic,2024,68,true,384,-526
Orlando Magic,2024,69,false,112,-135
Orlando Magic,2024,70,true,-357,276
Orlando Magic,2024,71,true,148,-175
Orlando Magic,2024,72,true,-192,161
Orlando Magic,2024,73,false,-256,208
Orlando Magic,2024,74,true,-119,102
Orlando Magic,2024,75,false,124,-149
Orlando Magic,2024,76,true,-213,175
Orlando Magic,2024,77,true,-1429,817
Orlando Magic,2024,78,true,-208,166
Orlando Magic,2024,79,true,-357,268
Orlando Magic,2024,80,true,134,-164
Orlando Magic,2024,81,false,-159,131
Orlando Magic,2025,1,true,-333,275
Orlando Magic,2025,2,false,-222,185
Orlando Magic,2025,3,false,-250,204
Orlando Magic,2025,4,false,-238,195
Orlando Magic,2025,5,false,-125,104
Orlando Magic,2025,6,true,-159,135
Orlando Magic,2025,7,true,-385,300
Orlando Magic,2025,8,false,-169,145
Orlando Magic,2025,9,true,-164,140
Orlando Magic,2025,10,false,-159,135
Orlando Magic,2025,11,true,-125,104
Orlando Magic,2025,12,true,150,-175
Orlando Magic,2025,13,true,-909,650
Orlando Magic,2025,14,false,260,-312
Orlando Magic,2025,15,true,125,-143
Orlando Magic,2025,16,true,-238,195
Orlando Magic,2025,17,true,-128,110
Orlando Magic,2025,18,false,154,-185
Orlando Magic,2025,19,true,-189,165
Orlando Magic,2025,20,true,138,-159
Orlando Magic,2025,21,true,-370,320
Orlando Magic,2025,22,false,-333,275
Orlando Magic,2025,23,true,-238,200
Orlando Magic,2025,24,false,112,-118
Orlando Magic,2025,25,false,220,-263
Orlando Magic,2025,26,true,-294,240
Orlando Magic,2025,27,false,198,-233
Orlando Magic,2025,28,true,-120,108
Orlando Magic,2025,29,false,-233,195
Orlando Magic,2025,30,true,148,-164
Orlando Magic,2025,31,false,-118,100
Orlando Magic,2025,32,true,-179,160
Orlando Magic,2025,33,false,-200,168
Orlando Magic,2025,34,true,-233,200
Orlando Magic,2025,35,false,-294,240
Orlando Magic,2025,36,true,-125,108
Orlando Magic,2025,37,false,129,-149
Orlando Magic,2025,38,true,-263,225
Orlando Magic,2025,39,true,-227,194
Orlando Magic,2025,40,false,-149,129
Orlando Magic,2025,41,false,-164,140
Orlando Magic,2025,42,false,-118,104
Orlando Magic,2025,43,false,175,-208
Orlando Magic,2025,44,true,125,-147
Orlando Magic,2025,45,true,-133,120
Orlando Magic,2025,46,false,168,-189
Orlando Magic,2025,47,false,375,-455
Orlando Magic,2025,48,true,-357,300
Orlando Magic,2025,49,true,-278,240
Orlando Magic,2025,50,true,-385,320
Orlando Magic,2025,51,false,-476,380
Orlando Magic,2025,52,true,-357,300
Orlando Magic,2025,53,false,135,-152
Orlando Magic,2025,54,true,154,-175
Orlando Magic,2025,55,true,198,-227
Orlando Magic,2025,56,false,120,-141
Orlando Magic,2025,57,false,185,-196
Orlando Magic,2025,58,true,-1250,810
Orlando Magic,2025,59,true,-323,270
Orlando Magic,2025,60,true,220,-263
Orlando Magic,2025,61,true,-213,179
Orlando Magic,2025,62,true,135,-154
Orlando Magic,2025,63,true,-909,660
Orlando Magic,2025,64,true,160,-179
Orlando Magic,2025,65,false,136,-159
Orlando Magic,2025,66,false,350,-435
Orlando Magic,2025,67,false,188,-222
Orlando Magic,2025,68,false,129,-145
Orlando Magic,2025,69,false,-556,450
Orlando Magic,2025,70,false,359,-455
Orlando Magic,2025,71,true,-1250,810
Orlando Magic,2025,72,false,100,-112
Orlando Magic,2025,73,true,-127,110
Orlando Magic,2025,74,false,120,-141
Orlando Magic,2025,75,true,-256,220
Orlando Magic,2025,76,true,-238,210
Orlando Magic,2025,77,true,100,-112
Orlando Magic,2025,78,true,-500,384
Orlando Magic,2025,79,true,-1250,800
Orlando Magic,2025,80,false,-769,570
Philadelphia 76ers,2016,1,false,378,-526
Philadelphia 76ers,2016,2,false,296,-370
Philadelphia 76ers,2016,3,false,179,-217
Philadelphia 76ers,2016,4,false,785,-1250
Philadelphia 76ers,2016,5,false,789,-1250
Philadelphia 76ers,2016,6,false,191,-233
Philadelphia 76ers,2016,7,false,607,-909
Philadelphia 76ers,2016,8,true,177,-213
Philadelphia 76ers,2016,9,false,1232,-2500
Philadelphia 76ers,2016,10,false,576,-833
Philadelphia 76ers,2016,11,true,227,-278
Philadelphia 76ers,2016,12,false,559,-769
Philadelphia 76ers,2016,13,true,106,-127
Philadelphia 76ers,2016,14,true,159,-189
Philadelphia 76ers,2016,15,false,202,-244
Philadelphia 76ers,2016,16,false,359,-476
Philadelphia 76ers,2016,17,false,575,-833
Philadelphia 76ers,2016,18,false,1148,-2500
Philadelphia 76ers,2016,19,false,-122,104
Philadelphia 76ers,2016,20,false,408,-556
Philadelphia 76ers,2016,21,false,156,-185
Philadelphia 76ers,2016,22,false,254,-312
Philadelphia 76ers,2016,23,true,223,-270
Philadelphia 76ers,2016,24,true,666,-1000
Philadelphia 76ers,2016,25,false,301,-385
Philadelphia 76ers,2016,26,false,-112,-106
Philadelphia 76ers,2016,27,true,-119,100
Philadelphia 76ers,2016,28,false,138,-161
Philadelphia 76ers,2016,29,false,185,-222
Philadelphia 76ers,2016,30,false,305,-385
Philadelphia 76ers,2016,31,false,999,-1667
Philadelphia 76ers,2016,32,true,447,-588
Philadelphia 76ers,2016,33,true,167,-200
Philadelphia 76ers,2016,34,false,486,-667
Philadelphia 76ers,2016,35,true,-102,-118
Philadelphia 76ers,2016,36,true,110,-132
Philadelphia 76ers,2016,37,true,181,-217
Philadelphia 76ers,2016,38,false,420,-556
Philadelphia 76ers,2016,39,true,311,-400
Philadelphia 76ers,2016,40,true,189,-227
Philadelphia 76ers,2016,41,true,118,-139
Philadelphia 76ers,2016,42,false,447,-625
Philadelphia 76ers,2016,43,true,162,-192
Philadelphia 76ers,2016,44,true,536,-769
Philadelphia 76ers,2016,45,false,234,-286
Philadelphia 76ers,2016,46,false,239,-294
Philadelphia 76ers,2016,47,true,127,-152
Philadelphia 76ers,2016,48,false,267,-333
Philadelphia 76ers,2016,49,false,1401,-3333
Philadelphia 76ers,2016,50,false,366,-476
Philadelphia 76ers,2016,51,false,340,-435
Philadelphia 76ers,2016,52,false,574,-833
Philadelphia 76ers,2016,53,true,209,-250
Philadelphia 76ers,2016,54,true,127,-149
Philadelphia 76ers,2016,55,true,279,-345
Philadelphia 76ers,2016,56,false,419,-556
Philadelphia 76ers,2016,57,true,320,-417
Philadelphia 76ers,2016,58,false,222,-270
Philadelphia 76ers,2016,59,false,977,-1667
Philadelphia 76ers,2016,60,false,382,-500
Philadelphia 76ers,2016,61,true,108,-127
Philadelphia 76ers,2016,62,false,192,-233
Philadelphia 76ers,2016,63,false,186,-222
Philadelphia 76ers,2016,64,false,386,-526
Philadelphia 76ers,2016,65,false,980,-1667
Philadelphia 76ers,2016,66,true,164,-192
Philadelphia 76ers,2016,67,false,1476,-3333
Philadelphia 76ers,2016,68,true,188,-227
Philadelphia 76ers,2016,69,true,170,-204
Philadelphia 76ers,2016,70,false,204,-250
Philadelphia 76ers,2016,71,false,560,-833
Philadelphia 76ers,2016,72,true,227,-278
Philadelphia 76ers,2016,73,false,354,-455
Philadelphia 76ers,2016,74,true,156,-185
Philadelphia 76ers,2016,75,false,125,-149
Philadelphia 76ers,2016,76,false,710,-1111
Philadelphia 76ers,2016,77,false,601,-909
Philadelphia 76ers,2016,78,false,106,-128
Philadelphia 76ers,2016,79,false,186,-227
Philadelphia 76ers,2016,80,false,240,-294
Philadelphia 76ers,2016,81,false,344,-455
Philadelphia 76ers,2016,82,false,124,-145
Philadelphia 76ers,2017,1,false,227,-278
Philadelphia 76ers,2017,2,false,-145,123
Philadelphia 76ers,2017,3,false,337,-435
Philadelphia 76ers,2017,4,true,139,-164
Philadelphia 76ers,2017,5,false,138,-164
Philadelphia 76ers,2017,6,true,-133,104
Philadelphia 76ers,2017,7,true,240,-294
Philadelphia 76ers,2017,8,true,-323,256
Philadelphia 76ers,2017,9,true,-189,159
Philadelphia 76ers,2017,10,true,216,-263
Philadelphia 76ers,2017,11,false,-244,200
Philadelphia 76ers,2017,12,false,672,-1000
Philadelphia 76ers,2017,13,true,110,-132
Philadelphia 76ers,2017,14,true,-161,137
Philadelphia 76ers,2017,15,false,330,-435
Philadelphia 76ers,2017,16,true,-222,188
Philadelphia 76ers,2017,17,true,-167,143
Philadelphia 76ers,2017,18,true,-217,183
Philadelphia 76ers,2017,19,false,-132,114
Philadelphia 76ers,2017,20,true,-286,236
Philadelphia 76ers,2017,21,false,290,-357
Philadelphia 76ers,2017,22,true,-182,154
Philadelphia 76ers,2017,23,false,-556,411
Philadelphia 76ers,2017,24,false,-385,299
Philadelphia 76ers,2017,25,false,217,-256
Philadelphia 76ers,2017,26,false,224,-270
Philadelphia 76ers,2017,27,true,163,-192
Philadelphia 76ers,2017,28,false,-116,-101
Philadelphia 76ers,2017,29,false,-127,106
Philadelphia 76ers,2017,30,false,-370,294
Philadelphia 76ers,2017,31,false,142,-167
Philadelphia 76ers,2017,32,false,291,-370
Philadelphia 76ers,2017,33,true,-111,-104
Philadelphia 76ers,2017,34,false,-127,108
Philadelphia 76ers,2017,35,true,231,-286
Philadelphia 76ers,2017,36,true,-159,136
Philadelphia 76ers,2017,37,true,-164,141
Philadelphia 76ers,2017,38,true,-227,188
Philadelphia 76ers,2017,39,false,110,-132
Philadelphia 76ers,2017,40,true,108,-128
Philadelphia 76ers,2017,41,true,125,-149
Philadelphia 76ers,2017,42,true,-312,256
Philadelphia 76ers,2017,43,false,-156,131
Philadelphia 76ers,2017,44,true,-233,194
Philadelphia 76ers,2017,45,true,145,-169
Philadelphia 76ers,2017,46,false,135,-159
Philadelphia 76ers,2017,47,false,223,-263
Philadelphia 76ers,2017,48,false,-312,254
Philadelphia 76ers,2017,49,true,-175,150
Philadelphia 76ers,2017,50,false,-102,-116
Philadelphia 76ers,2017,51,true,-263,217
Philadelphia 76ers,2017,52,true,-233,194
Philadelphia 76ers,2017,53,true,-192,164
Philadelphia 76ers,2017,54,true,-714,507
Philadelphia 76ers,2017,55,true,-208,177
Philadelphia 76ers,2017,56,true,-303,248
Philadelphia 76ers,2017,57,true,-526,397
Philadelphia 76ers,2017,58,false,102,-122
Philadelphia 76ers,2017,59,false,-101,-118
Philadelphia 76ers,2017,60,true,125,-147
Philadelphia 76ers,2017,61,true,-164,140
Philadelphia 76ers,2017,62,false,-118,100
Philadelphia 76ers,2017,63,true,-120,102
Philadelphia 76ers,2017,64,false,-105,-112
Philadelphia 76ers,2017,65,true,-233,193
Philadelphia 76ers,2017,66,false,-263,217
Philadelphia 76ers,2017,67,true,-588,430
Philadelphia 76ers,2017,68,true,-417,316
Philadelphia 76ers,2017,69,true,-435,333
Philadelphia 76ers,2017,70,true,-1111,734
Philadelphia 76ers,2017,71,true,-385,301
Philadelphia 76ers,2017,72,true,-370,297
Philadelphia 76ers,2017,73,true,-213,179
Philadelphia 76ers,2017,74,true,-1429,919
Philadelphia 76ers,2017,75,true,-370,293
Philadelphia 76ers,2017,76,true,-147,125
Philadelphia 76ers,2017,77,true,-417,326
Philadelphia 76ers,2017,78,true,-130,110
Philadelphia 76ers,2017,79,true,-161,138
Philadelphia 76ers,2017,80,true,-1429,846
Philadelphia 76ers,2017,81,true,-588,441
Philadelphia 76ers,2017,82,true,-270,220
Philadelphia 76ers,2018,1,false,177,-213
Philadelphia 76ers,2018,2,true,-1000,684
Philadelphia 76ers,2018,3,true,-1250,823
Philadelphia 76ers,2018,4,false,-111,-105
Philadelphia 76ers,2018,5,false,191,-227
Philadelphia 76ers,2018,6,true,-278,229
Philadelphia 76ers,2018,7,true,-833,577
Philadelphia 76ers,2018,8,false,206,-250
Philadelphia 76ers,2018,9,true,-227,186
Philadelphia 76ers,2018,10,true,-333,271
Philadelphia 76ers,2018,11,false,-179,152
Philadelphia 76ers,2018,12,true,122,-145
Philadelphia 76ers,2018,13,true,-238,199
Philadelphia 76ers,2018,14,false,162,-196
Philadelphia 76ers,2018,15,true,117,-139
Philadelphia 76ers,2018,16,false,-238,195
Philadelphia 76ers,2018,17,true,-147,124
Philadelphia 76ers,2018,18,true,124,-145
Philadelphia 76ers,2018,19,true,-833,574
Philadelphia 76ers,2018,20,true,-172,145
Philadelphia 76ers,2018,21,false,-1111,726
Philadelphia 76ers,2018,22,true,-196,165
Philadelphia 76ers,2018,23,true,-1000,672
Philadelphia 76ers,2018,24,true,-417,328
Philadelphia 76ers,2018,25,true,-256,212
Philadelphia 76ers,2018,26,false,227,-278
Philadelphia 76ers,2018,27,true,114,-135
Philadelphia 76ers,2018,28,true,-833,583
Philadelphia 76ers,2018,29,false,-250,208
Philadelphia 76ers,2018,30,false,-143,121
Philadelphia 76ers,2018,31,true,-417,330
Philadelphia 76ers,2018,32,false,-105,-114
Philadelphia 76ers,2018,33,true,-1000,674
Philadelphia 76ers,2018,34,true,-312,257
Philadelphia 76ers,2018,35,false,169,-204
Philadelphia 76ers,2018,36,true,163,-192
Philadelphia 76ers,2018,37,false,131,-154
Philadelphia 76ers,2018,38,true,-119,102
Philadelphia 76ers,2018,39,true,-156,133
Philadelphia 76ers,2018,40,true,-263,219
Philadelphia 76ers,2018,41,true,-357,281
Philadelphia 76ers,2018,42,false,-164,139
Philadelphia 76ers,2018,43,false,-526,397
Philadelphia 76ers,2018,44,true,-370,297
Philadelphia 76ers,2018,45,true,-244,200
Philadelphia 76ers,2018,46,true,129,-152
Philadelphia 76ers,2018,47,false,-154,131
Philadelphia 76ers,2018,48,true,-185,156
Philadelphia 76ers,2018,49,true,-139,120
Philadelphia 76ers,2018,50,false,442,-588
Philadelphia 76ers,2018,51,true,-312,250
Philadelphia 76ers,2018,52,true,290,-357
Philadelphia 76ers,2018,53,false,-149,127
Philadelphia 76ers,2018,54,false,-135,114
Philadelphia 76ers,2018,55,true,-238,197
Philadelphia 76ers,2018,56,true,-286,233
Philadelphia 76ers,2018,57,false,-294,239
Philadelphia 76ers,2018,58,true,-556,418
Philadelphia 76ers,2018,59,true,-244,200
Philadelphia 76ers,2018,60,false,-120,102
Philadelphia 76ers,2018,61,true,-133,112
Philadelphia 76ers,2018,62,true,147,-175
Philadelphia 76ers,2018,63,false,174,-208
Philadelphia 76ers,2018,64,true,-185,156
Philadelphia 76ers,2018,65,false,-175,147
Philadelphia 76ers,2018,66,false,281,-357
Philadelphia 76ers,2018,67,true,-263,217
Philadelphia 76ers,2018,68,true,-2000,1025
Philadelphia 76ers,2018,69,true,-625,457
Philadelphia 76ers,2018,70,true,196,-238
Philadelphia 76ers,2018,71,true,100,-119
Philadelphia 76ers,2018,72,true,-161,138
Philadelphia 76ers,2018,73,false,-312,252
Philadelphia 76ers,2018,74,false,110,-130
Philadelphia 76ers,2018,75,true,-312,256
Philadelphia 76ers,2018,76,true,-189,161
Philadelphia 76ers,2018,77,false,-200,167
Philadelphia 76ers,2018,78,false,-189,158
Philadelphia 76ers,2018,79,false,167,-204
Philadelphia 76ers,2018,80,true,-526,405
Philadelphia 76ers,2018,81,false,212,-256
Philadelphia 76ers,2018,82,true,-233,192
Philadelphia 76ers,2019,1,true,-244,200
Philadelphia 76ers,2019,2,true,-172,146
Philadelphia 76ers,2019,3,true,-270,223
Philadelphia 76ers,2019,4,true,-303,241
Philadelphia 76ers,2019,5,true,-111,-108
Philadelphia 76ers,2019,6,false,-109,-110
Philadelphia 76ers,2019,7,false,114,-135
Philadelphia 76ers,2019,8,false,177,-208
Philadelphia 76ers,2019,9,true,-1250,788
Philadelphia 76ers,2019,10,true,-625,470
Philadelphia 76ers,2019,11,false,116,-137
Philadelphia 76ers,2019,12,false,-161,138
Philadelphia 76ers,2019,13,true,-286,233
Philadelphia 76ers,2019,14,true,-909,607
Philadelphia 76ers,2019,15,true,-303,246
Philadelphia 76ers,2019,16,true,-227,187
Philadelphia 76ers,2019,17,false,-128,108
Philadelphia 76ers,2019,18,true,-476,366
Philadelphia 76ers,2019,19,true,-263,216
Philadelphia 76ers,2019,20,true,-263,217
Philadelphia 76ers,2019,21,true,-217,179
Philadelphia 76ers,2019,22,false,-357,280
Philadelphia 76ers,2019,23,true,-714,497
Philadelphia 76ers,2019,24,true,-149,125
Philadelphia 76ers,2019,25,true,-222,181
Philadelphia 76ers,2019,26,true,-108,-110
Philadelphia 76ers,2019,27,true,-323,256
Philadelphia 76ers,2019,28,false,-172,145
Philadelphia 76ers,2019,29,false,-370,292
Philadelphia 76ers,2019,30,false,-400,316
Philadelphia 76ers,2019,31,true,-1000,642
Philadelphia 76ers,2019,32,true,-278,227
Philadelphia 76ers,2019,33,true,131,-154
Philadelphia 76ers,2019,34,false,-172,145
Philadelphia 76ers,2019,35,false,-101,-118
Philadelphia 76ers,2019,36,false,133,-156
Philadelphia 76ers,2019,37,false,156,-185
Philadelphia 76ers,2019,38,true,-333,266
Philadelphia 76ers,2019,39,true,-111,-108
Philadelphia 76ers,2019,40,false,118,-139
Philadelphia 76ers,2019,41,false,137,-161
Philadelphia 76ers,2019,42,true,-263,216
Philadelphia 76ers,2019,43,true,-333,266
Philadelphia 76ers,2019,44,true,-182,152
Philadelphia 76ers,2019,45,true,-141,119
Philadelphia 76ers,2019,46,false,216,-263
Philadelphia 76ers,2019,47,true,171,-204
Philadelphia 76ers,2019,48,true,-1111,705
Philadelphia 76ers,2019,49,false,-263,216
Philadelphia 76ers,2019,50,false,-114,-105
Philadelphia 76ers,2019,51,false,120,-141
Philadelphia 76ers,2019,52,false,354,-455
Philadelphia 76ers,2019,53,true,-256,208
Philadelphia 76ers,2019,54,true,-625,461
Philadelphia 76ers,2019,55,true,-106,-111
Philadelphia 76ers,2019,56,true,-286,231
Philadelphia 76ers,2019,57,false,351,-455
Philadelphia 76ers,2019,58,true,-400,309
Philadelphia 76ers,2019,59,false,-333,264
Philadelphia 76ers,2019,60,true,-323,258
Philadelphia 76ers,2019,61,false,769,-1250
Philadelphia 76ers,2019,62,false,638,-909
Philadelphia 76ers,2019,63,true,181,-217
Philadelphia 76ers,2019,64,false,-167,143
Philadelphia 76ers,2019,65,true,-833,581
Philadelphia 76ers,2019,66,false,-256,216
Philadelphia 76ers,2019,67,true,-312,259
Philadelphia 76ers,2019,68,true,-556,438
Philadelphia 76ers,2019,69,true,-204,175
Philadelphia 76ers,2019,70,false,123,-141
Philadelphia 76ers,2019,71,false,384,-476
Philadelphia 76ers,2019,72,false,200,-238
Philadelphia 76ers,2019,73,true,125,-143
Philadelphia 76ers,2020,1,true,-303,246
Philadelphia 76ers,2020,2,true,-385,298
Philadelphia 76ers,2020,3,false,-256,212
Philadelphia 76ers,2020,4,true,-119,100
Philadelphia 76ers,2020,5,true,-164,141
Philadelphia 76ers,2020,6,true,-500,384
Philadelphia 76ers,2020,7,true,-357,285
Philadelphia 76ers,2020,8,true,-263,218
Philadelphia 76ers,2020,9,false,-182,154
Philadelphia 76ers,2020,10,false,706,-1111
Philadelphia 76ers,2020,11,false,194,-233
Philadelphia 76ers,2020,12,true,-370,293
Philadelphia 76ers,2020,13,true,-357,288
Philadelphia 76ers,2020,14,false,106,-125
Philadelphia 76ers,2020,15,true,-192,165
Philadelphia 76ers,2020,16,true,-189,163
Philadelphia 76ers,2020,17,true,-357,293
Philadelphia 76ers,2020,18,false,-204,174
Philadelphia 76ers,2020,19,true,158,-182
Philadelphia 76ers,2020,20,true,-417,342
Philadelphia 76ers,2020,21,true,125,-145
Philadelphia 76ers,2020,22,true,-294,242
Philadelphia 76ers,2020,23,false,-500,391
Philadelphia 76ers,2020,24,true,-256,217
Philadelphia 76ers,2020,25,true,-192,164
Philadelphia 76ers,2020,26,false,-233,193
Philadelphia 76ers,2020,27,false,-101,-116
Philadelphia 76ers,2020,28,false,299,-400
Philadelphia 76ers,2020,29,true,-370,296
Philadelphia 76ers,2020,30,true,-256,213
Philadelphia 76ers,2020,31,false,-154,131
Philadelphia 76ers,2020,32,true,-137,118
Philadelphia 76ers,2020,33,true,-196,169
Philadelphia 76ers,2020,34,false,-667,482
Philadelphia 76ers,2020,35,true,-161,138
Philadelphia 76ers,2020,36,true,140,-161
Philadelphia 76ers,2020,37,true,131,-154
Philadelphia 76ers,2020,38,true,-164,141
Philadelphia 76ers,2020,39,true,-192,164
Philadelphia 76ers,2020,40,true,-294,241
Philadelphia 76ers,2020,41,false,199,-238
Philadelphia 76ers,2020,42,true,-179,152
Philadelphia 76ers,2020,43,true,-114,-103
Philadelphia 76ers,2020,44,true,-175,149
Philadelphia 76ers,2020,45,true,-238,200
Philadelphia 76ers,2020,46,false,179,-208
Philadelphia 76ers,2020,47,false,181,-213
Philadelphia 76ers,2020,48,true,-476,366
Philadelphia 76ers,2020,49,true,-1000,721
Philadelphia 76ers,2020,50,false,-161,140
Philadelphia 76ers,2020,51,true,-112,-104
Philadelphia 76ers,2020,52,false,-222,190
Philadelphia 76ers,2020,53,true,-556,413
Philadelphia 76ers,2020,54,true,-164,143
Philadelphia 76ers,2020,55,true,-400,315
Philadelphia 76ers,2020,56,true,-182,158
Philadelphia 76ers,2020,57,false,-200,169
Philadelphia 76ers,2020,58,false,124,-145
Philadelphia 76ers,2020,59,false,215,-263
Philadelphia 76ers,2020,60,false,319,-385
Philadelphia 76ers,2020,61,true,-1667,1008
Philadelphia 76ers,2020,62,true,-500,387
Philadelphia 76ers,2020,63,true,-312,254
Philadelphia 76ers,2020,64,true,-526,409
Philadelphia 76ers,2020,65,true,-312,263
Philadelphia 76ers,2020,66,true,-1429,835
Philadelphia 76ers,2020,67,true,-714,537
Philadelphia 76ers,2020,68,true,-435,345
Philadelphia 76ers,2020,69,false,-208,175
Philadelphia 76ers,2020,70,false,-101,-115
Philadelphia 76ers,2020,71,true,-1429,868
Philadelphia 76ers,2020,72,true,-250,206
Philadelphia 76ers,2021,1,true,-156,137
Philadelphia 76ers,2021,2,false,100,-116
Philadelphia 76ers,2021,3,true,-476,371
Philadelphia 76ers,2021,4,false,-101,-116
Philadelphia 76ers,2021,5,true,-588,457
Philadelphia 76ers,2021,6,true,-164,143
Philadelphia 76ers,2021,7,true,112,-128
Philadelphia 76ers,2021,8,true,-137,118
Philadelphia 76ers,2021,9,true,-192,165
Philadelphia 76ers,2021,10,true,148,-172
Philadelphia 76ers,2021,11,false,106,-125
Philadelphia 76ers,2021,12,false,246,-294
Philadelphia 76ers,2021,13,false,-169,147
Philadelphia 76ers,2021,14,false,142,-167
Philadelphia 76ers,2021,15,false,424,-556
Philadelphia 76ers,2021,16,true,267,-323
Philadelphia 76ers,2021,17,false,239,-286
Philadelphia 76ers,2021,18,true,168,-196
Philadelphia 76ers,2021,19,false,384,-500
Philadelphia 76ers,2021,20,false,-256,215
Philadelphia 76ers,2021,21,true,-1000,702
Philadelphia 76ers,2021,22,false,127,-147
Philadelphia 76ers,2021,23,true,121,-141
Philadelphia 76ers,2021,24,true,-323,261
Philadelphia 76ers,2021,25,true,-250,210
Philadelphia 76ers,2021,26,false,124,-143
Philadelphia 76ers,2021,27,true,131,-154
Philadelphia 76ers,2021,28,false,-135,114
Philadelphia 76ers,2021,29,false,-323,262
Philadelphia 76ers,2021,30,false,-135,117
Philadelphia 76ers,2021,31,true,143,-164
Philadelphia 76ers,2021,32,false,-625,480
Philadelphia 76ers,2021,33,true,-169,146
Philadelphia 76ers,2021,34,true,-238,202
Philadelphia 76ers,2021,35,true,173,-204
Philadelphia 76ers,2021,36,true,-1000,667
Philadelphia 76ers,2021,37,true,-385,311
Philadelphia 76ers,2021,38,true,-357,290
Philadelphia 76ers,2021,39,true,-476,383
Philadelphia 76ers,2021,40,false,-208,177
Philadelphia 76ers,2021,41,true,-154,131
Philadelphia 76ers,2021,42,true,135,-156
Philadelphia 76ers,2021,43,false,-128,110
Philadelphia 76ers,2021,44,true,-769,543
Philadelphia 76ers,2021,45,false,-312,259
Philadelphia 76ers,2021,46,true,-112,-103
Philadelphia 76ers,2021,47,true,-625,473
Philadelphia 76ers,2021,48,true,-238,202
Philadelphia 76ers,2021,49,true,-588,458
Philadelphia 76ers,2021,50,true,141,-161
Philadelphia 76ers,2021,51,false,-500,392
Philadelphia 76ers,2021,52,false,-114,-102
Philadelphia 76ers,2021,53,true,-167,144
Philadelphia 76ers,2021,54,false,-115,-101
Philadelphia 76ers,2021,55,true,-1111,711
Philadelphia 76ers,2021,56,true,-145,124
Philadelphia 76ers,2021,57,false,108,-127
Philadelphia 76ers,2021,58,true,224,-270
Philadelphia 76ers,2021,59,true,-135,117
Philadelphia 76ers,2021,60,true,-323,267
Philadelphia 76ers,2021,61,true,-556,437
Philadelphia 76ers,2021,62,true,-333,271
Philadelphia 76ers,2021,63,false,183,-213
Philadelphia 76ers,2021,64,true,-323,271
Philadelphia 76ers,2021,65,false,-169,148
Philadelphia 76ers,2021,66,true,-625,473
Philadelphia 76ers,2021,67,false,-161,140
Philadelphia 76ers,2021,68,true,-167,145
Philadelphia 76ers,2021,69,true,-169,147
Philadelphia 76ers,2021,70,false,-323,266
Philadelphia 76ers,2021,71,true,276,-333
Philadelphia 76ers,2021,72,true,-455,358
Philadelphia 76ers,2021,73,true,-213,181
Philadelphia 76ers,2021,74,false,172,-196
Philadelphia 76ers,2021,75,false,-104,-111
Philadelphia 76ers,2021,76,false,-476,380
Philadelphia 76ers,2021,77,true,-222,188
Philadelphia 76ers,2021,78,true,-208,177
Philadelphia 76ers,2021,79,true,-667,498
Philadelphia 76ers,2021,80,false,-154,133
Philadelphia 76ers,2021,81,true,-1250,774
Philadelphia 76ers,2021,82,true,-270,224
Philadelphia 76ers,2022,1,false,127,-152
Philadelphia 76ers,2022,2,false,-179,150
Philadelphia 76ers,2022,3,false,-1111,643
Philadelphia 76ers,2022,4,true,-833,557
Philadelphia 76ers,2022,5,false,-111,-106
Philadelphia 76ers,2022,6,true,131,-154
Philadelphia 76ers,2022,7,true,-147,114
Philadelphia 76ers,2022,8,true,-145,121
Philadelphia 76ers,2022,9,false,-222,184
Philadelphia 76ers,2022,10,false,-135,114
Philadelphia 76ers,2022,11,true,106,-127
Philadelphia 76ers,2022,12,false,-101,-118
Philadelphia 76ers,2022,13,true,-147,123
Philadelphia 76ers,2022,14,true,-167,139
Philadelphia 76ers,2022,15,true,-103,-116
Philadelphia 76ers,2022,16,false,134,-159
Philadelphia 76ers,2022,17,true,254,-323
Philadelphia 76ers,2022,18,false,150,-179
Philadelphia 76ers,2022,19,true,102,-120
Philadelphia 76ers,2022,20,true,-108,-111
Philadelphia 76ers,2022,21,true,-145,122
Philadelphia 76ers,2022,22,false,138,-164
Philadelphia 76ers,2022,23,false,161,-192
Philadelphia 76ers,2022,24,false,-345,275
Philadelphia 76ers,2022,25,true,-196,163
Philadelphia 76ers,2022,26,true,-526,388
Philadelphia 76ers,2022,27,true,-179,147
Philadelphia 76ers,2022,28,true,-435,333
Philadelphia 76ers,2022,29,true,-263,216
Philadelphia 76ers,2022,30,true,-714,486
Philadelphia 76ers,2022,31,true,-164,139
Philadelphia 76ers,2022,32,true,-128,108
Philadelphia 76ers,2022,33,false,-192,161
Philadelphia 76ers,2022,34,false,-118,-102
Philadelphia 76ers,2022,35,true,-143,120
Philadelphia 76ers,2022,36,true,-208,172
Philadelphia 76ers,2022,37,true,-200,165
Philadelphia 76ers,2022,38,false,-200,167
Philadelphia 76ers,2022,39,true,-222,179
Philadelphia 76ers,2022,40,true,-1429,773
Philadelphia 76ers,2022,41,false,-476,363
Philadelphia 76ers,2022,42,true,-278,224
Philadelphia 76ers,2022,43,true,-213,174
Philadelphia 76ers,2022,44,true,100,-118
Philadelphia 76ers,2022,45,true,-127,106
Philadelphia 76ers,2022,46,true,163,-196
Philadelphia 76ers,2022,47,true,-278,229
Philadelphia 76ers,2022,48,true,-159,134
Philadelphia 76ers,2022,49,false,-476,345
Philadelphia 76ers,2022,50,true,-476,344
Philadelphia 76ers,2022,51,true,-476,370
Philadelphia 76ers,2022,52,false,-182,156
Philadelphia 76ers,2022,53,false,114,-133
Philadelphia 76ers,2022,54,true,-270,227
Philadelphia 76ers,2022,55,true,-123,106
Philadelphia 76ers,2022,56,true,-1000,638
Philadelphia 76ers,2022,57,true,-122,104
Philadelphia 76ers,2022,58,true,-154,133
Philadelphia 76ers,2022,59,false,-105,-111
Philadelphia 76ers,2022,60,false,-217,179
Philadelphia 76ers,2022,61,true,131,-147
Philadelphia 76ers,2022,62,false,127,-152
Philadelphia 76ers,2022,63,true,160,-189
Philadelphia 76ers,2022,64,true,-238,200
Philadelphia 76ers,2022,65,true,125,-149
Philadelphia 76ers,2022,66,true,-385,299
Philadelphia 76ers,2022,67,true,-312,242
Philadelphia 76ers,2022,68,true,-143,122
Philadelphia 76ers,2022,69,true,-500,379
Philadelphia 76ers,2022,70,true,-196,165
Philadelphia 76ers,2022,71,false,-333,271
Philadelphia 76ers,2022,72,true,-125,106
Philadelphia 76ers,2022,73,false,156,-182
Philadelphia 76ers,2022,74,false,102,-120
Philadelphia 76ers,2022,75,false,334,-455
Philadelphia 76ers,2022,76,true,-238,200
Philadelphia 76ers,2022,77,true,-175,149
Philadelphia 76ers,2022,78,false,165,-200
Philadelphia 76ers,2022,79,true,-164,139
Philadelphia 76ers,2022,80,false,-133,114
Philadelphia 76ers,2022,81,true,492,-714
Philadelphia 76ers,2022,82,true,104,-122
Philadelphia 76ers,2023,1,false,200,-238
Philadelphia 76ers,2023,2,true,-189,160
Philadelphia 76ers,2023,3,true,-435,318
Philadelphia 76ers,2023,4,true,-303,241
Philadelphia 76ers,2023,5,true,-250,204
Philadelphia 76ers,2023,6,true,-556,415
Philadelphia 76ers,2023,7,true,122,-143
Philadelphia 76ers,2023,8,true,-357,286
Philadelphia 76ers,2023,9,true,-263,216
Philadelphia 76ers,2023,10,false,-222,186
Philadelphia 76ers,2023,11,false,-104,-116
Philadelphia 76ers,2023,12,true,-120,102
Philadelphia 76ers,2023,13,true,-161,140
Philadelphia 76ers,2023,14,false,-323,263
Philadelphia 76ers,2023,15,false,222,-278
Philadelphia 76ers,2023,16,true,-115,-102
Philadelphia 76ers,2023,17,true,-217,177
Philadelphia 76ers,2023,18,false,117,-135
Philadelphia 76ers,2023,19,false,463,-667
Philadelphia 76ers,2023,20,true,-476,370
Philadelphia 76ers,2023,21,true,-385,305
Philadelphia 76ers,2023,22,true,-769,555
Philadelphia 76ers,2023,23,true,-714,507
Philadelphia 76ers,2023,24,true,-1250,736
Philadelphia 76ers,2023,25,true,-667,468
Philadelphia 76ers,2023,26,false,-476,363
Philadelphia 76ers,2023,27,true,-164,141
Philadelphia 76ers,2023,28,true,-312,254
Philadelphia 76ers,2023,29,false,112,-135
Philadelphia 76ers,2023,30,true,116,-135
Philadelphia 76ers,2023,31,true,-118,100
Philadelphia 76ers,2023,32,false,-105,-114
Philadelphia 76ers,2023,33,true,-455,350
Philadelphia 76ers,2023,34,false,-227,183
Philadelphia 76ers,2023,35,false,-263,221
Philadelphia 76ers,2023,36,false,-101,-116
Philadelphia 76ers,2023,37,true,-109,-108
Philadelphia 76ers,2023,38,true,-333,265
Philadelphia 76ers,2023,39,true,-127,108
Philadelphia 76ers,2023,40,true,-204,170
Philadelphia 76ers,2023,41,true,-625,455
Philadelphia 76ers,2023,42,true,-909,614
Philadelphia 76ers,2023,43,false,-169,145
Philadelphia 76ers,2023,44,false,256,-385
Philadelphia 76ers,2023,45,false,-227,186
Philadelphia 76ers,2023,46,false,117,-135
Philadelphia 76ers,2023,47,true,161,-189
Philadelphia 76ers,2023,48,false,-123,104
Philadelphia 76ers,2023,49,false,123,-143
Philadelphia 76ers,2023,50,false,129,-154
Philadelphia 76ers,2023,51,false,139,-164
Philadelphia 76ers,2023,52,true,-213,179
Philadelphia 76ers,2023,53,true,457,-625
Philadelphia 76ers,2023,54,false,-139,118
Philadelphia 76ers,2023,55,false,-120,102
Philadelphia 76ers,2023,56,true,112,-132
Philadelphia 76ers,2023,57,false,166,-200
Philadelphia 76ers,2023,58,false,457,-625
Philadelphia 76ers,2023,59,true,-714,487
Philadelphia 76ers,2023,60,true,254,-312
Philadelphia 76ers,2023,61,false,-110,-108
Philadelphia 76ers,2023,62,false,-172,145
Philadelphia 76ers,2023,63,false,265,-323
Philadelphia 76ers,2023,64,true,225,-270
Philadelphia 76ers,2023,65,false,187,-227
Philadelphia 76ers,2023,66,false,237,-294
Philadelphia 76ers,2023,67,true,-476,363
Philadelphia 76ers,2023,68,true,-149,125
Philadelphia 76ers,2023,69,false,324,-417
Philadelphia 76ers,2023,70,false,248,-312
Philadelphia 76ers,2023,71,true,301,-385
Philadelphia 76ers,2023,72,false,236,-294
Philadelphia 76ers,2023,73,false,212,-263
Philadelphia 76ers,2023,74,false,216,-263
Philadelphia 76ers,2023,75,true,-417,323
Philadelphia 76ers,2023,76,true,-152,127
Philadelphia 76ers,2023,77,true,124,-147
Philadelphia 76ers,2023,78,true,-1250,735
Philadelphia 76ers,2023,79,true,-172,145
Philadelphia 76ers,2023,80,true,-1250,777
Philadelphia 76ers,2023,81,true,-250,200
Philadelphia 76ers,2023,82,true,-769,558
Philadelphia 76ers,2024,1,false,150,-179
Philadelphia 76ers,2024,2,false,-217,179
Philadelphia 76ers,2024,3,true,272,-345
Philadelphia 76ers,2024,4,false,-179,149
Philadelphia 76ers,2024,5,false,-110,-109
Philadelphia 76ers,2024,6,false,252,-323
Philadelphia 76ers,2024,7,false,102,-123
Philadelphia 76ers,2024,8,false,248,-323
Philadelphia 76ers,2024,9,true,-196,161
Philadelphia 76ers,2024,10,false,137,-167
Philadelphia 76ers,2024,11,false,448,-625
Philadelphia 76ers,2024,12,false,118,-141
Philadelphia 76ers,2024,13,false,120,-145
Philadelphia 76ers,2024,14,false,-185,154
Philadelphia 76ers,2024,15,true,-164,139
Philadelphia 76ers,2024,16,false,102,-122
Philadelphia 76ers,2024,17,false,177,-213
Philadelphia 76ers,2024,18,true,-119,100
Philadelphia 76ers,2024,19,true,-196,163
Philadelphia 76ers,2024,20,false,200,-244
Philadelphia 76ers,2024,21,true,124,-147
Philadelphia 76ers,2024,22,true,-145,123
Philadelphia 76ers,2024,23,false,-256,208
Philadelphia 76ers,2024,24,true,-137,116
Philadelphia 76ers,2024,25,true,-714,515
Philadelphia 76ers,2024,26,false,321,-417
Philadelphia 76ers,2024,27,true,-204,170
Philadelphia 76ers,2024,28,true,337,-455
Philadelphia 76ers,2024,29,true,-286,225
Philadelphia 76ers,2024,30,true,-294,231
Philadelphia 76ers,2024,31,false,204,-250
Philadelphia 76ers,2024,32,false,145,-179
Philadelphia 76ers,2024,33,true,-400,305
Philadelphia 76ers,2024,34,false,106,-128
Philadelphia 76ers,2024,35,true,-500,369
Philadelphia 76ers,2024,36,false,-286,225
Philadelphia 76ers,2024,37,false,-104,-114
Philadelphia 76ers,2024,38,false,826,-1429
Philadelphia 76ers,2024,39,false,177,-217
Philadelphia 76ers,2024,40,false,355,-455
Philadelphia 76ers,2024,41,false,561,-833
Philadelphia 76ers,2024,42,false,472,-667
Philadelphia 76ers,2024,43,true,341,-435
Philadelphia 76ers,2024,44,true,136,-164
Philadelphia 76ers,2024,45,true,159,-192
Philadelphia 76ers,2024,46,true,266,-333
Philadelphia 76ers,2024,47,false,322,-417
Philadelphia 76ers,2024,48,false,478,-667
Philadelphia 76ers,2024,49,true,-179,149
Philadelphia 76ers,2024,50,false,-130,108
Philadelphia 76ers,2024,51,false,-213,175
Philadelphia 76ers,2024,52,false,-167,141
Philadelphia 76ers,2024,53,false,-556,396
Philadelphia 76ers,2024,54,false,104,-125
Philadelphia 76ers,2024,55,false,204,-250
Philadelphia 76ers,2024,56,false,-556,404
Philadelphia 76ers,2024,57,false,-227,190
Philadelphia 76ers,2024,58,false,300,-385
Philadelphia 76ers,2024,59,true,214,-256
Philadelphia 76ers,2024,60,false,102,-120
Philadelphia 76ers,2024,61,false,576,-833
Philadelphia 76ers,2024,62,false,643,-909
Philadelphia 76ers,2024,63,true,-244,202
Philadelphia 76ers,2024,64,false,338,-435
Philadelphia 76ers,2024,65,false,121,-141
Philadelphia 76ers,2024,66,false,596,-909
Philadelphia 76ers,2024,67,true,214,-256
Philadelphia 76ers,2024,68,false,921,-1667
Philadelphia 76ers,2024,69,false,449,-625
Philadelphia 76ers,2024,70,false,186,-227
Philadelphia 76ers,2024,71,false,374,-500
Philadelphia 76ers,2024,72,false,125,-147
Philadelphia 76ers,2024,73,false,-149,125
Philadelphia 76ers,2024,74,false,259,-323
Philadelphia 76ers,2024,75,false,199,-244
Philadelphia 76ers,2024,76,false,601,-909
Philadelphia 76ers,2024,77,false,476,-714
Philadelphia 76ers,2024,78,false,833,-1429
Philadelphia 76ers,2024,79,false,476,-714
Philadelphia 76ers,2024,80,true,-152,123
Philadelphia 76ers,2024,81,false,468,-714
Philadelphia 76ers,2024,82,false,273,-357
Philadelphia 76ers,2025,1,true,175,-208
Philadelphia 76ers,2025,2,true,-189,160
Philadelphia 76ers,2025,3,true,195,-238
Philadelphia 76ers,2025,4,true,-189,160
Philadelphia 76ers,2025,5,false,104,-120
Philadelphia 76ers,2025,6,true,-189,160
Philadelphia 76ers,2025,7,false,110,-128
Philadelphia 76ers,2025,8,false,475,-526
Philadelphia 76ers,2025,9,true,-200,165
Philadelphia 76ers,2025,10,false,154,-185
Philadelphia 76ers,2025,11,true,110,-128
Philadelphia 76ers,2025,12,false,-102,-115
Philadelphia 76ers,2025,13,true,-200,170
Philadelphia 76ers,2025,14,false,120,-141
Philadelphia 76ers,2025,15,true,-125,104
Philadelphia 76ers,2025,16,false,-105,-115
Philadelphia 76ers,2025,17,false,165,-189
Philadelphia 76ers,2025,18,true,-263,220
Philadelphia 76ers,2025,19,false,-143,125
Philadelphia 76ers,2025,20,true,-833,610
Philadelphia 76ers,2025,21,true,-172,150
Philadelphia 76ers,2025,22,true,-115,102
Philadelphia 76ers,2025,23,false,124,-141
Philadelphia 76ers,2025,24,true,-227,188
Philadelphia 76ers,2025,25,false,164,-179
Philadelphia 76ers,2025,26,true,210,-250
Philadelphia 76ers,2025,27,true,-116,100
Philadelphia 76ers,2025,28,false,-370,320
Philadelphia 76ers,2025,29,false,-125,116
Philadelphia 76ers,2025,30,false,610,-769
Philadelphia 76ers,2025,31,true,-118,110
Philadelphia 76ers,2025,32,true,-133,114
Philadelphia 76ers,2025,33,true,145,-167
Philadelphia 76ers,2025,34,false,-909,640
Philadelphia 76ers,2025,35,true,-833,675
Philadelphia 76ers,2025,36,true,-149,129
Philadelphia 76ers,2025,37,false,-116,110
Philadelphia 76ers,2025,38,true,-154,135
Philadelphia 76ers,2025,39,false,-110,-102
Philadelphia 76ers,2025,40,false,-135,120
Philadelphia 76ers,2025,41,true,-250,220
Philadelphia 76ers,2025,42,false,122,-141
Philadelphia 76ers,2025,43,true,114,-133
Philadelphia 76ers,2025,44,false,100,-115
Philadelphia 76ers,2025,45,false,108,-125
Philadelphia 76ers,2025,46,true,-400,320
Philadelphia 76ers,2025,47,true,-385,320
Philadelphia 76ers,2025,48,true,-222,185
Philadelphia 76ers,2025,49,true,-110,104
Philadelphia 76ers,2025,50,true,160,-182
Philadelphia 76ers,2025,51,false,114,-130
Philadelphia 76ers,2025,52,true,120,-135
Philadelphia 76ers,2025,53,false,131,-154
Philadelphia 76ers,2025,54,false,114,-130
Philadelphia 76ers,2025,55,false,-112,-104
Philadelphia 76ers,2025,56,false,-164,142
Philadelphia 76ers,2025,57,true,290,-357
Philadelphia 76ers,2025,58,true,-526,409
Philadelphia 76ers,2025,59,true,-135,120
Philadelphia 76ers,2025,60,false,280,-323
Philadelphia 76ers,2025,61,false,260,-303
Philadelphia 76ers,2025,62,true,-323,270
Philadelphia 76ers,2025,63,false,225,-256
Philadelphia 76ers,2025,64,false,590,-833
Philadelphia 76ers,2025,65,true,-189,162
Philadelphia 76ers,2025,66,false,700,-1111
Philadelphia 76ers,2025,67,true,-385,320
Philadelphia 76ers,2025,68,true,290,-345
Philadelphia 76ers,2025,69,false,830,-1250
Philadelphia 76ers,2025,70,true,-149,129
Philadelphia 76ers,2025,71,true,-227,194
Philadelphia 76ers,2025,72,false,775,-1111
Philadelphia 76ers,2025,73,true,-250,220
Philadelphia 76ers,2025,74,true,210,-250
Philadelphia 76ers,2025,75,false,-130,116
Philadelphia 76ers,2025,76,true,-1111,750
Philadelphia 76ers,2025,77,true,-161,140
Philadelphia 76ers,2025,78,false,146,-169
Philadelphia 76ers,2025,79,false,300,-357
Philadelphia 76ers,2025,80,false,204,-233
Philadelphia 76ers,2025,81,true,-1111,750
Philadelphia 76ers,2025,82,true,-1250,900
Phoenix Suns,2016,1,false,-152,129
Phoenix Suns,2016,2,false,304,-385
Phoenix Suns,2016,3,false,610,-909
Phoenix Suns,2016,4,false,711,-1111
Phoenix Suns,2016,5,true,127,-152
Phoenix Suns,2016,6,true,125,-147
Phoenix Suns,2016,7,false,152,-179
Phoenix Suns,2016,8,false,323,-417
Phoenix Suns,2016,9,true,156,-185
Phoenix Suns,2016,10,false,-204,171
Phoenix Suns,2016,11,false,1555,-3333
Phoenix Suns,2016,12,false,163,-192
Phoenix Suns,2016,13,true,160,-189
Phoenix Suns,2016,14,false,-127,106
Phoenix Suns,2016,15,false,274,-345
Phoenix Suns,2016,16,true,156,-185
Phoenix Suns,2016,17,false,106,-125
Phoenix Suns,2016,18,false,-132,112
Phoenix Suns,2016,19,true,154,-185
Phoenix Suns,2016,20,false,1559,-3333
Phoenix Suns,2016,21,false,243,-303
Phoenix Suns,2016,22,false,152,-179
Phoenix Suns,2016,23,true,104,-122
Phoenix Suns,2016,24,false,-132,110
Phoenix Suns,2016,25,true,114,-135
Phoenix Suns,2016,26,false,285,-357
Phoenix Suns,2016,27,false,214,-256
Phoenix Suns,2016,28,false,208,-250
Phoenix Suns,2016,29,false,223,-270
Phoenix Suns,2016,30,true,-222,185
Phoenix Suns,2016,31,false,696,-1111
Phoenix Suns,2016,32,false,539,-769
Phoenix Suns,2016,33,true,340,-435
Phoenix Suns,2016,34,false,563,-833
Phoenix Suns,2016,35,false,162,-189
Phoenix Suns,2016,36,true,-213,177
Phoenix Suns,2016,37,true,198,-238
Phoenix Suns,2016,38,false,322,-417
Phoenix Suns,2016,39,false,110,-132
Phoenix Suns,2016,40,true,671,-1000
Phoenix Suns,2016,41,false,211,-250
Phoenix Suns,2016,42,false,579,-833
Phoenix Suns,2016,43,true,177,-213
Phoenix Suns,2016,44,true,636,-909
Phoenix Suns,2016,45,false,102,-122
Phoenix Suns,2016,46,false,215,-256
Phoenix Suns,2016,47,false,-156,135
Phoenix Suns,2016,48,false,142,-167
Phoenix Suns,2016,49,false,123,-145
Phoenix Suns,2016,50,true,154,-182
Phoenix Suns,2016,51,false,102,-120
Phoenix Suns,2016,52,false,195,-238
Phoenix Suns,2016,53,false,276,-345
Phoenix Suns,2016,54,true,135,-159
Phoenix Suns,2016,55,false,1168,-2000
Phoenix Suns,2016,56,false,-164,139
Phoenix Suns,2016,57,true,-185,156
Phoenix Suns,2016,58,false,199,-238
Phoenix Suns,2016,59,false,200,-244
Phoenix Suns,2016,60,false,346,-455
Phoenix Suns,2016,61,true,141,-167
Phoenix Suns,2016,62,true,173,-208
Phoenix Suns,2016,63,true,168,-200
Phoenix Suns,2016,64,false,187,-227
Phoenix Suns,2016,65,false,-263,215
Phoenix Suns,2016,66,true,193,-233
Phoenix Suns,2016,67,false,114,-133
Phoenix Suns,2016,68,false,-250,206
Phoenix Suns,2016,69,false,-132,112
Phoenix Suns,2016,70,false,632,-909
Phoenix Suns,2016,71,false,580,-833
Phoenix Suns,2016,72,false,186,-222
Phoenix Suns,2016,73,false,1510,-3333
Phoenix Suns,2016,74,false,742,-1111
Phoenix Suns,2016,75,false,415,-556
Phoenix Suns,2016,76,false,430,-588
Phoenix Suns,2016,77,false,513,-714
Phoenix Suns,2016,78,false,277,-345
Phoenix Suns,2016,79,false,347,-455
Phoenix Suns,2016,80,true,371,-500
Phoenix Suns,2016,81,true,-139,117
Phoenix Suns,2016,82,false,177,-213
Phoenix Suns,2017,1,false,108,-127
Phoenix Suns,2017,2,false,-164,139
Phoenix Suns,2017,3,false,786,-1250
Phoenix Suns,2017,4,true,114,-135
Phoenix Suns,2017,5,true,249,-312
Phoenix Suns,2017,6,false,540,-769
Phoenix Suns,2017,7,true,158,-185
Phoenix Suns,2017,8,true,508,-714
Phoenix Suns,2017,9,false,150,-179
Phoenix Suns,2017,10,false,376,-500
Phoenix Suns,2017,11,false,-105,-112
Phoenix Suns,2017,12,false,200,-244
Phoenix Suns,2017,13,false,139,-161
Phoenix Suns,2017,14,true,378,-500
Phoenix Suns,2017,15,false,-116,-103
Phoenix Suns,2017,16,false,639,-1000
Phoenix Suns,2017,17,true,250,-303
Phoenix Suns,2017,18,true,-137,117
Phoenix Suns,2017,19,false,108,-128
Phoenix Suns,2017,20,false,212,-256
Phoenix Suns,2017,21,false,493,-667
Phoenix Suns,2017,22,true,-101,-116
Phoenix Suns,2017,23,false,529,-714
Phoenix Suns,2017,24,false,621,-909
Phoenix Suns,2017,25,true,411,-556
Phoenix Suns,2017,26,false,851,-1429
Phoenix Suns,2017,27,false,219,-263
Phoenix Suns,2017,28,false,181,-217
Phoenix Suns,2017,29,false,154,-182
Phoenix Suns,2017,30,false,571,-833
Phoenix Suns,2017,31,true,591,-909
Phoenix Suns,2017,32,true,245,-303
Phoenix Suns,2017,33,false,185,-222
Phoenix Suns,2017,34,true,131,-156
Phoenix Suns,2017,35,false,273,-345
Phoenix Suns,2017,36,true,102,-120
Phoenix Suns,2017,37,true,125,-147
Phoenix Suns,2017,38,false,136,-159
Phoenix Suns,2017,39,true,-114,-104
Phoenix Suns,2017,40,false,573,-833
Phoenix Suns,2017,41,false,556,-769
Phoenix Suns,2017,42,true,297,-385
Phoenix Suns,2017,43,false,236,-294
Phoenix Suns,2017,44,false,138,-161
Phoenix Suns,2017,45,false,465,-625
Phoenix Suns,2017,46,true,355,-455
Phoenix Suns,2017,47,false,181,-222
Phoenix Suns,2017,48,false,227,-278
Phoenix Suns,2017,49,false,-102,-116
Phoenix Suns,2017,50,false,909,-1667
Phoenix Suns,2017,51,false,304,-370
Phoenix Suns,2017,52,true,124,-143
Phoenix Suns,2017,53,false,200,-238
Phoenix Suns,2017,54,false,215,-263
Phoenix Suns,2017,55,false,280,-357
Phoenix Suns,2017,56,false,473,-667
Phoenix Suns,2017,57,false,254,-312
Phoenix Suns,2017,58,false,1107,-2000
Phoenix Suns,2017,59,false,515,-714
Phoenix Suns,2017,60,false,189,-227
Phoenix Suns,2017,61,false,229,-278
Phoenix Suns,2017,62,false,256,-323
Phoenix Suns,2017,63,true,127,-149
Phoenix Suns,2017,64,false,287,-370
Phoenix Suns,2017,65,false,106,-125
Phoenix Suns,2017,66,false,376,-500
Phoenix Suns,2017,67,false,491,-667
Phoenix Suns,2017,68,false,727,-1111
Phoenix Suns,2017,69,false,257,-323
Phoenix Suns,2017,70,false,942,-1667
Phoenix Suns,2017,71,false,174,-208
Phoenix Suns,2017,72,false,248,-303
Phoenix Suns,2017,73,false,1235,-2500
Phoenix Suns,2017,74,false,254,-312
Phoenix Suns,2017,75,false,474,-625
Phoenix Suns,2017,76,false,500,-667
Phoenix Suns,2017,77,false,1687,-5000
Phoenix Suns,2017,78,false,1107,-2000
Phoenix Suns,2017,79,true,120,-141
Phoenix Suns,2017,80,false,654,-1000
Phoenix Suns,2017,81,false,608,-909
Phoenix Suns,2017,82,true,122,-143
Phoenix Suns,2018,1,true,119,-139
Phoenix Suns,2018,2,false,440,-588
Phoenix Suns,2018,3,false,723,-1111
Phoenix Suns,2018,4,false,177,-213
Phoenix Suns,2018,5,false,250,-588
Phoenix Suns,2018,6,false,868,-1429
Phoenix Suns,2018,7,false,231,-286
Phoenix Suns,2018,8,false,476,-667
Phoenix Suns,2018,9,true,152,-182
Phoenix Suns,2018,10,false,114,-137
Phoenix Suns,2018,11,false,392,-526
Phoenix Suns,2018,12,false,346,-455
Phoenix Suns,2018,13,false,295,-370
Phoenix Suns,2018,14,true,200,-244
Phoenix Suns,2018,15,false,169,-204
Phoenix Suns,2018,16,false,574,-833
Phoenix Suns,2018,17,false,-119,100
Phoenix Suns,2018,18,true,856,-1429
Phoenix Suns,2018,19,false,305,-385
Phoenix Suns,2018,20,false,123,-145
Phoenix Suns,2018,21,false,645,-1000
Phoenix Suns,2018,22,false,156,-189
Phoenix Suns,2018,23,false,562,-833
Phoenix Suns,2018,24,false,185,-222
Phoenix Suns,2018,25,false,697,-1111
Phoenix Suns,2018,26,false,308,-385
Phoenix Suns,2018,27,false,383,-500
Phoenix Suns,2018,28,false,695,-1111
Phoenix Suns,2018,29,true,198,-238
Phoenix Suns,2018,30,true,262,-323
Phoenix Suns,2018,31,true,-119,100
Phoenix Suns,2018,32,true,600,-909
Phoenix Suns,2018,33,false,167,-196
Phoenix Suns,2018,34,false,333,-435
Phoenix Suns,2018,35,true,184,-222
Phoenix Suns,2018,36,false,158,-192
Phoenix Suns,2018,37,false,160,-192
Phoenix Suns,2018,38,false,455,-625
Phoenix Suns,2018,39,false,133,-156
Phoenix Suns,2018,40,false,162,-196
Phoenix Suns,2018,41,false,-122,102
Phoenix Suns,2018,42,true,140,-167
Phoenix Suns,2018,43,false,491,-667
Phoenix Suns,2018,44,true,337,-435
Phoenix Suns,2018,45,false,461,-625
Phoenix Suns,2018,46,false,351,-455
Phoenix Suns,2018,47,false,241,-303
Phoenix Suns,2018,48,false,653,-1000
Phoenix Suns,2018,49,false,147,-175
Phoenix Suns,2018,50,false,319,-400
Phoenix Suns,2018,51,false,1072,-2000
Phoenix Suns,2018,52,false,270,-345
Phoenix Suns,2018,53,false,817,-1429
Phoenix Suns,2018,54,false,-130,108
Phoenix Suns,2018,55,false,325,-417
Phoenix Suns,2018,56,false,969,-1667
Phoenix Suns,2018,57,false,1237,-2500
Phoenix Suns,2018,58,false,354,-455
Phoenix Suns,2018,59,false,265,-333
Phoenix Suns,2018,60,false,-102,-116
Phoenix Suns,2018,61,false,136,-161
Phoenix Suns,2018,62,true,267,-333
Phoenix Suns,2018,63,false,156,-185
Phoenix Suns,2018,64,true,237,-294
Phoenix Suns,2018,65,true,747,-1111
Phoenix Suns,2018,66,true,-167,143
Phoenix Suns,2018,67,false,645,-1000
Phoenix Suns,2018,68,true,1365,-3333
Phoenix Suns,2018,69,false,322,-400
Phoenix Suns,2018,70,false,668,-1000
Phoenix Suns,2018,71,true,165,-196
Phoenix Suns,2018,72,false,-137,117
Phoenix Suns,2018,73,false,227,-278
Phoenix Suns,2018,74,false,488,-667
Phoenix Suns,2018,75,false,902,-1429
Phoenix Suns,2018,76,false,-101,-116
Phoenix Suns,2018,77,false,110,-132
Phoenix Suns,2018,78,true,-123,104
Phoenix Suns,2018,79,false,471,-667
Phoenix Suns,2018,80,true,120,-143
Phoenix Suns,2018,81,false,1664,-5000
Phoenix Suns,2018,82,false,309,-385
Phoenix Suns,2019,1,true,-112,-105
Phoenix Suns,2019,2,false,578,-833
Phoenix Suns,2019,3,true,412,-556
Phoenix Suns,2019,4,false,164,-196
Phoenix Suns,2019,5,true,181,-217
Phoenix Suns,2019,6,true,-149,125
Phoenix Suns,2019,7,true,-110,-109
Phoenix Suns,2019,8,false,-122,104
Phoenix Suns,2019,9,true,-143,122
Phoenix Suns,2019,10,false,144,-172
Phoenix Suns,2019,11,true,-345,276
Phoenix Suns,2019,12,false,-143,121
Phoenix Suns,2019,13,false,123,-147
Phoenix Suns,2019,14,false,-156,133
Phoenix Suns,2019,15,true,161,-192
Phoenix Suns,2019,16,false,478,-667
Phoenix Suns,2019,17,false,-286,235
Phoenix Suns,2019,18,false,112,-133
Phoenix Suns,2019,19,true,-169,142
Phoenix Suns,2019,20,false,-123,104
Phoenix Suns,2019,21,true,152,-182
Phoenix Suns,2019,22,false,534,-769
Phoenix Suns,2019,23,true,-159,135
Phoenix Suns,2019,24,false,-303,245
Phoenix Suns,2019,25,false,108,-128
Phoenix Suns,2019,26,false,117,-137
Phoenix Suns,2019,27,false,823,-1429
Phoenix Suns,2019,28,false,127,-152
Phoenix Suns,2019,29,false,336,-435
Phoenix Suns,2019,30,false,119,-141
Phoenix Suns,2019,31,false,-167,140
Phoenix Suns,2019,32,true,122,-145
Phoenix Suns,2019,33,true,148,-175
Phoenix Suns,2019,34,false,493,-667
Phoenix Suns,2019,35,true,-294,239
Phoenix Suns,2019,36,false,-270,219
Phoenix Suns,2019,37,false,-263,215
Phoenix Suns,2019,38,true,-182,154
Phoenix Suns,2019,39,true,-385,303
Phoenix Suns,2019,40,false,-133,112
Phoenix Suns,2019,41,true,-132,110
Phoenix Suns,2019,42,true,156,-185
Phoenix Suns,2019,43,false,-189,161
Phoenix Suns,2019,44,false,100,-118
Phoenix Suns,2019,45,true,167,-200
Phoenix Suns,2019,46,false,112,-133
Phoenix Suns,2019,47,true,233,-286
Phoenix Suns,2019,48,false,-106,-112
Phoenix Suns,2019,49,false,618,-909
Phoenix Suns,2019,50,false,114,-135
Phoenix Suns,2019,51,false,-147,124
Phoenix Suns,2019,52,true,114,-135
Phoenix Suns,2019,53,false,135,-159
Phoenix Suns,2019,54,false,667,-1000
Phoenix Suns,2019,55,true,-278,229
Phoenix Suns,2019,56,false,284,-357
Phoenix Suns,2019,57,true,-152,127
Phoenix Suns,2019,58,true,296,-370
Phoenix Suns,2019,59,false,264,-333
Phoenix Suns,2019,60,false,-417,328
Phoenix Suns,2019,61,false,-500,395
Phoenix Suns,2019,62,false,139,-164
Phoenix Suns,2019,63,true,141,-164
Phoenix Suns,2019,64,true,220,-263
Phoenix Suns,2019,65,false,198,-238
Phoenix Suns,2019,66,true,-303,254
Phoenix Suns,2019,67,true,208,-244
Phoenix Suns,2019,68,true,318,-385
Phoenix Suns,2019,69,true,102,-119
Phoenix Suns,2019,70,true,-167,144
Phoenix Suns,2019,71,true,-357,287
Phoenix Suns,2019,72,true,-476,384
Phoenix Suns,2019,73,true,-370,304
Phoenix Suns,2020,1,true,-118,100
Phoenix Suns,2020,2,false,-159,134
Phoenix Suns,2020,3,true,-154,129
Phoenix Suns,2020,4,true,-128,110
Phoenix Suns,2020,5,true,145,-167
Phoenix Suns,2020,6,true,137,-161
Phoenix Suns,2020,7,false,133,-156
Phoenix Suns,2020,8,true,-152,127
Phoenix Suns,2020,9,false,-323,261
Phoenix Suns,2020,10,true,125,-149
Phoenix Suns,2020,11,false,-256,210
Phoenix Suns,2020,12,false,-217,183
Phoenix Suns,2020,13,true,-227,194
Phoenix Suns,2020,14,false,-114,-102
Phoenix Suns,2020,15,false,119,-139
Phoenix Suns,2020,16,false,-345,276
Phoenix Suns,2020,17,true,-125,106
Phoenix Suns,2020,18,true,-103,-114
Phoenix Suns,2020,19,true,112,-132
Phoenix Suns,2020,20,false,-143,125
Phoenix Suns,2020,21,true,-345,283
Phoenix Suns,2020,22,true,-139,120
Phoenix Suns,2020,23,true,-227,191
Phoenix Suns,2020,24,true,144,-164
Phoenix Suns,2020,25,true,-116,-101
Phoenix Suns,2020,26,true,-714,514
Phoenix Suns,2020,27,false,-333,268
Phoenix Suns,2020,28,true,-161,138
Phoenix Suns,2020,29,true,-256,215
Phoenix Suns,2020,30,true,-244,206
Phoenix Suns,2020,31,false,-435,338
Phoenix Suns,2020,32,true,-256,217
Phoenix Suns,2020,33,true,-556,424
Phoenix Suns,2020,34,true,-111,-104
Phoenix Suns,2020,35,true,-833,598
Phoenix Suns,2020,36,true,-192,163
Phoenix Suns,2020,37,false,-294,239
Phoenix Suns,2020,38,true,-312,254
Phoenix Suns,2020,39,false,-625,479
Phoenix Suns,2020,40,true,-667,478
Phoenix Suns,2020,41,true,-500,401
Phoenix Suns,2020,42,true,-128,108
Phoenix Suns,2020,43,false,-476,366
Phoenix Suns,2020,44,true,-159,138
Phoenix Suns,2020,45,true,-250,211
Phoenix Suns,2020,46,true,-227,191
Phoenix Suns,2020,47,true,-345,279
Phoenix Suns,2020,48,true,-1250,760
Phoenix Suns,2020,49,true,-1111,733
Phoenix Suns,2020,50,true,117,-137
Phoenix Suns,2020,51,false,193,-227
Phoenix Suns,2020,52,true,-1111,719
Phoenix Suns,2020,53,true,-909,610
Phoenix Suns,2020,54,true,-167,143
Phoenix Suns,2020,55,true,-909,614
Phoenix Suns,2020,56,false,-769,548
Phoenix Suns,2020,57,true,124,-143
Phoenix Suns,2020,58,true,-145,124
Phoenix Suns,2020,59,false,-141,131
Phoenix Suns,2020,60,false,-101,-115
Phoenix Suns,2020,61,true,-143,122
Phoenix Suns,2020,62,true,-182,156
Phoenix Suns,2020,63,true,-164,143
Phoenix Suns,2020,64,true,-1429,814
Phoenix Suns,2020,65,true,-833,591
Phoenix Suns,2020,66,false,-111,-105
Phoenix Suns,2020,67,true,-270,225
Phoenix Suns,2020,68,false,-263,222
Phoenix Suns,2020,69,false,-189,161
Phoenix Suns,2020,70,true,-132,114
Phoenix Suns,2020,71,true,-625,467
Phoenix Suns,2020,72,true,-143,123
Phoenix Suns,2021,1,false,-244,208
Phoenix Suns,2021,2,true,-114,-102
Phoenix Suns,2021,3,false,129,-147
Phoenix Suns,2021,4,false,-345,284
Phoenix Suns,2021,5,true,-500,388
Phoenix Suns,2021,6,true,-526,413
Phoenix Suns,2021,7,true,-667,505
Phoenix Suns,2021,8,true,-159,137
Phoenix Suns,2021,9,true,-159,136
Phoenix Suns,2021,10,true,-200,172
Phoenix Suns,2021,11,true,-125,106
Phoenix Suns,2021,12,true,-385,304
Phoenix Suns,2021,13,true,-172,146
Phoenix Suns,2021,14,true,-370,296
Phoenix Suns,2021,15,true,-370,301
Phoenix Suns,2021,16,true,-500,393
Phoenix Suns,2021,17,true,-213,179
Phoenix Suns,2021,18,true,-303,246
Phoenix Suns,2021,19,true,-167,142
Phoenix Suns,2021,20,true,106,-125
Phoenix Suns,2021,21,true,-152,131
Phoenix Suns,2021,22,true,-714,524
Phoenix Suns,2021,23,false,242,-294
Phoenix Suns,2021,24,true,-303,248
Phoenix Suns,2021,25,true,-154,134
Phoenix Suns,2021,26,false,-159,137
Phoenix Suns,2021,27,true,-115,-101
Phoenix Suns,2021,28,true,-400,326
Phoenix Suns,2021,29,true,-385,312
Phoenix Suns,2021,30,true,-286,238
Phoenix Suns,2021,31,true,-1429,856
Phoenix Suns,2021,32,false,-244,202
Phoenix Suns,2021,33,false,-323,267
Phoenix Suns,2021,34,true,-2000,1005
Phoenix Suns,2021,35,false,-161,139
Phoenix Suns,2021,36,true,-127,110
Phoenix Suns,2021,37,true,-278,229
Phoenix Suns,2021,38,true,-588,451
Phoenix Suns,2021,39,false,-455,372
Phoenix Suns,2021,40,true,-185,159
Phoenix Suns,2021,41,true,-233,195
Phoenix Suns,2021,42,true,-769,548
Phoenix Suns,2021,43,true,-169,146
Phoenix Suns,2021,44,true,-133,114
Phoenix Suns,2021,45,true,-1000,668
Phoenix Suns,2021,46,true,-769,547
Phoenix Suns,2021,47,true,-110,-105
Phoenix Suns,2021,48,true,-357,290
Phoenix Suns,2021,49,true,-1000,687
Phoenix Suns,2021,50,true,-270,229
Phoenix Suns,2021,51,false,-149,129
Phoenix Suns,2021,52,true,-345,281
Phoenix Suns,2021,53,true,-263,223
Phoenix Suns,2021,54,true,-101,-115
Phoenix Suns,2021,55,true,-149,129
Phoenix Suns,2021,56,true,-2000,1083
Phoenix Suns,2021,57,true,-909,624
Phoenix Suns,2021,58,true,-2000,1076
Phoenix Suns,2021,59,true,-556,428
Phoenix Suns,2021,60,false,-244,206
Phoenix Suns,2021,61,false,127,-145
Phoenix Suns,2021,62,true,-625,471
Phoenix Suns,2021,63,true,-244,206
Phoenix Suns,2021,64,false,340,-417
Phoenix Suns,2021,65,true,-238,200
Phoenix Suns,2021,66,true,148,-172
Phoenix Suns,2021,67,false,-200,168
Phoenix Suns,2021,68,true,-294,247
Phoenix Suns,2021,69,true,-185,160
Phoenix Suns,2021,70,true,-500,393
Phoenix Suns,2021,71,true,-189,164
Phoenix Suns,2021,72,true,-333,270
Phoenix Suns,2021,73,true,106,-123
Phoenix Suns,2021,74,true,100,-116
Phoenix Suns,2021,75,true,-196,172
Phoenix Suns,2021,76,true,-196,169
Phoenix Suns,2021,77,false,-312,263
Phoenix Suns,2021,78,false,-1429,832
Phoenix Suns,2021,79,true,-833,599
Phoenix Suns,2021,80,false,247,-303
Phoenix Suns,2021,81,true,129,-149
Phoenix Suns,2021,82,false,-526,416
Phoenix Suns,2022,1,true,-182,150
Phoenix Suns,2022,2,false,-208,171
Phoenix Suns,2022,3,true,-120,100
Phoenix Suns,2022,4,true,-125,104
Phoenix Suns,2022,5,true,-333,266
Phoenix Suns,2022,6,true,-909,592
Phoenix Suns,2022,7,true,-172,145
Phoenix Suns,2022,8,false,-769,525
Phoenix Suns,2022,9,true,-667,461
Phoenix Suns,2022,10,false,-127,106
Phoenix Suns,2022,11,true,108,-128
Phoenix Suns,2022,12,false,-294,229
Phoenix Suns,2022,13,false,118,-139
Phoenix Suns,2022,14,true,117,-139
Phoenix Suns,2022,15,false,-110,-109
Phoenix Suns,2022,16,true,-233,191
Phoenix Suns,2022,17,true,-455,334
Phoenix Suns,2022,18,true,-909,565
Phoenix Suns,2022,19,true,-244,200
Phoenix Suns,2022,20,true,-110,-110
Phoenix Suns,2022,21,true,-217,177
Phoenix Suns,2022,22,false,-667,457
Phoenix Suns,2022,23,true,-500,373
Phoenix Suns,2022,24,false,131,-159
Phoenix Suns,2022,25,false,-130,110
Phoenix Suns,2022,26,false,-116,-103
Phoenix Suns,2022,27,false,136,-161
Phoenix Suns,2022,28,false,-263,216
Phoenix Suns,2022,29,true,-238,196
Phoenix Suns,2022,30,true,-149,125
Phoenix Suns,2022,31,true,-667,449
Phoenix Suns,2022,32,false,-286,231
Phoenix Suns,2022,33,false,127,-149
Phoenix Suns,2022,34,false,149,-179
Phoenix Suns,2022,35,true,250,-312
Phoenix Suns,2022,36,false,-137,114
Phoenix Suns,2022,37,false,110,-132
Phoenix Suns,2022,38,false,119,-141
Phoenix Suns,2022,39,false,168,-204
Phoenix Suns,2022,40,false,-104,-116
Phoenix Suns,2022,41,false,196,-244
Phoenix Suns,2022,42,true,528,-769
Phoenix Suns,2022,43,false,735,-1250
Phoenix Suns,2022,44,false,202,-250
Phoenix Suns,2022,45,false,514,-714
Phoenix Suns,2022,46,true,139,-167
Phoenix Suns,2022,47,true,-147,124
Phoenix Suns,2022,48,true,276,-357
Phoenix Suns,2022,49,true,-303,242
Phoenix Suns,2022,50,false,-119,100
Phoenix Suns,2022,51,true,-217,175
Phoenix Suns,2022,52,true,-125,104
Phoenix Suns,2022,53,false,-116,-101
Phoenix Suns,2022,54,true,355,-455
Phoenix Suns,2022,55,true,-189,159
Phoenix Suns,2022,56,true,-263,220
Phoenix Suns,2022,57,false,252,-312
Phoenix Suns,2022,58,true,122,-141
Phoenix Suns,2022,59,true,-137,118
Phoenix Suns,2022,60,false,-103,-115
Phoenix Suns,2022,61,true,-385,309
Phoenix Suns,2022,62,false,127,-149
Phoenix Suns,2022,63,true,-500,384
Phoenix Suns,2022,64,true,-161,136
Phoenix Suns,2022,65,true,-130,110
Phoenix Suns,2022,66,true,-909,522
Phoenix Suns,2022,67,false,-164,137
Phoenix Suns,2022,68,false,159,-189
Phoenix Suns,2022,69,false,-101,-118
Phoenix Suns,2022,70,true,-323,263
Phoenix Suns,2022,71,false,100,-118
Phoenix Suns,2022,72,false,100,-119
Phoenix Suns,2022,73,false,148,-175
Phoenix Suns,2022,74,true,-120,102
Phoenix Suns,2022,75,true,-200,170
Phoenix Suns,2022,76,true,-238,199
Phoenix Suns,2022,77,true,-833,569
Phoenix Suns,2022,78,true,-217,177
Phoenix Suns,2022,79,true,-2500,1172
Phoenix Suns,2022,80,true,-833,578
Phoenix Suns,2022,81,false,630,-1000
Phoenix Suns,2022,82,false,359,-476
Phoenix Suns,2023,1,true,125,-145
Phoenix Suns,2023,2,false,199,-238
Phoenix Suns,2023,3,true,-213,177
Phoenix Suns,2023,4,false,-286,231
Phoenix Suns,2023,5,false,-526,393
Phoenix Suns,2023,6,false,204,-250
Phoenix Suns,2023,7,true,-159,138
Phoenix Suns,2023,8,true,-111,-105
Phoenix Suns,2023,9,false,-133,112
Phoenix Suns,2023,10,false,-161,139
Phoenix Suns,2023,11,true,-172,152
Phoenix Suns,2023,12,true,-204,170
Phoenix Suns,2023,13,true,-189,160
Phoenix Suns,2023,14,true,-769,527
Phoenix Suns,2023,15,true,-143,124
Phoenix Suns,2023,16,true,-161,138
Phoenix Suns,2023,17,true,169,-196
Phoenix Suns,2023,18,false,-154,133
Phoenix Suns,2023,19,false,-104,-114
Phoenix Suns,2023,20,true,-435,329
Phoenix Suns,2023,21,false,127,-147
Phoenix Suns,2023,22,true,-104,-114
Phoenix Suns,2023,23,false,-189,160
Phoenix Suns,2023,24,false,-200,166
Phoenix Suns,2023,25,true,-769,552
Phoenix Suns,2023,26,false,-294,234
Phoenix Suns,2023,27,false,148,-179
Phoenix Suns,2023,28,false,-185,152
Phoenix Suns,2023,29,true,-149,127
Phoenix Suns,2023,30,true,-1250,750
Phoenix Suns,2023,31,true,-222,181
Phoenix Suns,2023,32,true,-417,323
Phoenix Suns,2023,33,false,145,-172
Phoenix Suns,2023,34,true,-141,120
Phoenix Suns,2023,35,false,-312,250
Phoenix Suns,2023,36,false,172,-208
Phoenix Suns,2023,37,true,-118,100
Phoenix Suns,2023,38,true,-1000,652
Phoenix Suns,2023,39,true,-172,145
Phoenix Suns,2023,40,true,118,-137
Phoenix Suns,2023,41,true,-256,208
Phoenix Suns,2023,42,true,-208,173
Phoenix Suns,2023,43,true,-133,114
Phoenix Suns,2023,44,false,-192,160
Phoenix Suns,2023,45,false,-122,104
Phoenix Suns,2023,46,true,117,-137
Phoenix Suns,2023,47,true,-161,139
Phoenix Suns,2023,48,false,-149,129
Phoenix Suns,2023,49,true,-588,411
Phoenix Suns,2023,50,true,-227,184
Phoenix Suns,2023,51,true,-208,174
Phoenix Suns,2023,52,false,-119,102
Phoenix Suns,2023,53,true,-182,154
Phoenix Suns,2023,54,true,-1000,641
Phoenix Suns,2023,55,false,114,-133
Phoenix Suns,2023,56,false,-143,122
Phoenix Suns,2023,57,true,-156,131
Phoenix Suns,2023,58,true,-385,297
Phoenix Suns,2023,59,false,-417,320
Phoenix Suns,2023,60,false,154,-182
Phoenix Suns,2023,61,true,308,-385
Phoenix Suns,2023,62,true,-556,407
Phoenix Suns,2023,63,false,181,-217
Phoenix Suns,2023,64,true,-263,215
Phoenix Suns,2023,65,false,185,-233
Phoenix Suns,2023,66,true,-526,401
Phoenix Suns,2023,67,false,-101,-106
Phoenix Suns,2023,68,true,-417,324
Phoenix Suns,2023,69,true,-435,325
Phoenix Suns,2023,70,true,-455,349
Phoenix Suns,2023,71,false,-714,507
Phoenix Suns,2023,72,true,183,-227
Phoenix Suns,2023,73,false,-127,106
Phoenix Suns,2023,74,true,100,-118
Phoenix Suns,2023,75,true,-238,196
Phoenix Suns,2023,76,true,-192,162
Phoenix Suns,2023,77,false,-227,185
Phoenix Suns,2023,78,false,-385,305
Phoenix Suns,2023,79,true,-556,401
Phoenix Suns,2023,80,true,-189,159
Phoenix Suns,2023,81,true,117,-137
Phoenix Suns,2024,1,true,-200,166
Phoenix Suns,2024,2,false,102,-123
Phoenix Suns,2024,3,true,140,-167
Phoenix Suns,2024,4,true,-189,154
Phoenix Suns,2024,5,true,-182,152
Phoenix Suns,2024,6,true,-909,588
Phoenix Suns,2024,7,true,-323,252
Phoenix Suns,2024,8,true,-200,166
Phoenix Suns,2024,9,true,119,-141
Phoenix Suns,2024,10,false,-105,-114
Phoenix Suns,2024,11,true,-208,170
Phoenix Suns,2024,12,false,272,-345
Phoenix Suns,2024,13,false,239,-303
Phoenix Suns,2024,14,false,234,-294
Phoenix Suns,2024,15,false,154,-185
Phoenix Suns,2024,16,false,160,-192
Phoenix Suns,2024,17,true,-143,120
Phoenix Suns,2024,18,false,-417,317
Phoenix Suns,2024,19,true,-114,-105
Phoenix Suns,2024,20,true,-286,229
Phoenix Suns,2024,21,false,-125,104
Phoenix Suns,2024,22,false,172,-208
Phoenix Suns,2024,23,false,110,-132
Phoenix Suns,2024,24,true,-278,220
Phoenix Suns,2024,25,true,-625,437
Phoenix Suns,2024,26,false,-244,199
Phoenix Suns,2024,27,false,-227,185
Phoenix Suns,2024,28,false,152,-185
Phoenix Suns,2024,29,true,114,-135
Phoenix Suns,2024,30,false,-115,-104
Phoenix Suns,2024,31,false,200,-250
Phoenix Suns,2024,32,false,-222,181
Phoenix Suns,2024,33,false,123,-147
Phoenix Suns,2024,34,true,-128,106
Phoenix Suns,2024,35,false,-200,166
Phoenix Suns,2024,36,true,-238,196
Phoenix Suns,2024,37,true,-588,438
Phoenix Suns,2024,38,true,-278,225
Phoenix Suns,2024,39,false,-135,112
Phoenix Suns,2024,40,true,-667,480
Phoenix Suns,2024,41,true,-112,-109
Phoenix Suns,2024,42,false,241,-303
Phoenix Suns,2024,43,true,-833,555
Phoenix Suns,2024,44,true,-1111,657
Phoenix Suns,2024,45,true,-103,-115
Phoenix Suns,2024,46,false,-115,-103
Phoenix Suns,2024,47,true,-141,120
Phoenix Suns,2024,48,false,-182,147
Phoenix Suns,2024,49,false,-208,171
Phoenix Suns,2024,50,false,526,-769
Phoenix Suns,2024,51,true,-286,229
Phoenix Suns,2024,52,false,209,-256
Phoenix Suns,2024,53,false,144,-172
Phoenix Suns,2024,54,false,332,-435
Phoenix Suns,2024,55,false,-143,121
Phoenix Suns,2024,56,true,-204,170
Phoenix Suns,2024,57,false,-147,124
Phoenix Suns,2024,58,false,214,-263
Phoenix Suns,2024,59,false,-270,213
Phoenix Suns,2024,60,true,-417,325
Phoenix Suns,2024,61,false,-101,-118
Phoenix Suns,2024,62,true,123,-143
Phoenix Suns,2024,63,false,309,-400
Phoenix Suns,2024,64,true,-270,221
Phoenix Suns,2024,65,false,124,-147
Phoenix Suns,2024,66,false,154,-185
Phoenix Suns,2024,67,true,-130,108
Phoenix Suns,2024,68,false,117,-137
Phoenix Suns,2024,69,true,-400,313
Phoenix Suns,2024,70,true,-217,179
Phoenix Suns,2024,71,true,279,-357
Phoenix Suns,2024,72,true,-152,127
Phoenix Suns,2024,73,false,165,-200
Phoenix Suns,2024,74,false,245,-303
Phoenix Suns,2024,75,false,114,-133
Phoenix Suns,2024,76,false,213,-270
Phoenix Suns,2024,77,false,691,-1250
Phoenix Suns,2024,78,false,318,-435
Phoenix Suns,2024,79,false,353,-476
Phoenix Suns,2024,80,false,237,-294
Phoenix Suns,2024,81,true,-204,172
Phoenix Suns,2024,82,false,614,-1000
Phoenix Suns,2025,1,true,-161,140
Phoenix Suns,2025,2,false,350,-417
Phoenix Suns,2025,3,false,575,-833
Phoenix Suns,2025,4,false,104,-125
Phoenix Suns,2025,5,false,110,-130
Phoenix Suns,2025,6,true,-149,129
Phoenix Suns,2025,7,true,179,-222
Phoenix Suns,2025,8,false,375,-455
Phoenix Suns,2025,9,true,-141,120
Phoenix Suns,2025,10,true,154,-185
Phoenix Suns,2025,11,true,-345,275
Phoenix Suns,2025,12,true,-133,114
Phoenix Suns,2025,13,true,-164,140
Phoenix Suns,2025,14,false,-120,100
Phoenix Suns,2025,15,true,104,-125
Phoenix Suns,2025,16,true,154,-185
Phoenix Suns,2025,17,true,-120,100
Phoenix Suns,2025,18,false,200,-238
Phoenix Suns,2025,19,true,-182,154
Phoenix Suns,2025,20,false,675,-909
Phoenix Suns,2025,21,false,145,-164
Phoenix Suns,2025,22,true,198,-227
Phoenix Suns,2025,23,false,325,-370
Phoenix Suns,2025,24,true,290,-357
Phoenix Suns,2025,25,false,-118,100
Phoenix Suns,2025,26,true,118,-130
Phoenix Suns,2025,27,false,195,-233
Phoenix Suns,2025,28,true,-149,134
Phoenix Suns,2025,29,true,-182,165
Phoenix Suns,2025,30,true,-185,154
Phoenix Suns,2025,31,true,-455,359
Phoenix Suns,2025,32,false,220,-263
Phoenix Suns,2025,33,true,-769,550
Phoenix Suns,2025,34,true,340,-400
Phoenix Suns,2025,35,false,250,-303
Phoenix Suns,2025,36,true,-208,190
Phoenix Suns,2025,37,true,102,-120
Phoenix Suns,2025,38,true,-909,610
Phoenix Suns,2025,39,false,104,-122
Phoenix Suns,2025,40,false,225,-270
Phoenix Suns,2025,41,true,-102,-115
Phoenix Suns,2025,42,true,-385,320
Phoenix Suns,2025,43,true,-141,122
Phoenix Suns,2025,44,false,-145,125
Phoenix Suns,2025,45,false,-179,150
Phoenix Suns,2025,46,true,-312,280
Phoenix Suns,2025,47,true,129,-149
Phoenix Suns,2025,48,true,108,-125
Phoenix Suns,2025,49,false,-147,129
Phoenix Suns,2025,50,true,-149,127
Phoenix Suns,2025,51,false,-208,190
Phoenix Suns,2025,52,false,-135,120
Phoenix Suns,2025,53,true,-294,270
Phoenix Suns,2025,54,false,240,-278
Phoenix Suns,2025,55,false,240,-278
Phoenix Suns,2025,56,true,-152,135
Phoenix Suns,2025,57,false,142,-164
Phoenix Suns,2025,58,false,175,-200
Phoenix Suns,2025,59,true,179,-213
Phoenix Suns,2025,60,true,-357,290
Phoenix Suns,2025,61,false,-588,459
Phoenix Suns,2025,62,true,-179,150
Phoenix Suns,2025,63,true,172,-189
Phoenix Suns,2025,64,true,-127,114
Phoenix Suns,2025,65,true,-417,333
Phoenix Suns,2025,66,false,175,-208
Phoenix Suns,2025,67,false,320,-400
Phoenix Suns,2025,68,false,140,-164
Phoenix Suns,2025,69,false,350,-417
Phoenix Suns,2025,70,false,-556,450
Phoenix Suns,2025,71,true,154,-172
Phoenix Suns,2025,72,false,198,-238
Phoenix Suns,2025,73,true,-1667,1040
Phoenix Suns,2025,74,true,-588,520
Phoenix Suns,2025,75,false,110,-127
Phoenix Suns,2025,76,false,194,-222
Phoenix Suns,2025,77,true,-588,475
Phoenix Suns,2025,78,false,100,-116
Phoenix Suns,2025,79,true,-667,530
Phoenix Suns,2025,80,false,-133,120
Phoenix Suns,2025,81,true,250,-303
Portland Trail Blazers,2016,1,true,-256,208
Portland Trail Blazers,2016,2,false,118,-141
Portland Trail Blazers,2016,3,true,-118,100
Portland Trail Blazers,2016,4,false,179,-217
Portland Trail Blazers,2016,5,false,-152,127
Portland Trail Blazers,2016,6,true,-154,129
Portland Trail Blazers,2016,7,true,-110,-110
Portland Trail Blazers,2016,8,true,-417,323
Portland Trail Blazers,2016,9,false,509,-714
Portland Trail Blazers,2016,10,true,-333,264
Portland Trail Blazers,2016,11,true,-333,267
Portland Trail Blazers,2016,12,false,-185,156
Portland Trail Blazers,2016,13,false,177,-213
Portland Trail Blazers,2016,14,false,-114,-105
Portland Trail Blazers,2016,15,true,-189,159
Portland Trail Blazers,2016,16,false,104,-125
Portland Trail Blazers,2016,17,false,635,-909
Portland Trail Blazers,2016,18,true,-185,156
Portland Trail Blazers,2016,19,false,108,-128
Portland Trail Blazers,2016,20,true,-333,264
Portland Trail Blazers,2016,21,true,-238,200
Portland Trail Blazers,2016,22,true,142,-167
Portland Trail Blazers,2016,23,false,106,-125
Portland Trail Blazers,2016,24,false,-152,131
Portland Trail Blazers,2016,25,false,-118,-102
Portland Trail Blazers,2016,26,false,408,-556
Portland Trail Blazers,2016,27,true,-135,114
Portland Trail Blazers,2016,28,false,125,-147
Portland Trail Blazers,2016,29,false,874,-1429
Portland Trail Blazers,2016,30,false,-112,-106
Portland Trail Blazers,2016,31,false,-256,206
Portland Trail Blazers,2016,32,false,110,-132
Portland Trail Blazers,2016,33,false,307,-385
Portland Trail Blazers,2016,34,true,-125,104
Portland Trail Blazers,2016,35,false,426,-588
Portland Trail Blazers,2016,36,true,199,-238
Portland Trail Blazers,2016,37,false,1393,-3333
Portland Trail Blazers,2016,38,true,-278,225
Portland Trail Blazers,2016,39,false,-169,143
Portland Trail Blazers,2016,40,true,-137,117
Portland Trail Blazers,2016,41,true,170,-204
Portland Trail Blazers,2016,42,false,-303,250
Portland Trail Blazers,2016,43,false,143,-167
Portland Trail Blazers,2016,44,false,193,-233
Portland Trail Blazers,2016,45,false,-139,118
Portland Trail Blazers,2016,46,true,281,-357
Portland Trail Blazers,2016,47,true,-400,307
Portland Trail Blazers,2016,48,true,-116,-102
Portland Trail Blazers,2016,49,false,208,-250
Portland Trail Blazers,2016,50,true,-169,143
Portland Trail Blazers,2016,51,false,-256,213
Portland Trail Blazers,2016,52,false,171,-204
Portland Trail Blazers,2016,53,true,-139,118
Portland Trail Blazers,2016,54,false,-156,131
Portland Trail Blazers,2016,55,false,-132,112
Portland Trail Blazers,2016,56,false,319,-400
Portland Trail Blazers,2016,57,true,-152,129
Portland Trail Blazers,2016,58,false,181,-217
Portland Trail Blazers,2016,59,false,148,-172
Portland Trail Blazers,2016,60,true,-106,-111
Portland Trail Blazers,2016,61,true,-714,501
Portland Trail Blazers,2016,62,true,243,-303
Portland Trail Blazers,2016,63,true,-526,386
Portland Trail Blazers,2016,64,false,-185,158
Portland Trail Blazers,2016,65,true,-133,114
Portland Trail Blazers,2016,66,false,141,-167
Portland Trail Blazers,2016,67,true,517,-714
Portland Trail Blazers,2016,68,true,108,-128
Portland Trail Blazers,2016,69,true,197,-238
Portland Trail Blazers,2016,70,false,-172,146
Portland Trail Blazers,2016,71,true,-1250,791
Portland Trail Blazers,2016,72,true,-256,210
Portland Trail Blazers,2016,73,true,-278,229
Portland Trail Blazers,2016,74,true,-132,112
Portland Trail Blazers,2016,75,true,-114,-105
Portland Trail Blazers,2016,76,true,-714,513
Portland Trail Blazers,2016,77,false,108,-127
Portland Trail Blazers,2016,78,false,202,-244
Portland Trail Blazers,2016,79,true,-227,187
Portland Trail Blazers,2016,80,true,-139,118
Portland Trail Blazers,2016,81,true,434,-588
Portland Trail Blazers,2016,82,false,-323,260
Portland Trail Blazers,2017,1,true,-127,108
Portland Trail Blazers,2017,2,true,-217,181
Portland Trail Blazers,2017,3,false,131,-154
Portland Trail Blazers,2017,4,true,-196,164
Portland Trail Blazers,2017,5,false,-132,110
Portland Trail Blazers,2017,6,true,-769,540
Portland Trail Blazers,2017,7,false,-169,143
Portland Trail Blazers,2017,8,false,142,-167
Portland Trail Blazers,2017,9,true,-244,204
Portland Trail Blazers,2017,10,true,125,-147
Portland Trail Blazers,2017,11,false,-141,121
Portland Trail Blazers,2017,12,false,-400,309
Portland Trail Blazers,2017,13,true,-130,110
Portland Trail Blazers,2017,14,true,-204,171
Portland Trail Blazers,2017,15,false,-278,225
Portland Trail Blazers,2017,16,true,-833,573
Portland Trail Blazers,2017,17,true,-115,-103
Portland Trail Blazers,2017,18,false,143,-167
Portland Trail Blazers,2017,19,true,-182,156
Portland Trail Blazers,2017,20,true,156,-182
Portland Trail Blazers,2017,21,true,-123,106
Portland Trail Blazers,2017,22,false,-175,150
Portland Trail Blazers,2017,23,false,-303,247
Portland Trail Blazers,2017,24,false,-233,194
Portland Trail Blazers,2017,25,false,292,-370
Portland Trail Blazers,2017,26,false,332,-417
Portland Trail Blazers,2017,27,true,127,-149
Portland Trail Blazers,2017,28,true,-182,156
Portland Trail Blazers,2017,29,true,137,-161
Portland Trail Blazers,2017,30,false,158,-185
Portland Trail Blazers,2017,31,false,-141,119
Portland Trail Blazers,2017,32,false,104,-122
Portland Trail Blazers,2017,33,true,124,-145
Portland Trail Blazers,2017,34,true,108,-127
Portland Trail Blazers,2017,35,false,-143,121
Portland Trail Blazers,2017,36,true,127,-152
Portland Trail Blazers,2017,37,false,342,-455
Portland Trail Blazers,2017,38,true,-303,247
Portland Trail Blazers,2017,39,true,-115,-102
Portland Trail Blazers,2017,40,true,286,-357
Portland Trail Blazers,2017,41,false,240,-294
Portland Trail Blazers,2017,42,false,144,-169
Portland Trail Blazers,2017,43,false,206,-250
Portland Trail Blazers,2017,44,true,-625,465
Portland Trail Blazers,2017,45,true,-192,161
Portland Trail Blazers,2017,46,true,-217,179
Portland Trail Blazers,2017,47,false,131,-156
Portland Trail Blazers,2017,48,true,-156,133
Portland Trail Blazers,2017,49,true,-118,100
Portland Trail Blazers,2017,50,true,-143,121
Portland Trail Blazers,2017,51,true,-370,287
Portland Trail Blazers,2017,52,false,164,-196
Portland Trail Blazers,2017,53,false,-123,102
Portland Trail Blazers,2017,54,false,117,-137
Portland Trail Blazers,2017,55,true,-156,133
Portland Trail Blazers,2017,56,true,-204,170
Portland Trail Blazers,2017,57,false,-167,143
Portland Trail Blazers,2017,58,true,211,-256
Portland Trail Blazers,2017,59,true,161,-192
Portland Trail Blazers,2017,60,true,-278,229
Portland Trail Blazers,2017,61,true,-1000,640
Portland Trail Blazers,2017,62,true,-213,177
Portland Trail Blazers,2017,63,true,-200,170
Portland Trail Blazers,2017,64,true,-132,110
Portland Trail Blazers,2017,65,true,-556,418
Portland Trail Blazers,2017,66,true,-112,-105
Portland Trail Blazers,2017,67,true,-250,204
Portland Trail Blazers,2017,68,true,-238,198
Portland Trail Blazers,2017,69,true,-455,348
Portland Trail Blazers,2017,70,true,-102,-116
Portland Trail Blazers,2017,71,false,156,-189
Portland Trail Blazers,2017,72,false,-345,275
Portland Trail Blazers,2017,73,true,148,-172
Portland Trail Blazers,2017,74,true,-120,102
Portland Trail Blazers,2017,75,false,-270,225
Portland Trail Blazers,2017,76,true,-256,213
Portland Trail Blazers,2017,77,true,-2000,1072
Portland Trail Blazers,2017,78,false,-323,261
Portland Trail Blazers,2017,79,false,515,-714
Portland Trail Blazers,2017,80,false,181,-217
Portland Trail Blazers,2017,81,false,164,-196
Portland Trail Blazers,2017,82,true,-133,112
Portland Trail Blazers,2018,1,true,-152,129
Portland Trail Blazers,2018,2,true,-192,163
Portland Trail Blazers,2018,3,false,-196,166
Portland Trail Blazers,2018,4,true,-164,138
Portland Trail Blazers,2018,5,false,145,-208
Portland Trail Blazers,2018,6,true,147,-172
Portland Trail Blazers,2018,7,true,160,-189
Portland Trail Blazers,2018,8,true,-278,225
Portland Trail Blazers,2018,9,false,-159,133
Portland Trail Blazers,2018,10,true,-250,206
Portland Trail Blazers,2018,11,true,110,-133
Portland Trail Blazers,2018,12,true,-208,173
Portland Trail Blazers,2018,13,true,-128,110
Portland Trail Blazers,2018,14,false,118,-139
Portland Trail Blazers,2018,15,false,-102,-116
Portland Trail Blazers,2018,16,true,-114,-104
Portland Trail Blazers,2018,17,true,-294,237
Portland Trail Blazers,2018,18,false,250,-303
Portland Trail Blazers,2018,19,false,-101,-118
Portland Trail Blazers,2018,20,false,-179,150
Portland Trail Blazers,2018,21,true,-476,374
Portland Trail Blazers,2018,22,false,-118,-101
Portland Trail Blazers,2018,23,false,-114,-105
Portland Trail Blazers,2018,24,false,102,-120
Portland Trail Blazers,2018,25,true,-1111,697
Portland Trail Blazers,2018,26,true,-145,124
Portland Trail Blazers,2018,27,false,209,-256
Portland Trail Blazers,2018,28,false,133,-156
Portland Trail Blazers,2018,29,true,104,-123
Portland Trail Blazers,2018,30,true,100,-119
Portland Trail Blazers,2018,31,true,-244,206
Portland Trail Blazers,2018,32,false,-128,108
Portland Trail Blazers,2018,33,true,-312,252
Portland Trail Blazers,2018,34,false,231,-286
Portland Trail Blazers,2018,35,true,323,-417
Portland Trail Blazers,2018,36,false,168,-204
Portland Trail Blazers,2018,37,true,-154,131
Portland Trail Blazers,2018,38,true,-114,-105
Portland Trail Blazers,2018,39,false,-114,-104
Portland Trail Blazers,2018,40,true,-130,110
Portland Trail Blazers,2018,41,true,-833,572
Portland Trail Blazers,2018,42,true,-556,401
Portland Trail Blazers,2018,43,true,-270,218
Portland Trail Blazers,2018,44,false,156,-185
Portland Trail Blazers,2018,45,false,110,-130
Portland Trail Blazers,2018,46,true,-1429,867
Portland Trail Blazers,2018,47,true,-152,129
Portland Trail Blazers,2018,48,true,179,-217
Portland Trail Blazers,2018,49,false,152,-179
Portland Trail Blazers,2018,50,true,-400,319
Portland Trail Blazers,2018,51,true,-417,324
Portland Trail Blazers,2018,52,true,120,-141
Portland Trail Blazers,2018,53,false,-333,264
Portland Trail Blazers,2018,54,true,-250,208
Portland Trail Blazers,2018,55,false,-156,129
Portland Trail Blazers,2018,56,false,161,-189
Portland Trail Blazers,2018,57,true,112,-133
Portland Trail Blazers,2018,58,true,-149,127
Portland Trail Blazers,2018,59,true,102,-120
Portland Trail Blazers,2018,60,true,-455,350
Portland Trail Blazers,2018,61,true,119,-141
Portland Trail Blazers,2018,62,false,169,-200
Portland Trail Blazers,2018,63,true,-137,116
Portland Trail Blazers,2018,64,false,-233,189
Portland Trail Blazers,2018,65,false,-161,138
Portland Trail Blazers,2018,66,true,-1000,645
Portland Trail Blazers,2018,67,true,-161,138
Portland Trail Blazers,2018,68,true,-435,341
Portland Trail Blazers,2018,69,false,117,-137
Portland Trail Blazers,2018,70,true,-189,156
Portland Trail Blazers,2018,71,true,-556,408
Portland Trail Blazers,2018,72,true,-217,179
Portland Trail Blazers,2018,73,true,-250,209
Portland Trail Blazers,2018,74,true,-455,351
Portland Trail Blazers,2018,75,true,-143,121
Portland Trail Blazers,2018,76,false,195,-233
Portland Trail Blazers,2018,77,true,-156,133
Portland Trail Blazers,2018,78,true,-667,487
Portland Trail Blazers,2018,79,false,206,-250
Portland Trail Blazers,2018,80,true,-400,309
Portland Trail Blazers,2018,81,true,-500,380
Portland Trail Blazers,2018,82,true,-154,131
Portland Trail Blazers,2019,1,false,100,-119
Portland Trail Blazers,2019,2,true,-119,100
Portland Trail Blazers,2019,3,true,121,-143
Portland Trail Blazers,2019,4,false,199,-244
Portland Trail Blazers,2019,5,true,-123,102
Portland Trail Blazers,2019,6,false,-108,-111
Portland Trail Blazers,2019,7,false,-833,559
Portland Trail Blazers,2019,8,false,188,-227
Portland Trail Blazers,2019,9,false,-159,134
Portland Trail Blazers,2019,10,true,-417,334
Portland Trail Blazers,2019,11,false,-122,104
Portland Trail Blazers,2019,12,false,-145,124
Portland Trail Blazers,2019,13,true,102,-122
Portland Trail Blazers,2019,14,false,267,-333
Portland Trail Blazers,2019,15,false,131,-156
Portland Trail Blazers,2019,16,false,707,-1111
Portland Trail Blazers,2019,17,false,-256,212
Portland Trail Blazers,2019,18,true,-112,-105
Portland Trail Blazers,2019,19,true,-143,121
Portland Trail Blazers,2019,20,true,-303,242
Portland Trail Blazers,2019,21,false,351,-455
Portland Trail Blazers,2019,22,true,-204,171
Portland Trail Blazers,2019,23,false,162,-192
Portland Trail Blazers,2019,24,false,-167,142
Portland Trail Blazers,2019,25,true,-455,353
Portland Trail Blazers,2019,26,false,256,-323
Portland Trail Blazers,2019,27,true,-137,117
Portland Trail Blazers,2019,28,true,-476,359
Portland Trail Blazers,2019,29,true,-161,135
Portland Trail Blazers,2019,30,true,-286,234
Portland Trail Blazers,2019,31,false,-238,197
Portland Trail Blazers,2019,32,false,183,-222
Portland Trail Blazers,2019,33,false,187,-227
Portland Trail Blazers,2019,34,false,-175,148
Portland Trail Blazers,2019,35,false,-179,150
Portland Trail Blazers,2019,36,true,-312,254
Portland Trail Blazers,2019,37,false,177,-213
Portland Trail Blazers,2019,38,true,117,-139
Portland Trail Blazers,2019,39,false,-112,-105
Portland Trail Blazers,2019,40,false,266,-333
Portland Trail Blazers,2019,41,true,-455,345
Portland Trail Blazers,2019,42,true,308,-385
Portland Trail Blazers,2019,43,false,272,-345
Portland Trail Blazers,2019,44,false,224,-270
Portland Trail Blazers,2019,45,true,-323,259
Portland Trail Blazers,2019,46,false,189,-227
Portland Trail Blazers,2019,47,true,-149,127
Portland Trail Blazers,2019,48,true,189,-227
Portland Trail Blazers,2019,49,true,644,-1000
Portland Trail Blazers,2019,50,true,206,-250
Portland Trail Blazers,2019,51,false,154,-185
Portland Trail Blazers,2019,52,true,-156,131
Portland Trail Blazers,2019,53,false,463,-625
Portland Trail Blazers,2019,54,true,-208,172
Portland Trail Blazers,2019,55,false,127,-149
Portland Trail Blazers,2019,56,false,140,-167
Portland Trail Blazers,2019,57,false,181,-222
Portland Trail Blazers,2019,58,true,-222,181
Portland Trail Blazers,2019,59,false,235,-286
Portland Trail Blazers,2019,60,false,408,-556
Portland Trail Blazers,2019,61,false,118,-139
Portland Trail Blazers,2019,62,true,214,-256
Portland Trail Blazers,2019,63,true,-333,269
Portland Trail Blazers,2019,64,false,-164,141
Portland Trail Blazers,2019,65,false,-132,112
Portland Trail Blazers,2019,66,true,-238,198
Portland Trail Blazers,2019,67,true,-159,139
Portland Trail Blazers,2019,68,false,150,-175
Portland Trail Blazers,2019,69,true,138,-159
Portland Trail Blazers,2019,70,true,-189,164
Portland Trail Blazers,2019,71,false,-182,158
Portland Trail Blazers,2019,72,true,-141,123
Portland Trail Blazers,2019,73,true,-139,122
Portland Trail Blazers,2019,74,true,-526,423
Portland Trail Blazers,2020,1,false,104,-123
Portland Trail Blazers,2020,2,true,-323,262
Portland Trail Blazers,2020,3,true,199,-238
Portland Trail Blazers,2020,4,false,196,-233
Portland Trail Blazers,2020,5,true,-164,140
Portland Trail Blazers,2020,6,false,-192,165
Portland Trail Blazers,2020,7,false,-455,354
Portland Trail Blazers,2020,8,true,-500,388
Portland Trail Blazers,2020,9,true,-200,172
Portland Trail Blazers,2020,10,true,-189,161
Portland Trail Blazers,2020,11,true,-196,166
Portland Trail Blazers,2020,12,false,-147,125
Portland Trail Blazers,2020,13,true,-192,163
Portland Trail Blazers,2020,14,false,102,-120
Portland Trail Blazers,2020,15,true,-169,147
Portland Trail Blazers,2020,16,false,-200,169
Portland Trail Blazers,2020,17,false,159,-185
Portland Trail Blazers,2020,18,true,106,-125
Portland Trail Blazers,2020,19,false,398,-500
Portland Trail Blazers,2020,20,true,127,-149
Portland Trail Blazers,2020,21,true,391,-500
Portland Trail Blazers,2020,22,false,-118,100
Portland Trail Blazers,2020,23,true,-244,206
Portland Trail Blazers,2020,24,true,193,-233
Portland Trail Blazers,2020,25,true,-169,147
Portland Trail Blazers,2020,26,true,187,-217
Portland Trail Blazers,2020,27,true,-213,179
Portland Trail Blazers,2020,28,true,148,-172
Portland Trail Blazers,2020,29,false,-189,161
Portland Trail Blazers,2020,30,false,206,-244
Portland Trail Blazers,2020,31,false,202,-244
Portland Trail Blazers,2020,32,false,173,-200
Portland Trail Blazers,2020,33,true,-333,274
Portland Trail Blazers,2020,34,true,-102,-115
Portland Trail Blazers,2020,35,true,-189,161
Portland Trail Blazers,2020,36,false,163,-192
Portland Trail Blazers,2020,37,true,-204,172
Portland Trail Blazers,2020,38,false,-204,174
Portland Trail Blazers,2020,39,true,-127,108
Portland Trail Blazers,2020,40,true,-119,100
Portland Trail Blazers,2020,41,true,122,-145
Portland Trail Blazers,2020,42,false,108,-127
Portland Trail Blazers,2020,43,false,-139,119
Portland Trail Blazers,2020,44,true,-141,120
Portland Trail Blazers,2020,45,true,-500,379
Portland Trail Blazers,2020,46,true,-137,117
Portland Trail Blazers,2020,47,true,-333,269
Portland Trail Blazers,2020,48,false,129,-152
Portland Trail Blazers,2020,49,true,-909,617
Portland Trail Blazers,2020,50,false,211,-250
Portland Trail Blazers,2020,51,false,185,-222
Portland Trail Blazers,2020,52,true,-714,526
Portland Trail Blazers,2020,53,false,-110,-105
Portland Trail Blazers,2020,54,false,-115,-102
Portland Trail Blazers,2020,55,true,102,-119
Portland Trail Blazers,2020,56,false,-182,156
Portland Trail Blazers,2020,57,false,174,-204
Portland Trail Blazers,2020,58,false,106,-123
Portland Trail Blazers,2020,59,false,-179,152
Portland Trail Blazers,2020,60,false,-159,136
Portland Trail Blazers,2020,61,true,-222,190
Portland Trail Blazers,2020,62,true,104,-123
Portland Trail Blazers,2020,63,true,-152,129
Portland Trail Blazers,2020,64,true,-115,-102
Portland Trail Blazers,2020,65,false,116,-135
Portland Trail Blazers,2020,66,true,-769,552
Portland Trail Blazers,2020,67,true,-323,270
Portland Trail Blazers,2020,68,true,-238,199
Portland Trail Blazers,2020,69,true,-1667,948
Portland Trail Blazers,2020,70,true,-105,-110
Portland Trail Blazers,2020,71,false,114,-132
Portland Trail Blazers,2020,72,true,-370,305
Portland Trail Blazers,2021,1,false,-250,210
Portland Trail Blazers,2021,2,true,-147,129
Portland Trail Blazers,2021,3,false,118,-135
Portland Trail Blazers,2021,4,true,-135,117
Portland Trail Blazers,2021,5,true,-161,139
Portland Trail Blazers,2021,6,false,-127,110
Portland Trail Blazers,2021,7,false,-128,112
Portland Trail Blazers,2021,8,false,-217,184
Portland Trail Blazers,2021,9,true,-222,188
Portland Trail Blazers,2021,10,true,-196,170
Portland Trail Blazers,2021,11,false,127,-149
Portland Trail Blazers,2021,12,false,172,-200
Portland Trail Blazers,2021,13,true,-270,223
Portland Trail Blazers,2021,14,false,197,-233
Portland Trail Blazers,2021,15,true,-156,133
Portland Trail Blazers,2021,16,true,-161,138
Portland Trail Blazers,2021,17,true,-286,239
Portland Trail Blazers,2021,18,true,-455,358
Portland Trail Blazers,2021,19,false,-167,143
Portland Trail Blazers,2021,20,false,209,-250
Portland Trail Blazers,2021,21,false,237,-286
Portland Trail Blazers,2021,22,true,-345,283
Portland Trail Blazers,2021,23,false,-200,171
Portland Trail Blazers,2021,24,false,-115,-102
Portland Trail Blazers,2021,25,false,161,-189
Portland Trail Blazers,2021,26,false,934,-1429
Portland Trail Blazers,2021,27,false,-145,125
Portland Trail Blazers,2021,28,false,-101,-115
Portland Trail Blazers,2021,29,false,106,-125
Portland Trail Blazers,2021,30,true,-125,106
Portland Trail Blazers,2021,31,true,154,-179
Portland Trail Blazers,2021,32,false,106,-123
Portland Trail Blazers,2021,33,false,-149,129
Portland Trail Blazers,2021,34,false,267,-323
Portland Trail Blazers,2021,35,false,200,-238
Portland Trail Blazers,2021,36,true,150,-175
Portland Trail Blazers,2021,37,false,117,-135
Portland Trail Blazers,2021,38,false,197,-238
Portland Trail Blazers,2021,39,true,106,-123
Portland Trail Blazers,2021,40,true,287,-357
Portland Trail Blazers,2021,41,false,463,-625
Portland Trail Blazers,2021,42,true,243,-294
Portland Trail Blazers,2021,43,true,-130,110
Portland Trail Blazers,2021,44,false,330,-417
Portland Trail Blazers,2021,45,true,268,-323
Portland Trail Blazers,2021,46,true,266,-323
Portland Trail Blazers,2021,47,false,129,-152
Portland Trail Blazers,2021,48,false,164,-192
Portland Trail Blazers,2021,49,true,-141,122
Portland Trail Blazers,2021,50,false,170,-200
Portland Trail Blazers,2021,51,false,-161,139
Portland Trail Blazers,2021,52,false,146,-169
Portland Trail Blazers,2021,53,false,-244,202
Portland Trail Blazers,2021,54,false,417,-526
Portland Trail Blazers,2021,55,false,-102,-114
Portland Trail Blazers,2021,56,true,348,-435
Portland Trail Blazers,2021,57,true,158,-185
Portland Trail Blazers,2021,58,true,470,-625
Portland Trail Blazers,2021,59,true,566,-769
Portland Trail Blazers,2021,60,false,413,-526
Portland Trail Blazers,2021,61,false,282,-345
Portland Trail Blazers,2021,62,false,471,-625
Portland Trail Blazers,2021,63,false,727,-1111
Portland Trail Blazers,2021,64,false,666,-1000
Portland Trail Blazers,2021,65,false,1514,-3333
Portland Trail Blazers,2021,66,true,217,-263
Portland Trail Blazers,2021,67,false,735,-1111
Portland Trail Blazers,2021,68,false,589,-833
Portland Trail Blazers,2021,69,false,830,-1429
Portland Trail Blazers,2021,70,false,244,-294
Portland Trail Blazers,2021,71,true,346,-435
Portland Trail Blazers,2021,72,false,351,-435
Portland Trail Blazers,2021,73,false,158,-185
Portland Trail Blazers,2021,74,false,152,-179
Portland Trail Blazers,2021,75,false,-114,-101
Portland Trail Blazers,2021,76,false,844,-1429
Portland Trail Blazers,2021,77,false,740,-1111
Portland Trail Blazers,2021,78,false,736,-1111
Portland Trail Blazers,2021,79,false,138,-161
Portland Trail Blazers,2021,80,false,1084,-2000
Portland Trail Blazers,2021,81,false,1534,-3333
Portland Trail Blazers,2021,82,false,992,-1667
Portland Trail Blazers,2022,1,true,129,-154
Portland Trail Blazers,2022,2,true,171,-208
Portland Trail Blazers,2022,3,true,148,-175
Portland Trail Blazers,2022,4,true,169,-204
Portland Trail Blazers,2022,5,false,120,-143
Portland Trail Blazers,2022,6,true,-182,152
Portland Trail Blazers,2022,7,false,174,-213
Portland Trail Blazers,2022,8,true,525,-769
Portland Trail Blazers,2022,9,false,461,-667
Portland Trail Blazers,2022,10,true,174,-208
Portland Trail Blazers,2022,11,true,-125,104
Portland Trail Blazers,2022,12,true,343,-476
Portland Trail Blazers,2022,13,false,206,-256
Portland Trail Blazers,2022,14,true,-345,275
Portland Trail Blazers,2022,15,false,-149,125
Portland Trail Blazers,2022,16,false,-175,148
Portland Trail Blazers,2022,17,false,334,-455
Portland Trail Blazers,2022,18,false,231,-286
Portland Trail Blazers,2022,19,true,145,-175
Portland Trail Blazers,2022,20,false,252,-323
Portland Trail Blazers,2022,21,false,-175,148
Portland Trail Blazers,2022,22,false,204,-250
Portland Trail Blazers,2022,23,true,168,-204
Portland Trail Blazers,2022,24,true,-204,169
Portland Trail Blazers,2022,25,false,108,-128
Portland Trail Blazers,2022,26,true,-213,172
Portland Trail Blazers,2022,27,true,-169,143
Portland Trail Blazers,2022,28,true,-294,234
Portland Trail Blazers,2022,29,false,150,-179
Portland Trail Blazers,2022,30,true,-152,127
Portland Trail Blazers,2022,31,false,-179,150
Portland Trail Blazers,2022,32,false,-167,141
Portland Trail Blazers,2022,33,false,181,-222
Portland Trail Blazers,2022,34,true,-208,173
Portland Trail Blazers,2022,35,false,-115,-104
Portland Trail Blazers,2022,36,true,-435,324
Portland Trail Blazers,2022,37,false,-123,104
Portland Trail Blazers,2022,38,false,-104,-115
Portland Trail Blazers,2022,39,false,127,-152
Portland Trail Blazers,2022,40,false,-333,266
Portland Trail Blazers,2022,41,false,-103,-116
Portland Trail Blazers,2022,42,true,-161,138
Portland Trail Blazers,2022,43,true,-385,301
Portland Trail Blazers,2022,44,false,186,-227
Portland Trail Blazers,2022,45,false,106,-127
Portland Trail Blazers,2022,46,false,-227,184
Portland Trail Blazers,2022,47,true,-357,279
Portland Trail Blazers,2022,48,true,-161,137
Portland Trail Blazers,2022,49,false,-147,124
Portland Trail Blazers,2022,50,true,-208,169
Portland Trail Blazers,2022,51,true,188,-233
Portland Trail Blazers,2022,52,true,152,-179
Portland Trail Blazers,2022,53,false,125,-147
Portland Trail Blazers,2022,54,false,152,-179
Portland Trail Blazers,2022,55,true,-141,122
Portland Trail Blazers,2022,56,false,-135,117
Portland Trail Blazers,2022,57,true,-128,110
Portland Trail Blazers,2022,58,false,102,-120
Portland Trail Blazers,2022,59,false,416,-556
Portland Trail Blazers,2022,60,true,-435,332
Portland Trail Blazers,2022,61,false,168,-200
Portland Trail Blazers,2022,62,false,-147,127
Portland Trail Blazers,2022,63,false,250,-323
Portland Trail Blazers,2022,64,true,121,-145
Portland Trail Blazers,2022,65,true,-200,165
Portland Trail Blazers,2022,66,false,341,-455
Portland Trail Blazers,2022,67,false,299,-385
Portland Trail Blazers,2022,68,false,120,-141
Portland Trail Blazers,2022,69,false,117,-139
Portland Trail Blazers,2022,70,false,210,-256
Portland Trail Blazers,2022,71,false,156,-185
Portland Trail Blazers,2022,72,true,170,-204
Portland Trail Blazers,2022,73,false,234,-294
Portland Trail Blazers,2022,74,false,380,-526
Portland Trail Blazers,2022,75,false,473,-667
Portland Trail Blazers,2022,76,false,697,-1111
Portland Trail Blazers,2022,77,false,726,-1250
Portland Trail Blazers,2022,78,true,1136,-2500
Portland Trail Blazers,2022,79,false,1125,-2500
Portland Trail Blazers,2022,80,false,169,-200
Portland Trail Blazers,2022,81,false,959,-1667
Portland Trail Blazers,2022,82,false,871,-1429
Portland Trail Blazers,2023,1,false,348,-476
Portland Trail Blazers,2023,2,false,143,-167
Portland Trail Blazers,2023,3,false,318,-435
Portland Trail Blazers,2023,4,true,358,-476
Portland Trail Blazers,2023,5,true,133,-156
Portland Trail Blazers,2023,6,true,140,-161
Portland Trail Blazers,2023,7,false,133,-156
Portland Trail Blazers,2023,8,false,261,-323
Portland Trail Blazers,2023,9,false,296,-370
Portland Trail Blazers,2023,10,false,214,-256
Portland Trail Blazers,2023,11,false,344,-455
Portland Trail Blazers,2023,12,false,330,-435
Portland Trail Blazers,2023,13,false,224,-278
Portland Trail Blazers,2023,14,false,527,-769
Portland Trail Blazers,2023,15,true,138,-154
Portland Trail Blazers,2023,16,false,550,-769
Portland Trail Blazers,2023,17,true,484,-667
Portland Trail Blazers,2023,18,true,454,-625
Portland Trail Blazers,2023,19,false,102,-120
Portland Trail Blazers,2023,20,false,522,-714
Portland Trail Blazers,2023,21,false,363,-476
Portland Trail Blazers,2023,22,false,629,-909
Portland Trail Blazers,2023,23,false,-196,164
Portland Trail Blazers,2023,24,false,162,-192
Portland Trail Blazers,2023,25,false,186,-227
Portland Trail Blazers,2023,26,true,234,-294
Portland Trail Blazers,2023,27,false,-175,148
Portland Trail Blazers,2023,28,false,280,-357
Portland Trail Blazers,2023,29,true,308,-385
Portland Trail Blazers,2023,30,false,-156,133
Portland Trail Blazers,2023,31,true,-192,163
Portland Trail Blazers,2023,32,false,323,-417
Portland Trail Blazers,2023,33,false,419,-556
Portland Trail Blazers,2023,34,false,245,-303
Portland Trail Blazers,2023,35,true,292,-370
Portland Trail Blazers,2023,36,false,552,-769
Portland Trail Blazers,2023,37,false,640,-1000
Portland Trail Blazers,2023,38,false,843,-1429
Portland Trail Blazers,2023,39,false,652,-1000
Portland Trail Blazers,2023,40,true,175,-208
Portland Trail Blazers,2023,41,true,265,-323
Portland Trail Blazers,2023,42,false,428,-588
Portland Trail Blazers,2023,43,false,595,-909
Portland Trail Blazers,2023,44,true,357,-476
Portland Trail Blazers,2023,45,false,163,-196
Portland Trail Blazers,2023,46,false,184,-227
Portland Trail Blazers,2023,47,true,186,-227
Portland Trail Blazers,2023,48,true,388,-500
Portland Trail Blazers,2023,49,false,627,-909
Portland Trail Blazers,2023,50,false,827,-1429
Portland Trail Blazers,2023,51,false,-185,154
Portland Trail Blazers,2023,52,false,277,-345
Portland Trail Blazers,2023,53,false,292,-385
Portland Trail Blazers,2023,54,false,370,-500
Portland Trail Blazers,2023,55,false,285,-357
Portland Trail Blazers,2023,56,false,-161,137
Portland Trail Blazers,2023,57,false,229,-278
Portland Trail Blazers,2023,58,true,-106,-112
Portland Trail Blazers,2023,59,true,114,-135
Portland Trail Blazers,2023,60,false,843,-1429
Portland Trail Blazers,2023,61,false,576,-833
Portland Trail Blazers,2023,62,false,220,-263
Portland Trail Blazers,2023,63,true,119,-137
Portland Trail Blazers,2023,64,false,459,-625
Portland Trail Blazers,2023,65,true,156,-185
Portland Trail Blazers,2023,66,false,518,-714
Portland Trail Blazers,2023,67,false,601,-909
Portland Trail Blazers,2023,68,false,279,-357
Portland Trail Blazers,2023,69,false,498,-714
Portland Trail Blazers,2023,70,false,769,-1250
Portland Trail Blazers,2023,71,false,388,-526
Portland Trail Blazers,2023,72,false,663,-1000
Portland Trail Blazers,2023,73,false,482,-667
Portland Trail Blazers,2023,74,false,706,-1111
Portland Trail Blazers,2023,75,false,1029,-2000
Portland Trail Blazers,2023,76,true,104,-123
Portland Trail Blazers,2023,77,true,121,-143
Portland Trail Blazers,2023,78,false,949,-1667
Portland Trail Blazers,2023,79,false,654,-1000
Portland Trail Blazers,2023,80,false,597,-833
Portland Trail Blazers,2023,81,false,194,-233
Portland Trail Blazers,2023,82,false,1019,-2000
Portland Trail Blazers,2024,1,false,231,-294
Portland Trail Blazers,2024,2,false,209,-263
Portland Trail Blazers,2024,3,true,202,-256
Portland Trail Blazers,2024,4,false,544,-833
Portland Trail Blazers,2024,5,true,267,-345
Portland Trail Blazers,2024,6,false,451,-625
Portland Trail Blazers,2024,7,false,588,-909
Portland Trail Blazers,2024,8,true,-102,-116
Portland Trail Blazers,2024,9,false,146,-175
Portland Trail Blazers,2024,10,false,513,-769
Portland Trail Blazers,2024,11,false,-105,-114
Portland Trail Blazers,2024,12,true,316,-417
Portland Trail Blazers,2024,13,true,371,-500
Portland Trail Blazers,2024,14,true,149,-182
Portland Trail Blazers,2024,15,false,568,-833
Portland Trail Blazers,2024,16,false,479,-714
Portland Trail Blazers,2024,17,true,509,-714
Portland Trail Blazers,2024,18,false,386,-526
Portland Trail Blazers,2024,19,false,320,-417
Portland Trail Blazers,2024,20,true,227,-278
Portland Trail Blazers,2024,21,false,173,-208
Portland Trail Blazers,2024,22,false,297,-385
Portland Trail Blazers,2024,23,false,-167,139
Portland Trail Blazers,2024,24,false,241,-303
Portland Trail Blazers,2024,25,false,141,-169
Portland Trail Blazers,2024,26,false,437,-625
Portland Trail Blazers,2024,27,true,276,-345
Portland Trail Blazers,2024,28,false,218,-278
Portland Trail Blazers,2024,29,false,561,-833
Portland Trail Blazers,2024,30,true,-161,136
Portland Trail Blazers,2024,31,true,138,-164
Portland Trail Blazers,2024,32,false,231,-294
Portland Trail Blazers,2024,33,false,218,-278
Portland Trail Blazers,2024,34,true,516,-714
Portland Trail Blazers,2024,35,false,199,-244
Portland Trail Blazers,2024,36,true,106,-127
Portland Trail Blazers,2024,37,false,245,-312
Portland Trail Blazers,2024,38,false,159,-192
Portland Trail Blazers,2024,39,false,-172,143
Portland Trail Blazers,2024,40,false,229,-278
Portland Trail Blazers,2024,41,false,394,-526
Portland Trail Blazers,2024,42,true,159,-192
Portland Trail Blazers,2024,43,true,311,-400
Portland Trail Blazers,2024,44,true,216,-270
Portland Trail Blazers,2024,45,true,-114,-103
Portland Trail Blazers,2024,46,false,621,-909
Portland Trail Blazers,2024,47,true,181,-227
Portland Trail Blazers,2024,48,true,165,-196
Portland Trail Blazers,2024,49,true,147,-182
Portland Trail Blazers,2024,50,true,171,-208
Portland Trail Blazers,2024,51,true,177,-217
Portland Trail Blazers,2024,52,true,-104,-114
Portland Trail Blazers,2024,53,false,140,-167
Portland Trail Blazers,2024,54,false,326,-435
Portland Trail Blazers,2024,55,false,305,-385
Portland Trail Blazers,2024,56,false,116,-139
Portland Trail Blazers,2024,57,true,-217,181
Portland Trail Blazers,2024,58,true,-294,227
Portland Trail Blazers,2024,59,true,-238,194
Portland Trail Blazers,2024,60,true,-120,102
Portland Trail Blazers,2024,61,false,376,-476
Portland Trail Blazers,2024,62,true,-120,102
Portland Trail Blazers,2024,63,false,323,-400
Portland Trail Blazers,2024,64,false,104,-122
Portland Trail Blazers,2024,65,false,140,-164
Portland Trail Blazers,2024,66,false,499,-667
Portland Trail Blazers,2024,67,false,145,-169
Portland Trail Blazers,2024,68,true,-286,234
Portland Trail Blazers,2024,69,true,-238,195
Portland Trail Blazers,2024,70,true,154,-185
Portland Trail Blazers,2024,71,true,106,-127
Portland Trail Blazers,2024,72,false,206,-256
Portland Trail Blazers,2024,73,false,206,-256
Portland Trail Blazers,2024,74,false,190,-238
Portland Trail Blazers,2024,75,false,234,-286
Portland Trail Blazers,2024,76,true,184,-227
Portland Trail Blazers,2024,77,true,-200,160
Portland Trail Blazers,2024,78,false,206,-263
Portland Trail Blazers,2024,79,true,-161,134
Portland Trail Blazers,2024,80,false,-263,206
Portland Trail Blazers,2024,81,false,744,-1250
Portland Trail Blazers,2024,82,true,-227,181
Portland Trail Blazers,2025,1,false,165,-200
Portland Trail Blazers,2025,2,true,125,-149
Portland Trail Blazers,2025,3,false,265,-333
Portland Trail Blazers,2025,4,true,-154,129
Portland Trail Blazers,2025,5,true,-149,125
Portland Trail Blazers,2025,6,true,185,-227
Portland Trail Blazers,2025,7,false,-385,325
Portland Trail Blazers,2025,8,true,145,-169
Portland Trail Blazers,2025,9,false,-164,140
Portland Trail Blazers,2025,10,false,104,-125
Portland Trail Blazers,2025,11,true,-345,280
Portland Trail Blazers,2025,12,false,250,-303
Portland Trail Blazers,2025,13,false,-159,135
Portland Trail Blazers,2025,14,false,-125,104
Portland Trail Blazers,2025,15,false,135,-159
Portland Trail Blazers,2025,16,true,375,-455
Portland Trail Blazers,2025,17,false,850,-1250
Portland Trail Blazers,2025,18,true,-102,-115
Portland Trail Blazers,2025,19,false,-110,-105
Portland Trail Blazers,2025,20,false,500,-588
Portland Trail Blazers,2025,21,false,179,-200
Portland Trail Blazers,2025,22,true,375,-417
Portland Trail Blazers,2025,23,false,275,-333
Portland Trail Blazers,2025,24,false,114,-125
Portland Trail Blazers,2025,25,false,-169,146
Portland Trail Blazers,2025,26,true,170,-200
Portland Trail Blazers,2025,27,true,-357,285
Portland Trail Blazers,2025,28,true,-169,148
Portland Trail Blazers,2025,29,false,204,-238
Portland Trail Blazers,2025,30,false,108,-120
Portland Trail Blazers,2025,31,false,120,-133
Portland Trail Blazers,2025,32,true,220,-256
Portland Trail Blazers,2025,33,true,-139,120
Portland Trail Blazers,2025,34,false,675,-1000
Portland Trail Blazers,2025,35,true,-159,138
Portland Trail Blazers,2025,36,true,260,-323
Portland Trail Blazers,2025,37,true,-227,188
Portland Trail Blazers,2025,38,true,225,-270
Portland Trail Blazers,2025,39,true,204,-250
Portland Trail Blazers,2025,40,false,184,-222
Portland Trail Blazers,2025,41,false,380,-455
Portland Trail Blazers,2025,42,true,150,-167
Portland Trail Blazers,2025,43,true,-149,136
Portland Trail Blazers,2025,44,true,-112,100
Portland Trail Blazers,2025,45,true,-149,134
Portland Trail Blazers,2025,46,false,140,-156
Portland Trail Blazers,2025,47,false,270,-333
Portland Trail Blazers,2025,48,false,-238,210
Portland Trail Blazers,2025,49,false,215,-250
Portland Trail Blazers,2025,50,false,154,-172
Portland Trail Blazers,2025,51,false,127,-149
Portland Trail Blazers,2025,52,true,-294,260
Portland Trail Blazers,2025,53,true,-333,270
Portland Trail Blazers,2025,54,true,-154,131
Portland Trail Blazers,2025,55,false,250,-294
Portland Trail Blazers,2025,56,true,-238,200
Portland Trail Blazers,2025,57,false,100,-104
Portland Trail Blazers,2025,58,true,-164,142
Portland Trail Blazers,2025,59,false,210,-244
Portland Trail Blazers,2025,60,true,-164,148
Portland Trail Blazers,2025,61,false,235,-270
Portland Trail Blazers,2025,62,false,194,-233
Portland Trail Blazers,2025,63,true,-333,309
Portland Trail Blazers,2025,64,false,220,-263
Portland Trail Blazers,2025,65,true,-400,350
Portland Trail Blazers,2025,66,false,129,-149
Portland Trail Blazers,2025,67,true,-1250,830
Portland Trail Blazers,2025,68,false,-345,290
Portland Trail Blazers,2025,69,true,-500,409
Portland Trail Blazers,2025,70,true,-714,525
Portland Trail Blazers,2025,71,true,-105,-110
Portland Trail Blazers,2025,72,false,295,-345
Portland Trail Blazers,2025,73,true,-1111,700
Portland Trail Blazers,2025,74,true,-909,700
Portland Trail Blazers,2025,75,false,-500,380
Portland Trail Blazers,2025,76,true,-1667,950
Portland Trail Blazers,2025,77,true,165,-189
Portland Trail Blazers,2025,78,true,-227,200
Portland Trail Blazers,2025,79,false,265,-323
Portland Trail Blazers,2025,80,false,145,-154
Portland Trail Blazers,2025,81,true,-122,104
Portland Trail Blazers,2025,82,true,-2000,1200
Sacramento Kings,2016,1,true,129,-152
Sacramento Kings,2016,2,false,295,-370
Sacramento Kings,2016,3,true,-112,-106
Sacramento Kings,2016,4,false,248,-303
Sacramento Kings,2016,5,false,146,-172
Sacramento Kings,2016,6,false,-111,-108
Sacramento Kings,2016,7,false,141,-164
Sacramento Kings,2016,8,true,316,-385
Sacramento Kings,2016,9,true,-278,227
Sacramento Kings,2016,10,false,-217,179
Sacramento Kings,2016,11,false,264,-333
Sacramento Kings,2016,12,false,186,-227
Sacramento Kings,2016,13,false,322,-417
Sacramento Kings,2016,14,true,142,-167
Sacramento Kings,2016,15,true,-132,112
Sacramento Kings,2016,16,false,138,-161
Sacramento Kings,2016,17,true,-204,172
Sacramento Kings,2016,18,false,167,-200
Sacramento Kings,2016,19,false,211,-256
Sacramento Kings,2016,20,false,102,-122
Sacramento Kings,2016,21,true,-159,134
Sacramento Kings,2016,22,false,-233,195
Sacramento Kings,2016,23,false,200,-238
Sacramento Kings,2016,24,true,-385,305
Sacramento Kings,2016,25,false,782,-1250
Sacramento Kings,2016,26,true,179,-217
Sacramento Kings,2016,27,false,-105,-112
Sacramento Kings,2016,28,true,-106,-112
Sacramento Kings,2016,29,true,282,-357
Sacramento Kings,2016,30,true,167,-200
Sacramento Kings,2016,31,true,-385,305
Sacramento Kings,2016,32,false,104,-125
Sacramento Kings,2016,33,false,108,-127
Sacramento Kings,2016,34,true,140,-164
Sacramento Kings,2016,35,false,-345,280
Sacramento Kings,2016,36,false,123,-145
Sacramento Kings,2016,37,false,561,-833
Sacramento Kings,2016,38,true,-147,125
Sacramento Kings,2016,39,false,225,-278
Sacramento Kings,2016,40,false,106,-125
Sacramento Kings,2016,41,false,-139,117
Sacramento Kings,2016,42,false,291,-385
Sacramento Kings,2016,43,false,222,-270
Sacramento Kings,2016,44,true,234,-286
Sacramento Kings,2016,45,true,565,-833
Sacramento Kings,2016,46,false,152,-182
Sacramento Kings,2016,47,true,249,-303
Sacramento Kings,2016,48,false,-152,127
Sacramento Kings,2016,49,false,601,-909
Sacramento Kings,2016,50,false,-182,154
Sacramento Kings,2016,51,true,977,-1667
Sacramento Kings,2016,52,false,-175,148
Sacramento Kings,2016,53,true,325,-417
Sacramento Kings,2016,54,true,108,-127
Sacramento Kings,2016,55,true,-169,145
Sacramento Kings,2016,56,true,120,-141
Sacramento Kings,2016,57,false,1591,-5000
Sacramento Kings,2016,58,true,214,-256
Sacramento Kings,2016,59,false,150,-175
Sacramento Kings,2016,60,false,154,-182
Sacramento Kings,2016,61,false,-139,119
Sacramento Kings,2016,62,false,415,-556
Sacramento Kings,2016,63,false,501,-667
Sacramento Kings,2016,64,false,549,-769
Sacramento Kings,2016,65,false,305,-385
Sacramento Kings,2016,66,false,174,-208
Sacramento Kings,2016,67,true,108,-128
Sacramento Kings,2016,68,true,206,-250
Sacramento Kings,2016,69,false,703,-1111
Sacramento Kings,2016,70,false,956,-1429
Sacramento Kings,2016,71,false,181,-217
Sacramento Kings,2016,72,false,1811,-5000
Sacramento Kings,2016,73,true,785,-1250
Sacramento Kings,2016,74,true,233,-286
Sacramento Kings,2016,75,false,273,-345
Sacramento Kings,2016,76,false,564,-833
Sacramento Kings,2016,77,true,585,-833
Sacramento Kings,2016,78,true,122,-143
Sacramento Kings,2016,79,false,110,-130
Sacramento Kings,2016,80,false,384,-500
Sacramento Kings,2016,81,true,-213,177
Sacramento Kings,2016,82,false,1362,-3333
Sacramento Kings,2017,1,false,237,-294
Sacramento Kings,2017,2,true,184,-222
Sacramento Kings,2017,3,false,573,-833
Sacramento Kings,2017,4,false,-135,114
Sacramento Kings,2017,5,false,-111,-106
Sacramento Kings,2017,6,false,239,-294
Sacramento Kings,2017,7,false,186,-227
Sacramento Kings,2017,8,false,590,-909
Sacramento Kings,2017,9,false,319,-400
Sacramento Kings,2017,10,true,442,-588
Sacramento Kings,2017,11,true,200,-244
Sacramento Kings,2017,12,false,216,-263
Sacramento Kings,2017,13,false,511,-714
Sacramento Kings,2017,14,false,173,-208
Sacramento Kings,2017,15,true,225,-278
Sacramento Kings,2017,16,false,573,-833
Sacramento Kings,2017,17,false,172,-204
Sacramento Kings,2017,18,true,-118,-101
Sacramento Kings,2017,19,false,154,-182
Sacramento Kings,2017,20,true,641,-909
Sacramento Kings,2017,21,false,214,-263
Sacramento Kings,2017,22,true,-111,-108
Sacramento Kings,2017,23,false,695,-1000
Sacramento Kings,2017,24,false,643,-1000
Sacramento Kings,2017,25,true,373,-476
Sacramento Kings,2017,26,false,326,-417
Sacramento Kings,2017,27,true,-182,154
Sacramento Kings,2017,28,false,478,-667
Sacramento Kings,2017,29,false,597,-833
Sacramento Kings,2017,30,true,294,-370
Sacramento Kings,2017,31,true,186,-227
Sacramento Kings,2017,32,false,209,-250
Sacramento Kings,2017,33,false,179,-217
Sacramento Kings,2017,34,true,351,-455
Sacramento Kings,2017,35,false,-147,125
Sacramento Kings,2017,36,false,-135,114
Sacramento Kings,2017,37,false,150,-175
Sacramento Kings,2017,38,true,276,-345
Sacramento Kings,2017,39,false,179,-217
Sacramento Kings,2017,40,false,288,-370
Sacramento Kings,2017,41,false,144,-172
Sacramento Kings,2017,42,false,235,-286
Sacramento Kings,2017,43,false,632,-909
Sacramento Kings,2017,44,false,149,-175
Sacramento Kings,2017,45,false,206,-250
Sacramento Kings,2017,46,false,446,-588
Sacramento Kings,2017,47,true,254,-312
Sacramento Kings,2017,48,true,366,-476
Sacramento Kings,2017,49,false,566,-833
Sacramento Kings,2017,50,true,333,-435
Sacramento Kings,2017,51,false,782,-1250
Sacramento Kings,2017,52,false,156,-185
Sacramento Kings,2017,53,true,-132,110
Sacramento Kings,2017,54,false,170,-204
Sacramento Kings,2017,55,false,705,-1111
Sacramento Kings,2017,56,true,235,-294
Sacramento Kings,2017,57,false,1005,-1667
Sacramento Kings,2017,58,false,298,-385
Sacramento Kings,2017,59,false,104,-125
Sacramento Kings,2017,60,false,173,-208
Sacramento Kings,2017,61,false,640,-1000
Sacramento Kings,2017,62,true,118,-141
Sacramento Kings,2017,63,false,249,-312
Sacramento Kings,2017,64,true,127,-152
Sacramento Kings,2017,65,false,197,-238
Sacramento Kings,2017,66,true,-147,124
Sacramento Kings,2017,67,false,611,-909
Sacramento Kings,2017,68,false,869,-1429
Sacramento Kings,2017,69,true,241,-294
Sacramento Kings,2017,70,true,324,-417
Sacramento Kings,2017,71,false,1185,-2500
Sacramento Kings,2017,72,false,149,-172
Sacramento Kings,2017,73,true,-161,138
Sacramento Kings,2017,74,false,229,-278
Sacramento Kings,2017,75,false,-143,122
Sacramento Kings,2017,76,false,305,-385
Sacramento Kings,2017,77,false,336,-435
Sacramento Kings,2017,78,true,268,-333
Sacramento Kings,2017,79,false,-141,120
Sacramento Kings,2017,80,true,-172,147
Sacramento Kings,2017,81,false,953,-1667
Sacramento Kings,2017,82,true,-133,114
Sacramento Kings,2018,1,false,321,-400
Sacramento Kings,2018,2,false,572,-833
Sacramento Kings,2018,3,true,520,-714
Sacramento Kings,2018,4,false,584,-833
Sacramento Kings,2018,5,true,123,-143
Sacramento Kings,2018,6,true,175,-213
Sacramento Kings,2018,7,true,372,-500
Sacramento Kings,2018,8,true,163,-192
Sacramento Kings,2018,9,true,-135,114
Sacramento Kings,2018,10,false,407,-526
Sacramento Kings,2018,11,false,367,-476
Sacramento Kings,2018,12,true,112,-133
Sacramento Kings,2018,13,false,199,-238
Sacramento Kings,2018,14,true,118,-139
Sacramento Kings,2018,15,false,218,-263
Sacramento Kings,2018,16,false,657,-1000
Sacramento Kings,2018,17,true,159,-185
Sacramento Kings,2018,18,true,376,-500
Sacramento Kings,2018,19,false,221,-270
Sacramento Kings,2018,20,false,143,-169
Sacramento Kings,2018,21,false,114,-135
Sacramento Kings,2018,22,true,106,-127
Sacramento Kings,2018,23,true,-222,185
Sacramento Kings,2018,24,true,-147,124
Sacramento Kings,2018,25,false,185,-222
Sacramento Kings,2018,26,true,-133,112
Sacramento Kings,2018,27,true,133,-156
Sacramento Kings,2018,28,false,261,-323
Sacramento Kings,2018,29,true,160,-189
Sacramento Kings,2018,30,false,275,-345
Sacramento Kings,2018,31,false,154,-182
Sacramento Kings,2018,32,true,-130,110
Sacramento Kings,2018,33,true,-104,-114
Sacramento Kings,2018,34,false,173,-208
Sacramento Kings,2018,35,true,-189,159
Sacramento Kings,2018,36,false,106,-125
Sacramento Kings,2018,37,false,-105,-114
Sacramento Kings,2018,38,false,141,-167
Sacramento Kings,2018,39,false,270,-345
Sacramento Kings,2018,40,true,-189,160
Sacramento Kings,2018,41,false,-167,140
Sacramento Kings,2018,42,true,-357,277
Sacramento Kings,2018,43,true,-227,188
Sacramento Kings,2018,44,true,-130,110
Sacramento Kings,2018,45,false,123,-145
Sacramento Kings,2018,46,true,-115,-103
Sacramento Kings,2018,47,false,141,-169
Sacramento Kings,2018,48,false,486,-667
Sacramento Kings,2018,49,true,110,-130
Sacramento Kings,2018,50,false,139,-164
Sacramento Kings,2018,51,true,-213,175
Sacramento Kings,2018,52,true,127,-149
Sacramento Kings,2018,53,true,108,-128
Sacramento Kings,2018,54,false,148,-175
Sacramento Kings,2018,55,true,-164,139
Sacramento Kings,2018,56,true,-455,354
Sacramento Kings,2018,57,false,252,-312
Sacramento Kings,2018,58,false,659,-1000
Sacramento Kings,2018,59,true,202,-244
Sacramento Kings,2018,60,false,136,-161
Sacramento Kings,2018,61,false,218,-270
Sacramento Kings,2018,62,false,-156,131
Sacramento Kings,2018,63,true,-714,503
Sacramento Kings,2018,64,false,110,-130
Sacramento Kings,2018,65,true,-233,192
Sacramento Kings,2018,66,false,112,-133
Sacramento Kings,2018,67,false,265,-323
Sacramento Kings,2018,68,false,457,-625
Sacramento Kings,2018,69,true,-278,225
Sacramento Kings,2018,70,false,-156,131
Sacramento Kings,2018,71,true,-417,332
Sacramento Kings,2018,72,true,-667,488
Sacramento Kings,2018,73,false,-114,-105
Sacramento Kings,2018,74,true,-132,110
Sacramento Kings,2018,75,false,-270,222
Sacramento Kings,2018,76,false,423,-556
Sacramento Kings,2018,77,true,450,-588
Sacramento Kings,2018,78,false,206,-250
Sacramento Kings,2018,79,true,-526,394
Sacramento Kings,2018,80,false,416,-556
Sacramento Kings,2018,81,false,-833,578
Sacramento Kings,2018,82,false,131,-154
Sacramento Kings,2019,1,false,-105,-112
Sacramento Kings,2019,2,false,100,-119
Sacramento Kings,2019,3,false,393,-526
Sacramento Kings,2019,4,false,172,-208
Sacramento Kings,2019,5,false,-312,252
Sacramento Kings,2019,6,true,160,-189
Sacramento Kings,2019,7,true,-122,102
Sacramento Kings,2019,8,false,287,-357
Sacramento Kings,2019,9,true,-147,125
Sacramento Kings,2019,10,true,104,-122
Sacramento Kings,2019,11,false,434,-588
Sacramento Kings,2019,12,true,124,-145
Sacramento Kings,2019,13,true,-147,123
Sacramento Kings,2019,14,false,108,-128
Sacramento Kings,2019,15,true,114,-133
Sacramento Kings,2019,16,false,208,-250
Sacramento Kings,2019,17,false,366,-476
Sacramento Kings,2019,18,true,147,-175
Sacramento Kings,2019,19,false,-196,165
Sacramento Kings,2019,20,false,171,-204
Sacramento Kings,2019,21,false,152,-179
Sacramento Kings,2019,22,true,322,-417
Sacramento Kings,2019,23,true,581,-833
Sacramento Kings,2019,24,true,-130,108
Sacramento Kings,2019,25,false,-417,323
Sacramento Kings,2019,26,true,-189,160
Sacramento Kings,2019,27,false,-208,172
Sacramento Kings,2019,28,false,175,-208
Sacramento Kings,2019,29,false,-128,108
Sacramento Kings,2019,30,false,204,-250
Sacramento Kings,2019,31,false,-303,247
Sacramento Kings,2019,32,false,-145,122
Sacramento Kings,2019,33,false,277,-345
Sacramento Kings,2019,34,false,229,-278
Sacramento Kings,2019,35,true,-192,160
Sacramento Kings,2019,36,false,-137,114
Sacramento Kings,2019,37,true,-588,432
Sacramento Kings,2019,38,true,215,-263
Sacramento Kings,2019,39,false,366,-476
Sacramento Kings,2019,40,false,-112,-105
Sacramento Kings,2019,41,false,148,-175
Sacramento Kings,2019,42,false,354,-455
Sacramento Kings,2019,43,false,142,-167
Sacramento Kings,2019,44,false,-125,104
Sacramento Kings,2019,45,true,104,-123
Sacramento Kings,2019,46,true,125,-147
Sacramento Kings,2019,47,false,112,-135
Sacramento Kings,2019,48,true,806,-1250
Sacramento Kings,2019,49,false,233,-286
Sacramento Kings,2019,50,true,-112,-105
Sacramento Kings,2019,51,true,-105,-112
Sacramento Kings,2019,52,true,114,-135
Sacramento Kings,2019,53,false,408,-556
Sacramento Kings,2019,54,false,303,-385
Sacramento Kings,2019,55,true,-106,-112
Sacramento Kings,2019,56,true,334,-435
Sacramento Kings,2019,57,true,-303,247
Sacramento Kings,2019,58,false,252,-312
Sacramento Kings,2019,59,true,114,-135
Sacramento Kings,2019,60,true,-455,359
Sacramento Kings,2019,61,true,-238,198
Sacramento Kings,2019,62,false,-217,181
Sacramento Kings,2019,63,true,112,-132
Sacramento Kings,2019,64,false,169,-200
Sacramento Kings,2019,65,false,-159,139
Sacramento Kings,2019,66,false,108,-127
Sacramento Kings,2019,67,false,190,-222
Sacramento Kings,2019,68,true,156,-182
Sacramento Kings,2019,69,false,-208,179
Sacramento Kings,2019,70,false,163,-189
Sacramento Kings,2019,71,true,-145,127
Sacramento Kings,2019,72,true,141,-161
Sacramento Kings,2020,1,true,260,-323
Sacramento Kings,2020,2,true,134,-159
Sacramento Kings,2020,3,false,129,-154
Sacramento Kings,2020,4,true,-112,-106
Sacramento Kings,2020,5,false,179,-213
Sacramento Kings,2020,6,false,-108,-101
Sacramento Kings,2020,7,false,-120,102
Sacramento Kings,2020,8,true,-286,231
Sacramento Kings,2020,9,false,-106,-112
Sacramento Kings,2020,10,false,172,-200
Sacramento Kings,2020,11,true,145,-169
Sacramento Kings,2020,12,false,166,-196
Sacramento Kings,2020,13,false,227,-278
Sacramento Kings,2020,14,false,120,-141
Sacramento Kings,2020,15,false,475,-625
Sacramento Kings,2020,16,true,-164,141
Sacramento Kings,2020,17,true,100,-119
Sacramento Kings,2020,18,true,154,-179
Sacramento Kings,2020,19,false,214,-256
Sacramento Kings,2020,20,true,119,-139
Sacramento Kings,2020,21,true,-114,-103
Sacramento Kings,2020,22,true,110,-128
Sacramento Kings,2020,23,true,290,-357
Sacramento Kings,2020,24,false,164,-192
Sacramento Kings,2020,25,false,-263,219
Sacramento Kings,2020,26,false,-127,110
Sacramento Kings,2020,27,false,163,-189
Sacramento Kings,2020,28,false,-110,-106
Sacramento Kings,2020,29,false,-111,-105
Sacramento Kings,2020,30,false,415,-526
Sacramento Kings,2020,31,false,196,-233
Sacramento Kings,2020,32,false,100,-118
Sacramento Kings,2020,33,true,-119,102
Sacramento Kings,2020,34,false,-161,139
Sacramento Kings,2020,35,true,-167,145
Sacramento Kings,2020,36,false,161,-189
Sacramento Kings,2020,37,true,-250,208
Sacramento Kings,2020,38,false,148,-175
Sacramento Kings,2020,39,false,131,-152
Sacramento Kings,2020,40,true,-104,-112
Sacramento Kings,2020,41,true,235,-286
Sacramento Kings,2020,42,false,152,-179
Sacramento Kings,2020,43,true,-179,152
Sacramento Kings,2020,44,true,127,-149
Sacramento Kings,2020,45,true,-179,154
Sacramento Kings,2020,46,true,-400,323
Sacramento Kings,2020,47,true,117,-137
Sacramento Kings,2020,48,false,119,-139
Sacramento Kings,2020,49,false,-185,158
Sacramento Kings,2020,50,false,129,-149
Sacramento Kings,2020,51,false,-161,139
Sacramento Kings,2020,52,false,-312,259
Sacramento Kings,2020,53,false,535,-769
Sacramento Kings,2020,54,false,112,-130
Sacramento Kings,2020,55,false,108,-127
Sacramento Kings,2020,56,false,614,-909
Sacramento Kings,2020,57,true,294,-357
Sacramento Kings,2020,58,false,-156,135
Sacramento Kings,2020,59,true,-147,125
Sacramento Kings,2020,60,false,261,-323
Sacramento Kings,2020,61,true,214,-256
Sacramento Kings,2020,62,false,319,-400
Sacramento Kings,2020,63,true,501,-667
Sacramento Kings,2020,64,true,231,-278
Sacramento Kings,2020,65,true,-208,177
Sacramento Kings,2020,66,true,206,-250
Sacramento Kings,2020,67,false,159,-185
Sacramento Kings,2020,68,true,-435,348
Sacramento Kings,2020,69,true,-435,346
Sacramento Kings,2020,70,false,301,-370
Sacramento Kings,2020,71,false,138,-161
Sacramento Kings,2020,72,false,551,-769
Sacramento Kings,2021,1,true,210,-250
Sacramento Kings,2021,2,false,206,-244
Sacramento Kings,2021,3,false,131,-152
Sacramento Kings,2021,4,true,284,-345
Sacramento Kings,2021,5,true,-116,100
Sacramento Kings,2021,6,false,154,-179
Sacramento Kings,2021,7,false,347,-435
Sacramento Kings,2021,8,true,-222,189
Sacramento Kings,2021,9,true,-128,110
Sacramento Kings,2021,10,false,-135,116
Sacramento Kings,2021,11,false,136,-159
Sacramento Kings,2021,12,false,-105,-111
Sacramento Kings,2021,13,false,-196,167
Sacramento Kings,2021,14,true,-179,152
Sacramento Kings,2021,15,false,116,-137
Sacramento Kings,2021,16,false,-156,135
Sacramento Kings,2021,17,false,267,-323
Sacramento Kings,2021,18,false,-196,168
Sacramento Kings,2021,19,true,143,-167
Sacramento Kings,2021,20,true,262,-323
Sacramento Kings,2021,21,false,147,-169
Sacramento Kings,2021,22,false,-109,-105
Sacramento Kings,2021,23,true,206,-244
Sacramento Kings,2021,24,true,108,-127
Sacramento Kings,2021,25,true,-303,250
Sacramento Kings,2021,26,false,-122,104
Sacramento Kings,2021,27,false,211,-250
Sacramento Kings,2021,28,false,160,-185
Sacramento Kings,2021,29,true,108,-127
Sacramento Kings,2021,30,false,219,-263
Sacramento Kings,2021,31,true,166,-196
Sacramento Kings,2021,32,false,648,-1000
Sacramento Kings,2021,33,false,156,-182
Sacramento Kings,2021,34,false,124,-145
Sacramento Kings,2021,35,true,-222,188
Sacramento Kings,2021,36,true,-105,-111
Sacramento Kings,2021,37,false,-103,-114
Sacramento Kings,2021,38,true,138,-161
Sacramento Kings,2021,39,false,206,-244
Sacramento Kings,2021,40,false,-118,100
Sacramento Kings,2021,41,false,269,-333
Sacramento Kings,2021,42,false,-123,106
Sacramento Kings,2021,43,false,175,-208
Sacramento Kings,2021,44,true,147,-172
Sacramento Kings,2021,45,true,-204,172
Sacramento Kings,2021,46,false,-189,162
Sacramento Kings,2021,47,false,-294,239
Sacramento Kings,2021,48,false,241,-286
Sacramento Kings,2021,49,false,345,-435
Sacramento Kings,2021,50,false,438,-588
Sacramento Kings,2021,51,false,458,-588
Sacramento Kings,2021,52,false,231,-278
Sacramento Kings,2021,53,true,169,-196
Sacramento Kings,2021,54,false,736,-1111
Sacramento Kings,2021,55,true,-323,264
Sacramento Kings,2021,56,false,242,-294
Sacramento Kings,2021,57,true,262,-323
Sacramento Kings,2021,58,true,-145,125
Sacramento Kings,2021,59,false,-125,108
Sacramento Kings,2021,60,false,191,-227
Sacramento Kings,2021,61,false,150,-175
Sacramento Kings,2021,62,false,284,-345
Sacramento Kings,2021,63,true,-208,177
Sacramento Kings,2021,64,false,206,-244
Sacramento Kings,2021,65,true,214,-256
Sacramento Kings,2021,66,false,162,-189
Sacramento Kings,2021,67,false,-175,150
Sacramento Kings,2021,68,false,218,-263
Sacramento Kings,2021,69,false,338,-417
Sacramento Kings,2021,70,true,159,-185
Sacramento Kings,2021,71,false,317,-385
Sacramento Kings,2021,72,false,413,-526
Sacramento Kings,2021,73,false,270,-333
Sacramento Kings,2021,74,true,198,-238
Sacramento Kings,2021,75,true,118,-137
Sacramento Kings,2021,76,false,751,-1111
Sacramento Kings,2021,77,true,-147,127
Sacramento Kings,2021,78,true,-152,131
Sacramento Kings,2021,79,false,162,-189
Sacramento Kings,2021,80,false,267,-323
Sacramento Kings,2021,81,false,558,-769
Sacramento Kings,2021,82,true,416,-526
Sacramento Kings,2022,1,false,-154,129
Sacramento Kings,2022,2,false,118,-139
Sacramento Kings,2022,3,false,374,-500
Sacramento Kings,2022,4,false,120,-143
Sacramento Kings,2022,5,true,142,-169
Sacramento Kings,2022,6,true,-161,136
Sacramento Kings,2022,7,false,154,-185
Sacramento Kings,2022,8,true,-189,156
Sacramento Kings,2022,9,false,259,-333
Sacramento Kings,2022,10,true,156,-189
Sacramento Kings,2022,11,true,-179,149
Sacramento Kings,2022,12,true,150,-179
Sacramento Kings,2022,13,true,-127,106
Sacramento Kings,2022,14,true,-286,229
Sacramento Kings,2022,15,true,-556,400
Sacramento Kings,2022,16,true,118,-135
Sacramento Kings,2022,17,false,156,-185
Sacramento Kings,2022,18,false,252,-323
Sacramento Kings,2022,19,false,-110,-110
Sacramento Kings,2022,20,true,-189,158
Sacramento Kings,2022,21,true,-161,136
Sacramento Kings,2022,22,true,-152,127
Sacramento Kings,2022,23,false,206,-250
Sacramento Kings,2022,24,true,137,-161
Sacramento Kings,2022,25,false,117,-141
Sacramento Kings,2022,26,false,147,-179
Sacramento Kings,2022,27,true,160,-192
Sacramento Kings,2022,28,true,-244,198
Sacramento Kings,2022,29,false,-476,361
Sacramento Kings,2022,30,true,-345,274
Sacramento Kings,2022,31,false,-323,254
Sacramento Kings,2022,32,false,131,-156
Sacramento Kings,2022,33,true,-141,120
Sacramento Kings,2022,34,true,-156,129
Sacramento Kings,2022,35,false,147,-175
Sacramento Kings,2022,36,true,131,-156
Sacramento Kings,2022,37,false,-122,102
Sacramento Kings,2022,38,false,-312,244
Sacramento Kings,2022,39,true,-256,206
Sacramento Kings,2022,40,true,-400,311
Sacramento Kings,2022,41,true,-455,330
Sacramento Kings,2022,42,true,-263,215
Sacramento Kings,2022,43,true,112,-132
Sacramento Kings,2022,44,true,-208,172
Sacramento Kings,2022,45,false,-196,163
Sacramento Kings,2022,46,true,-169,143
Sacramento Kings,2022,47,false,-152,127
Sacramento Kings,2022,48,false,-127,106
Sacramento Kings,2022,49,true,-114,-104
Sacramento Kings,2022,50,true,-323,245
Sacramento Kings,2022,51,false,-122,104
Sacramento Kings,2022,52,false,-128,110
Sacramento Kings,2022,53,true,-270,225
Sacramento Kings,2022,54,true,-357,286
Sacramento Kings,2022,55,false,-185,159
Sacramento Kings,2022,56,true,104,-122
Sacramento Kings,2022,57,false,118,-137
Sacramento Kings,2022,58,true,-556,416
Sacramento Kings,2022,59,true,206,-250
Sacramento Kings,2022,60,true,-172,147
Sacramento Kings,2022,61,true,-137,118
Sacramento Kings,2022,62,true,-286,225
Sacramento Kings,2022,63,false,-179,150
Sacramento Kings,2022,64,true,-196,164
Sacramento Kings,2022,65,true,-127,106
Sacramento Kings,2022,66,true,137,-164
Sacramento Kings,2022,67,false,139,-164
Sacramento Kings,2022,68,true,-119,100
Sacramento Kings,2022,69,true,129,-154
Sacramento Kings,2022,70,true,-189,159
Sacramento Kings,2022,71,false,-263,219
Sacramento Kings,2022,72,false,175,-213
Sacramento Kings,2022,73,true,-175,148
Sacramento Kings,2022,74,true,-417,319
Sacramento Kings,2022,75,false,-233,193
Sacramento Kings,2022,76,true,-1111,697
Sacramento Kings,2022,77,true,-1250,726
Sacramento Kings,2022,78,false,-1667,892
Sacramento Kings,2022,79,true,148,-172
Sacramento Kings,2022,80,false,196,-238
Sacramento Kings,2022,81,false,441,-625
Sacramento Kings,2022,82,false,-208,173
Sacramento Kings,2023,1,true,-122,104
Sacramento Kings,2023,2,false,-152,131
Sacramento Kings,2023,3,true,-133,114
Sacramento Kings,2023,4,false,214,-263
Sacramento Kings,2023,5,false,-137,117
Sacramento Kings,2023,6,false,-130,110
Sacramento Kings,2023,7,true,-323,261
Sacramento Kings,2023,8,true,104,-122
Sacramento Kings,2023,9,true,-111,-108
Sacramento Kings,2023,10,true,-110,-106
Sacramento Kings,2023,11,true,-345,278
Sacramento Kings,2023,12,true,102,-122
Sacramento Kings,2023,13,false,-120,102
Sacramento Kings,2023,14,false,-118,100
Sacramento Kings,2023,15,true,160,-182
Sacramento Kings,2023,16,true,-128,108
Sacramento Kings,2023,17,false,106,-123
Sacramento Kings,2023,18,true,-161,138
Sacramento Kings,2023,19,true,-147,127
Sacramento Kings,2023,20,true,-192,159
Sacramento Kings,2023,21,false,140,-164
Sacramento Kings,2023,22,true,-132,112
Sacramento Kings,2023,23,true,-333,270
Sacramento Kings,2023,24,true,-1000,657
Sacramento Kings,2023,25,false,-159,136
Sacramento Kings,2023,26,true,-179,148
Sacramento Kings,2023,27,false,-133,112
Sacramento Kings,2023,28,false,-385,308
Sacramento Kings,2023,29,true,-116,-102
Sacramento Kings,2023,30,true,-105,-114
Sacramento Kings,2023,31,false,-1250,772
Sacramento Kings,2023,32,true,-213,177
Sacramento Kings,2023,33,true,-182,156
Sacramento Kings,2023,34,false,-182,154
Sacramento Kings,2023,35,true,-556,421
Sacramento Kings,2023,36,true,-333,269
Sacramento Kings,2023,37,false,-108,-109
Sacramento Kings,2023,38,false,147,-175
Sacramento Kings,2023,39,false,145,-172
Sacramento Kings,2023,40,false,-345,278
Sacramento Kings,2023,41,true,-333,270
Sacramento Kings,2023,42,true,-120,102
Sacramento Kings,2023,43,true,-172,147
Sacramento Kings,2023,44,true,-526,388
Sacramento Kings,2023,45,false,114,-133
Sacramento Kings,2023,46,true,-172,144
Sacramento Kings,2023,47,true,-103,-114
Sacramento Kings,2023,48,false,163,-196
Sacramento Kings,2023,49,false,-833,598
Sacramento Kings,2023,50,true,-147,125
Sacramento Kings,2023,51,false,131,-154
Sacramento Kings,2023,52,false,154,-182
Sacramento Kings,2023,53,true,174,-208
Sacramento Kings,2023,54,true,-526,388
Sacramento Kings,2023,55,true,148,-179
Sacramento Kings,2023,56,false,-278,225
Sacramento Kings,2023,57,false,323,-435
Sacramento Kings,2023,58,true,262,-333
Sacramento Kings,2023,59,false,-244,204
Sacramento Kings,2023,60,true,127,-149
Sacramento Kings,2023,61,true,-714,495
Sacramento Kings,2023,62,false,-270,225
Sacramento Kings,2023,63,true,-122,104
Sacramento Kings,2023,64,true,114,-133
Sacramento Kings,2023,65,false,-154,129
Sacramento Kings,2023,66,true,-625,457
Sacramento Kings,2023,67,true,-625,449
Sacramento Kings,2023,68,false,-625,448
Sacramento Kings,2023,69,true,122,-143
Sacramento Kings,2023,70,true,-294,236
Sacramento Kings,2023,71,false,-114,-103
Sacramento Kings,2023,72,false,-101,-116
Sacramento Kings,2023,73,true,-909,613
Sacramento Kings,2023,74,true,-143,122
Sacramento Kings,2023,75,false,140,-164
Sacramento Kings,2023,76,false,317,-417
Sacramento Kings,2023,77,true,-526,398
Sacramento Kings,2023,78,false,172,-208
Sacramento Kings,2023,79,false,-120,102
Sacramento Kings,2023,80,false,159,-189
Sacramento Kings,2023,81,true,-2000,1019
Sacramento Kings,2024,1,false,-109,-110
Sacramento Kings,2024,2,false,-108,-112
Sacramento Kings,2024,3,true,-833,544
Sacramento Kings,2024,4,true,-263,206
Sacramento Kings,2024,5,true,-238,193
Sacramento Kings,2024,6,false,-400,313
Sacramento Kings,2024,7,true,100,-122
Sacramento Kings,2024,8,true,-667,469
Sacramento Kings,2024,9,false,-256,202
Sacramento Kings,2024,10,true,-114,-105
Sacramento Kings,2024,11,false,-143,120
Sacramento Kings,2024,12,true,-345,272
Sacramento Kings,2024,13,false,104,-125
Sacramento Kings,2024,14,true,-286,224
Sacramento Kings,2024,15,false,-179,147
Sacramento Kings,2024,16,false,-169,143
Sacramento Kings,2024,17,false,-500,374
Sacramento Kings,2024,18,false,133,-161
Sacramento Kings,2024,19,true,123,-145
Sacramento Kings,2024,20,false,-278,227
Sacramento Kings,2024,21,false,-244,200
Sacramento Kings,2024,22,true,-123,104
Sacramento Kings,2024,23,false,127,-149
Sacramento Kings,2024,24,true,-256,210
Sacramento Kings,2024,25,true,-625,438
Sacramento Kings,2024,26,true,-278,222
Sacramento Kings,2024,27,false,-115,-103
Sacramento Kings,2024,28,false,-192,158
Sacramento Kings,2024,29,false,-167,141
Sacramento Kings,2024,30,false,-149,125
Sacramento Kings,2024,31,false,-196,165
Sacramento Kings,2024,32,false,-149,125
Sacramento Kings,2024,33,true,-333,260
Sacramento Kings,2024,34,true,-250,204
Sacramento Kings,2024,35,true,-159,133
Sacramento Kings,2024,36,true,134,-159
Sacramento Kings,2024,37,true,-172,145
Sacramento Kings,2024,38,true,479,-667
Sacramento Kings,2024,39,true,-204,168
Sacramento Kings,2024,40,false,108,-128
Sacramento Kings,2024,41,true,-189,160
Sacramento Kings,2024,42,true,-2000,994
Sacramento Kings,2024,43,true,-303,237
Sacramento Kings,2024,44,false,243,-312
Sacramento Kings,2024,45,false,156,-192
Sacramento Kings,2024,46,true,-714,509
Sacramento Kings,2024,47,false,-333,266
Sacramento Kings,2024,48,false,238,-303
Sacramento Kings,2024,49,true,160,-192
Sacramento Kings,2024,50,false,-200,167
Sacramento Kings,2024,51,false,-114,-104
Sacramento Kings,2024,52,true,-333,265
Sacramento Kings,2024,53,true,-120,102
Sacramento Kings,2024,54,true,-227,187
Sacramento Kings,2024,55,false,-345,275
Sacramento Kings,2024,56,false,110,-132
Sacramento Kings,2024,57,true,-556,399
Sacramento Kings,2024,58,true,-400,311
Sacramento Kings,2024,59,true,148,-175
Sacramento Kings,2024,60,true,-130,110
Sacramento Kings,2024,61,false,268,-333
Sacramento Kings,2024,62,true,-256,208
Sacramento Kings,2024,63,false,202,-244
Sacramento Kings,2024,64,false,-101,-116
Sacramento Kings,2024,65,false,231,-278
Sacramento Kings,2024,66,false,108,-130
Sacramento Kings,2024,67,true,-145,127
Sacramento Kings,2024,68,true,211,-263
Sacramento Kings,2024,69,false,-303,243
Sacramento Kings,2024,70,false,-120,100
Sacramento Kings,2024,71,false,168,-204
Sacramento Kings,2024,72,false,292,-385
Sacramento Kings,2024,73,true,-238,190
Sacramento Kings,2024,74,false,102,-119
Sacramento Kings,2024,75,false,143,-172
Sacramento Kings,2024,76,false,-833,578
Sacramento Kings,2024,77,true,-625,450
Sacramento Kings,2024,78,true,323,-435
Sacramento Kings,2024,79,true,175,-222
Sacramento Kings,2024,80,false,161,-196
Sacramento Kings,2024,81,false,221,-278
Sacramento Kings,2024,82,true,-1000,614
Sacramento Kings,2025,1,false,140,-161
Sacramento Kings,2025,2,true,-222,179
Sacramento Kings,2025,3,false,-169,145
Sacramento Kings,2025,4,false,309,-385
Sacramento Kings,2025,5,false,154,-185
Sacramento Kings,2025,6,true,204,-250
Sacramento Kings,2025,7,false,400,-556
Sacramento Kings,2025,8,true,-143,125
Sacramento Kings,2025,9,false,450,-588
Sacramento Kings,2025,10,false,165,-189
Sacramento Kings,2025,11,false,290,-357
Sacramento Kings,2025,12,false,150,-179
Sacramento Kings,2025,13,false,425,-588
Sacramento Kings,2025,14,false,195,-238
Sacramento Kings,2025,15,false,1150,-2000
Sacramento Kings,2025,16,false,135,-154
Sacramento Kings,2025,17,true,400,-556
Sacramento Kings,2025,18,true,359,-455
Sacramento Kings,2025,19,false,154,-182
Sacramento Kings,2025,20,false,124,-135
Sacramento Kings,2025,21,false,125,-143
Sacramento Kings,2025,22,false,830,-1250
Sacramento Kings,2025,23,true,300,-370
Sacramento Kings,2025,24,false,140,-164
Sacramento Kings,2025,25,false,384,-476
Sacramento Kings,2025,26,false,359,-417
Sacramento Kings,2025,27,false,285,-357
Sacramento Kings,2025,28,false,148,-169
Sacramento Kings,2025,29,true,500,-667
Sacramento Kings,2025,30,false,340,-400
Sacramento Kings,2025,31,true,125,-143
Sacramento Kings,2025,32,false,425,-500
Sacramento Kings,2025,33,false,325,-357
Sacramento Kings,2025,34,false,340,-400
Sacramento Kings,2025,35,false,550,-769
Sacramento Kings,2025,36,false,204,-238
Sacramento Kings,2025,37,false,175,-192
Sacramento Kings,2025,38,false,610,-769
Sacramento Kings,2025,39,true,550,-714
Sacramento Kings,2025,40,true,309,-385
Sacramento Kings,2025,41,true,380,-455
Sacramento Kings,2025,42,true,-270,225
Sacramento Kings,2025,43,false,100,-112
Sacramento Kings,2025,44,false,150,-175
Sacramento Kings,2025,45,false,170,-189
Sacramento Kings,2025,46,false,459,-588
Sacramento Kings,2025,47,false,490,-588
Sacramento Kings,2025,48,false,610,-769
Sacramento Kings,2025,49,false,320,-385
Sacramento Kings,2025,50,false,400,-500
Sacramento Kings,2025,51,false,-120,104
Sacramento Kings,2025,52,false,-143,127
Sacramento Kings,2025,53,false,140,-161
Sacramento Kings,2025,54,false,475,-588
Sacramento Kings,2025,55,false,309,-385
Sacramento Kings,2025,56,false,184,-204
Sacramento Kings,2025,57,false,300,-357
Sacramento Kings,2025,58,false,1040,-2000
Sacramento Kings,2025,59,true,120,-135
Sacramento Kings,2025,60,false,660,-909
Sacramento Kings,2025,61,true,260,-323
Sacramento Kings,2025,62,false,570,-714
Sacramento Kings,2025,63,false,290,-357
Sacramento Kings,2025,64,false,220,-263
Sacramento Kings,2025,65,true,170,-185
Sacramento Kings,2025,66,true,-159,136
Sacramento Kings,2025,67,false,675,-909
Sacramento Kings,2025,68,true,650,-833
Sacramento Kings,2025,69,true,-152,135
Sacramento Kings,2025,70,false,600,-833
Sacramento Kings,2025,71,false,129,-149
Sacramento Kings,2025,72,true,-244,204
Sacramento Kings,2025,73,false,1000,-1667
Sacramento Kings,2025,74,false,810,-1250
Sacramento Kings,2025,75,false,560,-769
Sacramento Kings,2025,76,false,110,-120
Sacramento Kings,2025,77,true,530,-714
Sacramento Kings,2025,78,true,204,-233
Sacramento Kings,2025,79,false,610,-833
Sacramento Kings,2025,80,false,700,-909
Sacramento Kings,2025,81,true,400,-500
Sacramento Kings,2025,82,false,1200,-2000
San Antonio Spurs,2016,1,true,319,-417
San Antonio Spurs,2016,2,true,-370,295
San Antonio Spurs,2016,3,true,-2500,783
San Antonio Spurs,2016,4,true,-270,221
San Antonio Spurs,2016,5,false,-588,430
San Antonio Spurs,2016,6,true,-172,147
San Antonio Spurs,2016,7,false,-208,173
San Antonio Spurs,2016,8,false,-435,338
San Antonio Spurs,2016,9,true,-476,357
San Antonio Spurs,2016,10,true,-125,106
San Antonio Spurs,2016,11,true,-769,556
San Antonio Spurs,2016,12,true,-227,186
San Antonio Spurs,2016,13,true,-370,290
San Antonio Spurs,2016,14,true,-2000,1119
San Antonio Spurs,2016,15,true,-233,191
San Antonio Spurs,2016,16,true,-154,131
San Antonio Spurs,2016,17,true,-270,222
San Antonio Spurs,2016,18,false,-1111,744
San Antonio Spurs,2016,19,true,-435,334
San Antonio Spurs,2016,20,true,-476,361
San Antonio Spurs,2016,21,true,-256,212
San Antonio Spurs,2016,22,true,-179,150
San Antonio Spurs,2016,23,false,-164,138
San Antonio Spurs,2016,24,true,-2500,1168
San Antonio Spurs,2016,25,true,-270,222
San Antonio Spurs,2016,26,true,-357,285
San Antonio Spurs,2016,27,true,-833,596
San Antonio Spurs,2016,28,true,-103,-115
San Antonio Spurs,2016,29,false,-130,108
San Antonio Spurs,2016,30,true,-132,110
San Antonio Spurs,2016,31,true,-455,344
San Antonio Spurs,2016,32,true,-769,539
San Antonio Spurs,2016,33,true,-588,426
San Antonio Spurs,2016,34,false,-222,181
San Antonio Spurs,2016,35,true,-256,212
San Antonio Spurs,2016,36,true,-323,261
San Antonio Spurs,2016,37,true,-714,501
San Antonio Spurs,2016,38,false,-556,420
San Antonio Spurs,2016,39,true,-2000,1041
San Antonio Spurs,2016,40,false,-1000,671
San Antonio Spurs,2016,41,true,-909,624
San Antonio Spurs,2016,42,true,-1000,662
San Antonio Spurs,2016,43,true,143,-169
San Antonio Spurs,2016,44,true,-385,305
San Antonio Spurs,2016,45,true,112,-130
San Antonio Spurs,2016,46,false,-263,219
San Antonio Spurs,2016,47,false,-1111,707
San Antonio Spurs,2016,48,true,-500,371
San Antonio Spurs,2016,49,true,-3333,1401
San Antonio Spurs,2016,50,true,-1111,718
San Antonio Spurs,2016,51,false,-108,-111
San Antonio Spurs,2016,52,true,-833,574
San Antonio Spurs,2016,53,true,-200,167
San Antonio Spurs,2016,54,false,-455,351
San Antonio Spurs,2016,55,true,-200,168
San Antonio Spurs,2016,56,true,-625,448
San Antonio Spurs,2016,57,true,-143,121
San Antonio Spurs,2016,58,true,-909,604
San Antonio Spurs,2016,59,true,-588,426
San Antonio Spurs,2016,60,true,-256,212
San Antonio Spurs,2016,61,true,-345,273
San Antonio Spurs,2016,62,true,-167,141
San Antonio Spurs,2016,63,true,-769,549
San Antonio Spurs,2016,64,false,-147,124
San Antonio Spurs,2016,65,true,-625,470
San Antonio Spurs,2016,66,true,-294,239
San Antonio Spurs,2016,67,false,-714,517
San Antonio Spurs,2016,68,false,-169,145
San Antonio Spurs,2016,69,true,-1429,956
San Antonio Spurs,2016,70,true,-196,166
San Antonio Spurs,2016,71,true,-385,297
San Antonio Spurs,2016,72,true,-2500,1215
San Antonio Spurs,2016,73,true,-222,186
San Antonio Spurs,2016,74,false,-192,163
San Antonio Spurs,2016,75,true,-156,131
San Antonio Spurs,2016,76,true,-227,193
San Antonio Spurs,2016,77,true,-455,346
San Antonio Spurs,2016,78,false,-1429,886
San Antonio Spurs,2016,79,true,173,-208
San Antonio Spurs,2016,80,false,-122,102
San Antonio Spurs,2016,81,false,-588,434
San Antonio Spurs,2016,82,false,146,-172
San Antonio Spurs,2017,1,true,-119,100
San Antonio Spurs,2017,2,true,-588,428
San Antonio Spurs,2017,3,true,-145,123
San Antonio Spurs,2017,4,true,-159,136
San Antonio Spurs,2017,5,false,-213,175
San Antonio Spurs,2017,6,false,-270,222
San Antonio Spurs,2017,7,false,139,-164
San Antonio Spurs,2017,8,false,279,-357
San Antonio Spurs,2017,9,true,-196,165
San Antonio Spurs,2017,10,true,-500,376
San Antonio Spurs,2017,11,true,-172,148
San Antonio Spurs,2017,12,false,-196,164
San Antonio Spurs,2017,13,true,-556,421
San Antonio Spurs,2017,14,true,-256,215
San Antonio Spurs,2017,15,false,164,-196
San Antonio Spurs,2017,16,true,102,-120
San Antonio Spurs,2017,17,true,-417,330
San Antonio Spurs,2017,18,false,-101,-118
San Antonio Spurs,2017,19,true,102,-120
San Antonio Spurs,2017,20,true,-455,353
San Antonio Spurs,2017,21,true,-400,316
San Antonio Spurs,2017,22,true,-159,137
San Antonio Spurs,2017,23,false,279,-345
San Antonio Spurs,2017,24,true,-172,145
San Antonio Spurs,2017,25,true,-345,278
San Antonio Spurs,2017,26,true,-137,118
San Antonio Spurs,2017,27,true,-217,181
San Antonio Spurs,2017,28,false,-250,206
San Antonio Spurs,2017,29,false,294,-370
San Antonio Spurs,2017,30,true,-250,206
San Antonio Spurs,2017,31,true,-769,548
San Antonio Spurs,2017,32,true,119,-141
San Antonio Spurs,2017,33,false,-133,117
San Antonio Spurs,2017,34,true,-250,209
San Antonio Spurs,2017,35,true,-833,577
San Antonio Spurs,2017,36,true,-667,473
San Antonio Spurs,2017,37,false,-204,168
San Antonio Spurs,2017,38,true,-213,177
San Antonio Spurs,2017,39,false,141,-164
San Antonio Spurs,2017,40,true,-769,556
San Antonio Spurs,2017,41,false,-102,-115
San Antonio Spurs,2017,42,true,-217,179
San Antonio Spurs,2017,43,false,-137,116
San Antonio Spurs,2017,44,true,-323,260
San Antonio Spurs,2017,45,false,-227,188
San Antonio Spurs,2017,46,true,-200,167
San Antonio Spurs,2017,47,false,202,-244
San Antonio Spurs,2017,48,false,-238,198
San Antonio Spurs,2017,49,true,118,-141
San Antonio Spurs,2017,50,true,-120,102
San Antonio Spurs,2017,51,false,-169,145
San Antonio Spurs,2017,52,true,-833,566
San Antonio Spurs,2017,53,true,-278,233
San Antonio Spurs,2017,54,false,116,-137
San Antonio Spurs,2017,55,false,-263,220
San Antonio Spurs,2017,56,true,-667,473
San Antonio Spurs,2017,57,false,491,-667
San Antonio Spurs,2017,58,false,152,-179
San Antonio Spurs,2017,59,false,222,-270
San Antonio Spurs,2017,60,false,143,-167
San Antonio Spurs,2017,61,true,156,-185
San Antonio Spurs,2017,62,false,-196,165
San Antonio Spurs,2017,63,false,-222,184
San Antonio Spurs,2017,64,true,-1111,706
San Antonio Spurs,2017,65,false,509,-714
San Antonio Spurs,2017,66,false,150,-175
San Antonio Spurs,2017,67,false,573,-833
San Antonio Spurs,2017,68,true,-667,476
San Antonio Spurs,2017,69,true,-185,158
San Antonio Spurs,2017,70,true,-185,156
San Antonio Spurs,2017,71,true,-357,282
San Antonio Spurs,2017,72,true,-222,186
San Antonio Spurs,2017,73,true,-159,136
San Antonio Spurs,2017,74,false,-127,108
San Antonio Spurs,2017,75,false,-132,112
San Antonio Spurs,2017,76,true,-120,102
San Antonio Spurs,2017,77,true,-105,-112
San Antonio Spurs,2017,78,false,-127,108
San Antonio Spurs,2017,79,false,-263,219
San Antonio Spurs,2017,80,true,-217,181
San Antonio Spurs,2017,81,true,-1667,953
San Antonio Spurs,2017,82,false,135,-156
San Antonio Spurs,2018,1,true,-143,122
San Antonio Spurs,2018,2,false,163,-192
San Antonio Spurs,2018,3,true,-101,-118
San Antonio Spurs,2018,4,false,-123,104
San Antonio Spurs,2018,5,true,150,-154
San Antonio Spurs,2018,6,true,-303,246
San Antonio Spurs,2018,7,true,-286,231
San Antonio Spurs,2018,8,true,-132,112
San Antonio Spurs,2018,9,false,-345,275
San Antonio Spurs,2018,10,false,106,-125
San Antonio Spurs,2018,11,true,141,-164
San Antonio Spurs,2018,12,false,-139,118
San Antonio Spurs,2018,13,false,-244,200
San Antonio Spurs,2018,14,false,217,-270
San Antonio Spurs,2018,15,true,-147,125
San Antonio Spurs,2018,16,false,254,-312
San Antonio Spurs,2018,17,false,-149,127
San Antonio Spurs,2018,18,true,106,-127
San Antonio Spurs,2018,19,false,375,-476
San Antonio Spurs,2018,20,true,-263,217
San Antonio Spurs,2018,21,false,160,-189
San Antonio Spurs,2018,22,false,139,-161
San Antonio Spurs,2018,23,true,-105,-114
San Antonio Spurs,2018,24,false,269,-333
San Antonio Spurs,2018,25,false,288,-370
San Antonio Spurs,2018,26,true,-104,-112
San Antonio Spurs,2018,27,true,149,-179
San Antonio Spurs,2018,28,true,-1111,695
San Antonio Spurs,2018,29,true,-149,127
San Antonio Spurs,2018,30,false,-556,426
San Antonio Spurs,2018,31,true,-114,-105
San Antonio Spurs,2018,32,true,-156,131
San Antonio Spurs,2018,33,true,-175,147
San Antonio Spurs,2018,34,false,171,-204
San Antonio Spurs,2018,35,true,-179,150
San Antonio Spurs,2018,36,false,159,-189
San Antonio Spurs,2018,37,true,125,-145
San Antonio Spurs,2018,38,true,100,-119
San Antonio Spurs,2018,39,true,-161,137
San Antonio Spurs,2018,40,true,-400,317
San Antonio Spurs,2018,41,true,-143,121
San Antonio Spurs,2018,42,false,-143,119
San Antonio Spurs,2018,43,true,100,-120
San Antonio Spurs,2018,44,false,213,-263
San Antonio Spurs,2018,45,false,-323,265
San Antonio Spurs,2018,46,true,100,-119
San Antonio Spurs,2018,47,true,102,-120
San Antonio Spurs,2018,48,false,-476,372
San Antonio Spurs,2018,49,false,120,-139
San Antonio Spurs,2018,50,true,-196,162
San Antonio Spurs,2018,51,true,-169,144
San Antonio Spurs,2018,52,true,-1429,817
San Antonio Spurs,2018,53,true,-333,264
San Antonio Spurs,2018,54,true,-625,457
San Antonio Spurs,2018,55,false,-128,108
San Antonio Spurs,2018,56,false,1032,-2000
San Antonio Spurs,2018,57,false,208,-250
San Antonio Spurs,2018,58,false,278,-357
San Antonio Spurs,2018,59,true,-323,259
San Antonio Spurs,2018,60,false,291,-370
San Antonio Spurs,2018,61,false,-435,341
San Antonio Spurs,2018,62,false,104,-123
San Antonio Spurs,2018,63,true,-182,154
San Antonio Spurs,2018,64,true,-204,173
San Antonio Spurs,2018,65,true,-120,100
San Antonio Spurs,2018,66,true,-227,188
San Antonio Spurs,2018,67,true,110,-132
San Antonio Spurs,2018,68,true,-159,135
San Antonio Spurs,2018,69,true,-1250,786
San Antonio Spurs,2018,70,true,-137,117
San Antonio Spurs,2018,71,true,125,-147
San Antonio Spurs,2018,72,false,-244,202
San Antonio Spurs,2018,73,false,215,-263
San Antonio Spurs,2018,74,true,-127,106
San Antonio Spurs,2018,75,false,-185,159
San Antonio Spurs,2018,76,true,-909,610
San Antonio Spurs,2018,77,false,-588,450
San Antonio Spurs,2018,78,true,-769,537
San Antonio Spurs,2018,79,false,170,-200
San Antonio Spurs,2018,80,true,-270,223
San Antonio Spurs,2018,81,true,-417,325
San Antonio Spurs,2018,82,true,-1429,855
San Antonio Spurs,2019,1,true,-625,455
San Antonio Spurs,2019,2,true,-909,544
San Antonio Spurs,2019,3,true,-244,199
San Antonio Spurs,2019,4,false,164,-196
San Antonio Spurs,2019,5,true,-294,238
San Antonio Spurs,2019,6,false,102,-123
San Antonio Spurs,2019,7,false,-238,195
San Antonio Spurs,2019,8,true,-200,168
San Antonio Spurs,2019,9,false,-132,110
San Antonio Spurs,2019,10,false,-625,455
San Antonio Spurs,2019,11,false,102,-122
San Antonio Spurs,2019,12,false,121,-143
San Antonio Spurs,2019,13,false,-122,102
San Antonio Spurs,2019,14,false,166,-196
San Antonio Spurs,2019,15,false,-132,110
San Antonio Spurs,2019,16,false,246,-303
San Antonio Spurs,2019,17,true,-147,124
San Antonio Spurs,2019,18,false,162,-192
San Antonio Spurs,2019,19,false,-152,129
San Antonio Spurs,2019,20,true,187,-227
San Antonio Spurs,2019,21,false,121,-143
San Antonio Spurs,2019,22,true,243,-303
San Antonio Spurs,2019,23,true,-179,152
San Antonio Spurs,2019,24,false,-769,545
San Antonio Spurs,2019,25,true,-128,108
San Antonio Spurs,2019,26,false,428,-556
San Antonio Spurs,2019,27,true,-179,150
San Antonio Spurs,2019,28,false,240,-294
San Antonio Spurs,2019,29,true,-114,-105
San Antonio Spurs,2019,30,false,298,-370
San Antonio Spurs,2019,31,true,-204,170
San Antonio Spurs,2019,32,true,-667,488
San Antonio Spurs,2019,33,false,-141,119
San Antonio Spurs,2019,34,false,566,-833
San Antonio Spurs,2019,35,true,284,-357
San Antonio Spurs,2019,36,true,237,-294
San Antonio Spurs,2019,37,false,-110,-108
San Antonio Spurs,2019,38,true,168,-200
San Antonio Spurs,2019,39,false,179,-217
San Antonio Spurs,2019,40,false,-385,301
San Antonio Spurs,2019,41,true,-101,-116
San Antonio Spurs,2019,42,true,161,-189
San Antonio Spurs,2019,43,true,131,-154
San Antonio Spurs,2019,44,false,-200,167
San Antonio Spurs,2019,45,false,134,-159
San Antonio Spurs,2019,46,false,100,-119
San Antonio Spurs,2019,47,true,193,-233
San Antonio Spurs,2019,48,true,-400,309
San Antonio Spurs,2019,49,false,343,-435
San Antonio Spurs,2019,50,false,473,-667
San Antonio Spurs,2019,51,false,131,-156
San Antonio Spurs,2019,52,false,-135,114
San Antonio Spurs,2019,53,false,229,-278
San Antonio Spurs,2019,54,true,283,-357
San Antonio Spurs,2019,55,true,239,-294
San Antonio Spurs,2019,56,false,169,-200
San Antonio Spurs,2019,57,false,152,-179
San Antonio Spurs,2019,58,true,-169,146
San Antonio Spurs,2019,59,false,112,-132
San Antonio Spurs,2019,60,true,-167,143
San Antonio Spurs,2019,61,false,125,-149
San Antonio Spurs,2019,62,false,-189,161
San Antonio Spurs,2019,63,true,145,-167
San Antonio Spurs,2019,64,true,139,-159
San Antonio Spurs,2019,65,true,125,-145
San Antonio Spurs,2019,66,false,259,-312
San Antonio Spurs,2019,67,false,110,-127
San Antonio Spurs,2019,68,true,-400,328
San Antonio Spurs,2019,69,true,146,-167
San Antonio Spurs,2019,70,true,-175,152
San Antonio Spurs,2019,71,false,-278,231
San Antonio Spurs,2020,1,true,108,-130
San Antonio Spurs,2020,2,true,117,-137
San Antonio Spurs,2020,3,false,172,-204
San Antonio Spurs,2020,4,false,249,-303
San Antonio Spurs,2020,5,false,263,-323
San Antonio Spurs,2020,6,false,183,-217
San Antonio Spurs,2020,7,true,248,-303
San Antonio Spurs,2020,8,true,320,-400
San Antonio Spurs,2020,9,true,-156,133
San Antonio Spurs,2020,10,false,-179,150
San Antonio Spurs,2020,11,true,-130,110
San Antonio Spurs,2020,12,false,-294,237
San Antonio Spurs,2020,13,true,-294,237
San Antonio Spurs,2020,14,true,-120,102
San Antonio Spurs,2020,15,false,100,-116
San Antonio Spurs,2020,16,false,110,-128
San Antonio Spurs,2020,17,true,-233,195
San Antonio Spurs,2020,18,true,158,-182
San Antonio Spurs,2020,19,true,150,-175
San Antonio Spurs,2020,20,false,-161,138
San Antonio Spurs,2020,21,false,-172,147
San Antonio Spurs,2020,22,true,-312,254
San Antonio Spurs,2020,23,true,-101,-116
San Antonio Spurs,2020,24,true,-119,102
San Antonio Spurs,2020,25,false,104,-120
San Antonio Spurs,2020,26,true,117,-135
San Antonio Spurs,2020,27,true,-169,146
San Antonio Spurs,2020,28,false,-112,-105
San Antonio Spurs,2020,29,true,112,-132
San Antonio Spurs,2020,30,false,150,-172
San Antonio Spurs,2020,31,true,106,-123
San Antonio Spurs,2020,32,false,-286,239
San Antonio Spurs,2020,33,false,154,-182
San Antonio Spurs,2020,34,true,-303,248
San Antonio Spurs,2020,35,false,164,-192
San Antonio Spurs,2020,36,true,-122,102
San Antonio Spurs,2020,37,true,104,-123
San Antonio Spurs,2020,38,true,-200,170
San Antonio Spurs,2020,39,false,538,-714
San Antonio Spurs,2020,40,false,-204,173
San Antonio Spurs,2020,41,false,199,-238
San Antonio Spurs,2020,42,false,100,-119
San Antonio Spurs,2020,43,true,-118,100
San Antonio Spurs,2020,44,false,-137,117
San Antonio Spurs,2020,45,true,-139,119
San Antonio Spurs,2020,46,false,-118,100
San Antonio Spurs,2020,47,false,-278,231
San Antonio Spurs,2020,48,false,-345,282
San Antonio Spurs,2020,49,false,181,-217
San Antonio Spurs,2020,50,false,224,-270
San Antonio Spurs,2020,51,true,206,-244
San Antonio Spurs,2020,52,true,-270,224
San Antonio Spurs,2020,53,false,-222,185
San Antonio Spurs,2020,54,false,-119,102
San Antonio Spurs,2020,55,true,548,-769
San Antonio Spurs,2020,56,true,-159,136
San Antonio Spurs,2020,57,false,102,-120
San Antonio Spurs,2020,58,true,-312,261
San Antonio Spurs,2020,59,true,131,-152
San Antonio Spurs,2020,60,true,-133,114
San Antonio Spurs,2020,61,false,166,-196
San Antonio Spurs,2020,62,false,165,-192
San Antonio Spurs,2020,63,false,409,-526
San Antonio Spurs,2020,64,false,260,-323
San Antonio Spurs,2020,65,false,222,-263
San Antonio Spurs,2020,66,true,-185,159
San Antonio Spurs,2020,67,false,199,-238
San Antonio Spurs,2020,68,true,241,-294
San Antonio Spurs,2020,69,false,168,-200
San Antonio Spurs,2020,70,false,164,-192
San Antonio Spurs,2020,71,false,467,-625
San Antonio Spurs,2020,72,false,123,-143
San Antonio Spurs,2021,1,true,-256,218
San Antonio Spurs,2021,2,false,254,-312
San Antonio Spurs,2021,3,false,209,-250
San Antonio Spurs,2021,4,false,-133,114
San Antonio Spurs,2021,5,false,217,-256
San Antonio Spurs,2021,6,true,229,-286
San Antonio Spurs,2021,7,false,125,-143
San Antonio Spurs,2021,8,false,110,-128
San Antonio Spurs,2021,9,true,-167,143
San Antonio Spurs,2021,10,false,-161,140
San Antonio Spurs,2021,11,true,-111,-105
San Antonio Spurs,2021,12,false,120,-141
San Antonio Spurs,2021,13,false,117,-137
San Antonio Spurs,2021,14,false,252,-312
San Antonio Spurs,2021,15,false,112,-132
San Antonio Spurs,2021,16,false,179,-213
San Antonio Spurs,2021,17,false,141,-167
San Antonio Spurs,2021,18,true,156,-185
San Antonio Spurs,2021,19,true,133,-154
San Antonio Spurs,2021,20,true,171,-200
San Antonio Spurs,2021,21,true,347,-435
San Antonio Spurs,2021,22,false,248,-303
San Antonio Spurs,2021,23,false,106,-123
San Antonio Spurs,2021,24,true,-133,114
San Antonio Spurs,2021,25,false,-109,-108
San Antonio Spurs,2021,26,true,-128,110
San Antonio Spurs,2021,27,false,-156,133
San Antonio Spurs,2021,28,true,528,-714
San Antonio Spurs,2021,29,false,-196,166
San Antonio Spurs,2021,30,true,209,-250
San Antonio Spurs,2021,31,true,102,-119
San Antonio Spurs,2021,32,true,-500,383
San Antonio Spurs,2021,33,false,229,-278
San Antonio Spurs,2021,34,false,183,-217
San Antonio Spurs,2021,35,false,-263,217
San Antonio Spurs,2021,36,false,227,-270
San Antonio Spurs,2021,37,true,261,-323
San Antonio Spurs,2021,38,false,290,-357
San Antonio Spurs,2021,39,false,388,-500
San Antonio Spurs,2021,40,false,206,-244
San Antonio Spurs,2021,41,false,-303,248
San Antonio Spurs,2021,42,false,129,-149
San Antonio Spurs,2021,43,true,-120,102
San Antonio Spurs,2021,44,false,146,-169
San Antonio Spurs,2021,45,true,-270,225
San Antonio Spurs,2021,46,false,-106,-111
San Antonio Spurs,2021,47,false,-103,-112
San Antonio Spurs,2021,48,true,-196,167
San Antonio Spurs,2021,49,false,146,-169
San Antonio Spurs,2021,50,true,-125,108
San Antonio Spurs,2021,51,false,687,-1000
San Antonio Spurs,2021,52,false,-256,216
San Antonio Spurs,2021,53,false,274,-333
San Antonio Spurs,2021,54,true,-294,242
San Antonio Spurs,2021,55,false,206,-244
San Antonio Spurs,2021,56,true,332,-417
San Antonio Spurs,2021,57,true,200,-238
San Antonio Spurs,2021,58,false,129,-149
San Antonio Spurs,2021,59,true,-345,283
San Antonio Spurs,2021,60,true,-164,141
San Antonio Spurs,2021,61,false,611,-833
San Antonio Spurs,2021,62,false,300,-370
San Antonio Spurs,2021,63,false,-256,214
San Antonio Spurs,2021,64,false,144,-167
San Antonio Spurs,2021,65,true,-263,219
San Antonio Spurs,2021,66,false,-102,-115
San Antonio Spurs,2021,67,true,185,-217
San Antonio Spurs,2021,68,false,-122,104
San Antonio Spurs,2021,69,false,140,-164
San Antonio Spurs,2021,70,true,-714,519
San Antonio Spurs,2021,71,false,-119,102
San Antonio Spurs,2021,72,true,216,-256
San Antonio Spurs,2021,73,true,-435,351
San Antonio Spurs,2021,74,true,202,-244
San Antonio Spurs,2021,75,true,-435,353
San Antonio Spurs,2021,76,false,173,-204
San Antonio Spurs,2021,77,true,-1111,740
San Antonio Spurs,2021,78,true,-1111,736
San Antonio Spurs,2021,79,true,313,-385
San Antonio Spurs,2021,80,false,238,-286
San Antonio Spurs,2021,81,false,240,-286
San Antonio Spurs,2021,82,false,428,-556
San Antonio Spurs,2022,1,false,-106,-115
San Antonio Spurs,2022,2,true,104,-123
San Antonio Spurs,2022,3,true,643,-1111
San Antonio Spurs,2022,4,true,288,-370
San Antonio Spurs,2022,5,false,354,-476
San Antonio Spurs,2022,6,true,148,-175
San Antonio Spurs,2022,7,true,197,-244
San Antonio Spurs,2022,8,false,212,-263
San Antonio Spurs,2022,9,false,140,-167
San Antonio Spurs,2022,10,false,441,-625
San Antonio Spurs,2022,11,false,248,-312
San Antonio Spurs,2022,12,false,186,-227
San Antonio Spurs,2022,13,true,-127,106
San Antonio Spurs,2022,14,false,318,-417
San Antonio Spurs,2022,15,false,275,-345
San Antonio Spurs,2022,16,false,229,-286
San Antonio Spurs,2022,17,false,313,-400
San Antonio Spurs,2022,18,false,200,-244
San Antonio Spurs,2022,19,false,175,-213
San Antonio Spurs,2022,20,false,143,-172
San Antonio Spurs,2022,21,false,-118,-102
San Antonio Spurs,2022,22,false,121,-145
San Antonio Spurs,2022,23,false,229,-286
San Antonio Spurs,2022,24,false,373,-500
San Antonio Spurs,2022,25,true,110,-132
San Antonio Spurs,2022,26,true,537,-769
San Antonio Spurs,2022,27,true,321,-435
San Antonio Spurs,2022,28,false,234,-294
San Antonio Spurs,2022,29,false,256,-323
San Antonio Spurs,2022,30,true,159,-189
San Antonio Spurs,2022,31,false,278,-357
San Antonio Spurs,2022,32,false,191,-233
San Antonio Spurs,2022,33,true,161,-192
San Antonio Spurs,2022,34,false,217,-270
San Antonio Spurs,2022,35,true,165,-196
San Antonio Spurs,2022,36,false,231,-294
San Antonio Spurs,2022,37,false,532,-769
San Antonio Spurs,2022,38,false,344,-455
San Antonio Spurs,2022,39,true,-119,100
San Antonio Spurs,2022,40,false,778,-1429
San Antonio Spurs,2022,41,false,399,-526
San Antonio Spurs,2022,42,false,642,-1000
San Antonio Spurs,2022,43,false,286,-370
San Antonio Spurs,2022,44,false,215,-263
San Antonio Spurs,2022,45,true,114,-135
San Antonio Spurs,2022,46,false,236,-303
San Antonio Spurs,2022,47,false,279,-357
San Antonio Spurs,2022,48,false,249,-312
San Antonio Spurs,2022,49,false,598,-909
San Antonio Spurs,2022,50,false,175,-217
San Antonio Spurs,2022,51,false,170,-208
San Antonio Spurs,2022,52,false,245,-323
San Antonio Spurs,2022,53,false,370,-476
San Antonio Spurs,2022,54,false,330,-435
San Antonio Spurs,2022,55,false,392,-526
San Antonio Spurs,2022,56,false,194,-233
San Antonio Spurs,2022,57,false,560,-833
San Antonio Spurs,2022,58,false,794,-1429
San Antonio Spurs,2022,59,false,177,-208
San Antonio Spurs,2022,60,false,689,-1111
San Antonio Spurs,2022,61,false,378,-500
San Antonio Spurs,2022,62,true,343,-455
San Antonio Spurs,2022,63,true,161,-189
San Antonio Spurs,2022,64,false,-101,-118
San Antonio Spurs,2022,65,false,159,-189
San Antonio Spurs,2022,66,true,563,-833
San Antonio Spurs,2022,67,false,143,-169
San Antonio Spurs,2022,68,true,227,-286
San Antonio Spurs,2022,69,false,145,-172
San Antonio Spurs,2022,70,false,285,-370
San Antonio Spurs,2022,71,true,362,-476
San Antonio Spurs,2022,72,false,592,-909
San Antonio Spurs,2022,73,false,1186,-2500
San Antonio Spurs,2022,74,false,307,-385
San Antonio Spurs,2022,75,false,844,-1429
San Antonio Spurs,2022,76,false,114,-133
San Antonio Spurs,2022,77,false,972,-1667
San Antonio Spurs,2022,78,true,892,-1667
San Antonio Spurs,2022,79,false,1172,-2500
San Antonio Spurs,2022,80,true,-200,169
San Antonio Spurs,2022,81,false,819,-1429
San Antonio Spurs,2022,82,true,142,-164
San Antonio Spurs,2023,1,false,160,-189
San Antonio Spurs,2023,2,true,-152,131
San Antonio Spurs,2023,3,false,311,-400
San Antonio Spurs,2023,4,true,231,-286
San Antonio Spurs,2023,5,true,393,-526
San Antonio Spurs,2023,6,false,143,-164
San Antonio Spurs,2023,7,false,298,-370
San Antonio Spurs,2023,8,false,301,-385
San Antonio Spurs,2023,9,false,231,-286
San Antonio Spurs,2023,10,false,106,-127
San Antonio Spurs,2023,11,false,371,-500
San Antonio Spurs,2023,12,false,278,-345
San Antonio Spurs,2023,13,false,129,-152
San Antonio Spurs,2023,14,false,293,-370
San Antonio Spurs,2023,15,false,272,-333
San Antonio Spurs,2023,16,false,353,-455
San Antonio Spurs,2023,17,false,405,-526
San Antonio Spurs,2023,18,false,204,-250
San Antonio Spurs,2023,19,false,521,-714
San Antonio Spurs,2023,20,false,458,-667
San Antonio Spurs,2023,21,false,112,-132
San Antonio Spurs,2023,22,false,301,-370
San Antonio Spurs,2023,23,false,138,-161
San Antonio Spurs,2023,24,true,150,-179
San Antonio Spurs,2023,25,false,247,-312
San Antonio Spurs,2023,26,false,859,-1429
San Antonio Spurs,2023,27,false,196,-238
San Antonio Spurs,2023,28,false,273,-345
San Antonio Spurs,2023,29,false,125,-147
San Antonio Spurs,2023,30,true,133,-156
San Antonio Spurs,2023,31,false,163,-192
San Antonio Spurs,2023,32,false,711,-1111
San Antonio Spurs,2023,33,false,443,-588
San Antonio Spurs,2023,34,false,423,-588
San Antonio Spurs,2023,35,false,396,-526
San Antonio Spurs,2023,36,true,-154,129
San Antonio Spurs,2023,37,true,-135,116
San Antonio Spurs,2023,38,false,208,-250
San Antonio Spurs,2023,39,false,280,-345
San Antonio Spurs,2023,40,false,742,-1250
San Antonio Spurs,2023,41,false,160,-189
San Antonio Spurs,2023,42,true,112,-130
San Antonio Spurs,2023,43,false,614,-909
San Antonio Spurs,2023,44,false,298,-370
San Antonio Spurs,2023,45,true,-196,163
San Antonio Spurs,2023,46,true,395,-526
San Antonio Spurs,2023,47,false,-159,137
San Antonio Spurs,2023,48,false,202,-244
San Antonio Spurs,2023,49,false,273,-333
San Antonio Spurs,2023,50,false,379,-500
San Antonio Spurs,2023,51,false,276,-345
San Antonio Spurs,2023,52,false,372,-500
San Antonio Spurs,2023,53,false,189,-233
San Antonio Spurs,2023,54,true,195,-238
San Antonio Spurs,2023,55,false,434,-625
San Antonio Spurs,2023,56,false,388,-526
San Antonio Spurs,2023,57,false,401,-526
San Antonio Spurs,2023,58,false,219,-270
San Antonio Spurs,2023,59,false,591,-909
San Antonio Spurs,2023,60,true,401,-526
San Antonio Spurs,2023,61,true,214,-263
San Antonio Spurs,2023,62,false,227,-278
San Antonio Spurs,2023,63,false,495,-714
San Antonio Spurs,2023,64,true,498,-667
San Antonio Spurs,2023,65,false,167,-196
San Antonio Spurs,2023,66,false,127,-149
San Antonio Spurs,2023,67,false,379,-526
San Antonio Spurs,2023,68,true,-127,108
San Antonio Spurs,2023,69,false,309,-385
San Antonio Spurs,2023,70,false,-263,208
San Antonio Spurs,2023,71,false,349,-455
San Antonio Spurs,2023,72,true,507,-714
San Antonio Spurs,2023,73,true,147,-175
San Antonio Spurs,2023,74,true,289,-357
San Antonio Spurs,2023,75,false,396,-526
San Antonio Spurs,2023,76,false,875,-1429
San Antonio Spurs,2023,77,true,473,-667
San Antonio Spurs,2023,78,false,145,-172
San Antonio Spurs,2023,79,true,-217,181
San Antonio Spurs,2023,80,false,976,-1667
San Antonio Spurs,2023,81,true,459,-625
San Antonio Spurs,2023,82,true,-196,164
San Antonio Spurs,2024,1,false,297,-385
San Antonio Spurs,2024,2,true,102,-125
San Antonio Spurs,2024,3,false,120,-143
San Antonio Spurs,2024,4,false,544,-833
San Antonio Spurs,2024,5,true,-137,116
San Antonio Spurs,2024,6,true,141,-169
San Antonio Spurs,2024,7,false,149,-179
San Antonio Spurs,2024,8,false,217,-278
San Antonio Spurs,2024,9,true,-175,146
San Antonio Spurs,2024,10,false,-263,209
San Antonio Spurs,2024,11,true,120,-143
San Antonio Spurs,2024,12,true,-476,345
San Antonio Spurs,2024,13,false,116,-137
San Antonio Spurs,2024,14,false,583,-909
San Antonio Spurs,2024,15,true,367,-476
San Antonio Spurs,2024,16,true,-149,125
San Antonio Spurs,2024,17,true,138,-164
San Antonio Spurs,2024,18,true,-128,108
San Antonio Spurs,2024,19,false,110,-132
San Antonio Spurs,2024,20,true,200,-244
San Antonio Spurs,2024,21,false,229,-286
San Antonio Spurs,2024,22,false,-132,110
San Antonio Spurs,2024,23,false,210,-256
San Antonio Spurs,2024,24,true,-278,225
San Antonio Spurs,2024,25,true,-169,141
San Antonio Spurs,2024,26,false,158,-189
San Antonio Spurs,2024,27,true,-114,-104
San Antonio Spurs,2024,28,true,-278,218
San Antonio Spurs,2024,29,false,170,-204
San Antonio Spurs,2024,30,false,281,-357
San Antonio Spurs,2024,31,true,-323,261
San Antonio Spurs,2024,32,false,192,-238
San Antonio Spurs,2024,33,true,-159,131
San Antonio Spurs,2024,34,true,191,-238
San Antonio Spurs,2024,35,false,125,-149
San Antonio Spurs,2024,36,false,-145,122
San Antonio Spurs,2024,37,false,159,-192
San Antonio Spurs,2024,38,true,154,-185
San Antonio Spurs,2024,39,false,119,-141
San Antonio Spurs,2024,40,false,-122,102
San Antonio Spurs,2024,41,false,131,-159
San Antonio Spurs,2024,42,true,121,-143
San Antonio Spurs,2024,43,false,117,-141
San Antonio Spurs,2024,44,false,141,-164
San Antonio Spurs,2024,45,true,117,-139
San Antonio Spurs,2024,46,false,112,-127
San Antonio Spurs,2024,47,false,135,-161
San Antonio Spurs,2024,48,true,-182,150
San Antonio Spurs,2024,49,false,-435,337
San Antonio Spurs,2024,50,false,121,-143
San Antonio Spurs,2024,51,true,-625,441
San Antonio Spurs,2024,52,false,254,-323
San Antonio Spurs,2024,53,true,121,-143
San Antonio Spurs,2024,54,false,156,-185
San Antonio Spurs,2024,55,false,112,-133
San Antonio Spurs,2024,56,false,117,-139
San Antonio Spurs,2024,57,false,252,-312
San Antonio Spurs,2024,58,true,179,-217
San Antonio Spurs,2024,59,false,569,-833
San Antonio Spurs,2024,60,true,-159,136
San Antonio Spurs,2024,61,false,208,-256
San Antonio Spurs,2024,62,false,409,-556
San Antonio Spurs,2024,63,false,-270,218
San Antonio Spurs,2024,64,true,-233,191
San Antonio Spurs,2024,65,false,-141,119
San Antonio Spurs,2024,66,true,-103,-115
San Antonio Spurs,2024,67,false,318,-417
San Antonio Spurs,2024,68,true,291,-385
San Antonio Spurs,2024,69,true,-227,186
San Antonio Spurs,2024,70,true,-111,-109
San Antonio Spurs,2024,71,false,307,-385
San Antonio Spurs,2024,72,false,615,-909
San Antonio Spurs,2024,73,false,521,-769
San Antonio Spurs,2024,74,false,449,-588
San Antonio Spurs,2024,75,false,175,-213
San Antonio Spurs,2024,76,true,114,-137
San Antonio Spurs,2024,77,false,517,-769
San Antonio Spurs,2024,78,false,134,-161
San Antonio Spurs,2024,79,false,553,-833
San Antonio Spurs,2024,80,true,952,-2000
San Antonio Spurs,2024,81,false,172,-204
San Antonio Spurs,2024,82,true,-182,150
San Antonio Spurs,2025,1,true,135,-159
San Antonio Spurs,2025,2,true,-169,145
San Antonio Spurs,2025,3,true,-500,400
San Antonio Spurs,2025,4,true,-179,150
San Antonio Spurs,2025,5,true,-238,195
San Antonio Spurs,2025,6,false,-222,179
San Antonio Spurs,2025,7,false,-115,-102
San Antonio Spurs,2025,8,true,145,-169
San Antonio Spurs,2025,9,true,-556,400
San Antonio Spurs,2025,10,true,-200,165
San Antonio Spurs,2025,11,false,-161,140
San Antonio Spurs,2025,12,false,-149,125
San Antonio Spurs,2025,13,true,-238,195
San Antonio Spurs,2025,14,true,-238,200
San Antonio Spurs,2025,15,true,-110,-102
San Antonio Spurs,2025,16,false,100,-120
San Antonio Spurs,2025,17,true,-105,-110
San Antonio Spurs,2025,18,true,240,-270
San Antonio Spurs,2025,19,false,160,-185
San Antonio Spurs,2025,20,true,-200,172
San Antonio Spurs,2025,21,true,275,-333
San Antonio Spurs,2025,22,false,179,-200
San Antonio Spurs,2025,23,true,-400,320
San Antonio Spurs,2025,24,true,-1250,810
San Antonio Spurs,2025,25,true,-159,145
San Antonio Spurs,2025,26,true,-1111,800
San Antonio Spurs,2025,27,true,200,-233
San Antonio Spurs,2025,28,true,315,-370
San Antonio Spurs,2025,29,false,-769,570
San Antonio Spurs,2025,30,false,-159,138
San Antonio Spurs,2025,31,true,-159,140
San Antonio Spurs,2025,32,true,-196,175
San Antonio Spurs,2025,33,false,-323,260
San Antonio Spurs,2025,34,false,-233,200
San Antonio Spurs,2025,35,true,-294,260
San Antonio Spurs,2025,36,true,-112,-102
San Antonio Spurs,2025,37,false,120,-133
San Antonio Spurs,2025,38,false,260,-294
San Antonio Spurs,2025,39,true,-238,220
San Antonio Spurs,2025,40,true,-189,165
San Antonio Spurs,2025,41,true,-1000,750
San Antonio Spurs,2025,42,false,145,-167
San Antonio Spurs,2025,43,true,-526,450
San Antonio Spurs,2025,44,false,-526,400
San Antonio Spurs,2025,45,true,120,-141
San Antonio Spurs,2025,46,false,-159,142
San Antonio Spurs,2025,47,true,-189,168
San Antonio Spurs,2025,48,true,-417,330
San Antonio Spurs,2025,49,true,-312,260
San Antonio Spurs,2025,50,true,-455,359
San Antonio Spurs,2025,51,true,-667,520
San Antonio Spurs,2025,52,true,-233,210
San Antonio Spurs,2025,53,true,-278,240
San Antonio Spurs,2025,54,true,-2000,1040
San Antonio Spurs,2025,55,true,104,-120
San Antonio Spurs,2025,56,true,-222,194
San Antonio Spurs,2025,57,true,-556,425
San Antonio Spurs,2025,58,false,-110,-104
San Antonio Spurs,2025,59,true,-303,260
San Antonio Spurs,2025,60,true,-149,129
San Antonio Spurs,2025,61,true,-263,225
San Antonio Spurs,2025,62,true,-227,198
San Antonio Spurs,2025,63,true,-154,140
San Antonio Spurs,2025,64,false,-156,140
San Antonio Spurs,2025,65,true,-238,200
San Antonio Spurs,2025,66,true,-312,260
San Antonio Spurs,2025,67,true,-833,600
San Antonio Spurs,2025,68,true,-417,350
San Antonio Spurs,2025,69,true,-1250,900
San Antonio Spurs,2025,70,true,-159,140
San Antonio Spurs,2025,71,true,-1667,1000
San Antonio Spurs,2025,72,true,-2000,1100
San Antonio Spurs,2025,73,true,-1667,1200
San Antonio Spurs,2025,74,true,-1111,700
San Antonio Spurs,2025,75,true,120,-141
San Antonio Spurs,2025,76,false,-127,110
San Antonio Spurs,2025,77,true,-357,300
San Antonio Spurs,2025,78,true,-154,145
San Antonio Spurs,2025,79,true,-2000,1200
San Antonio Spurs,2025,80,false,-370,350
Toronto Raptors,2016,1,true,-294,237
Toronto Raptors,2016,2,false,127,-154
Toronto Raptors,2016,3,true,-303,244
Toronto Raptors,2016,4,true,-112,-106
Toronto Raptors,2016,5,true,-323,259
Toronto Raptors,2016,6,false,-385,316
Toronto Raptors,2016,7,true,149,-175
Toronto Raptors,2016,8,true,-111,-108
Toronto Raptors,2016,9,true,-323,259
Toronto Raptors,2016,10,false,202,-250
Toronto Raptors,2016,11,false,202,-250
Toronto Raptors,2016,12,true,-169,145
Toronto Raptors,2016,13,false,-167,142
Toronto Raptors,2016,14,false,351,-455
Toronto Raptors,2016,15,true,152,-179
Toronto Raptors,2016,16,true,-167,141
Toronto Raptors,2016,17,true,-2500,1148
Toronto Raptors,2016,18,true,-1429,836
Toronto Raptors,2016,19,true,-526,403
Toronto Raptors,2016,20,true,-400,313
Toronto Raptors,2016,21,false,-125,104
Toronto Raptors,2016,22,true,-500,384
Toronto Raptors,2016,23,true,114,-133
Toronto Raptors,2016,24,true,-400,307
Toronto Raptors,2016,25,true,-385,301
Toronto Raptors,2016,26,false,-294,236
Toronto Raptors,2016,27,true,-238,198
Toronto Raptors,2016,28,true,-2500,1260
Toronto Raptors,2016,29,true,-109,-109
Toronto Raptors,2016,30,true,-385,307
Toronto Raptors,2016,31,false,393,-526
Toronto Raptors,2016,32,false,-435,340
Toronto Raptors,2016,33,true,-370,294
Toronto Raptors,2016,34,false,212,-256
Toronto Raptors,2016,35,true,-208,172
Toronto Raptors,2016,36,false,-118,-101
Toronto Raptors,2016,37,false,114,-135
Toronto Raptors,2016,38,true,-222,184
Toronto Raptors,2016,39,true,-2500,1244
Toronto Raptors,2016,40,true,-588,430
Toronto Raptors,2016,41,true,-476,376
Toronto Raptors,2016,42,false,-227,189
Toronto Raptors,2016,43,false,-101,-116
Toronto Raptors,2016,44,false,-909,636
Toronto Raptors,2016,45,false,-130,112
Toronto Raptors,2016,46,false,170,-204
Toronto Raptors,2016,47,true,-250,204
Toronto Raptors,2016,48,false,-667,488
Toronto Raptors,2016,49,true,-323,260
Toronto Raptors,2016,50,false,221,-270
Toronto Raptors,2016,51,false,-213,175
Toronto Raptors,2016,52,true,-278,234
Toronto Raptors,2016,53,true,-256,212
Toronto Raptors,2016,54,false,-159,136
Toronto Raptors,2016,55,false,-270,223
Toronto Raptors,2016,56,false,-182,154
Toronto Raptors,2016,57,true,-256,211
Toronto Raptors,2016,58,true,-125,106
Toronto Raptors,2016,59,true,-217,181
Toronto Raptors,2016,60,true,-161,137
Toronto Raptors,2016,61,false,-189,160
Toronto Raptors,2016,62,true,175,-213
Toronto Raptors,2016,63,false,-105,-114
Toronto Raptors,2016,64,true,129,-154
Toronto Raptors,2016,65,false,129,-154
Toronto Raptors,2016,66,false,200,-244
Toronto Raptors,2016,67,true,-200,166
Toronto Raptors,2016,68,false,-139,118
Toronto Raptors,2016,69,true,139,-164
Toronto Raptors,2016,70,true,-149,125
Toronto Raptors,2016,71,true,-323,258
Toronto Raptors,2016,72,true,150,-175
Toronto Raptors,2016,73,true,-109,-108
Toronto Raptors,2016,74,true,-357,281
Toronto Raptors,2016,75,false,-244,202
Toronto Raptors,2016,76,true,-238,196
Toronto Raptors,2016,77,true,-909,601
Toronto Raptors,2016,78,false,127,-149
Toronto Raptors,2016,79,true,-132,112
Toronto Raptors,2016,80,true,-189,161
Toronto Raptors,2016,81,true,-476,373
Toronto Raptors,2016,82,true,-156,131
Toronto Raptors,2017,1,true,-1250,739
Toronto Raptors,2017,2,true,-435,337
Toronto Raptors,2017,3,false,123,-145
Toronto Raptors,2017,4,false,660,-1000
Toronto Raptors,2017,5,true,-244,200
Toronto Raptors,2017,6,true,143,-169
Toronto Raptors,2017,7,false,108,-127
Toronto Raptors,2017,8,true,104,-123
Toronto Raptors,2017,9,false,-263,219
Toronto Raptors,2017,10,true,-714,504
Toronto Raptors,2017,11,true,-213,175
Toronto Raptors,2017,12,false,-161,136
Toronto Raptors,2017,13,true,213,-256
Toronto Raptors,2017,14,true,124,-145
Toronto Raptors,2017,15,true,-333,264
Toronto Raptors,2017,16,true,-263,221
Toronto Raptors,2017,17,false,-169,146
Toronto Raptors,2017,18,false,-132,112
Toronto Raptors,2017,19,true,-263,218
Toronto Raptors,2017,20,true,-312,258
Toronto Raptors,2017,21,true,-294,240
Toronto Raptors,2017,22,true,-1429,851
Toronto Raptors,2017,23,true,-222,186
Toronto Raptors,2017,24,true,-417,326
Toronto Raptors,2017,25,false,-222,184
Toronto Raptors,2017,26,true,-833,571
Toronto Raptors,2017,27,true,-1111,699
Toronto Raptors,2017,28,true,-833,597
Toronto Raptors,2017,29,true,-132,110
Toronto Raptors,2017,30,true,-167,142
Toronto Raptors,2017,31,true,-370,291
Toronto Raptors,2017,32,false,-244,202
Toronto Raptors,2017,33,false,140,-167
Toronto Raptors,2017,34,true,-667,487
Toronto Raptors,2017,35,true,-238,199
Toronto Raptors,2017,36,true,-189,162
Toronto Raptors,2017,37,true,-103,-115
Toronto Raptors,2017,38,true,-312,250
Toronto Raptors,2017,39,false,-179,152
Toronto Raptors,2017,40,true,120,-143
Toronto Raptors,2017,41,false,188,-227
Toronto Raptors,2017,42,false,-128,108
Toronto Raptors,2017,43,true,-400,309
Toronto Raptors,2017,44,true,-244,202
Toronto Raptors,2017,45,false,-116,-101
Toronto Raptors,2017,46,true,-270,224
Toronto Raptors,2017,47,false,-400,307
Toronto Raptors,2017,48,true,-625,454
Toronto Raptors,2017,49,true,-263,220
Toronto Raptors,2017,50,false,-175,148
Toronto Raptors,2017,51,true,-196,164
Toronto Raptors,2017,52,true,-769,524
Toronto Raptors,2017,53,true,-213,177
Toronto Raptors,2017,54,true,-1250,808
Toronto Raptors,2017,55,true,-161,136
Toronto Raptors,2017,56,true,-385,300
Toronto Raptors,2017,57,true,-294,238
Toronto Raptors,2017,58,false,-323,259
Toronto Raptors,2017,59,true,-625,476
Toronto Raptors,2017,60,true,-455,353
Toronto Raptors,2017,61,true,-167,141
Toronto Raptors,2017,62,true,-435,330
Toronto Raptors,2017,63,true,-1111,718
Toronto Raptors,2017,64,true,-222,184
Toronto Raptors,2017,65,true,127,-152
Toronto Raptors,2017,66,true,-556,411
Toronto Raptors,2017,67,true,-476,358
Toronto Raptors,2017,68,true,-179,150
Toronto Raptors,2017,69,true,-714,519
Toronto Raptors,2017,70,false,-256,216
Toronto Raptors,2017,71,true,-476,369
Toronto Raptors,2017,72,false,-123,104
Toronto Raptors,2017,73,true,-833,577
Toronto Raptors,2017,74,false,-417,326
Toronto Raptors,2017,75,true,-400,318
Toronto Raptors,2017,76,false,-196,165
Toronto Raptors,2017,77,false,104,-123
Toronto Raptors,2017,78,true,-323,265
Toronto Raptors,2017,79,true,-345,272
Toronto Raptors,2017,80,true,-714,530
Toronto Raptors,2017,81,true,-238,202
Toronto Raptors,2017,82,false,123,-145
Toronto Raptors,2018,1,true,-1250,777
Toronto Raptors,2018,2,true,-149,127
Toronto Raptors,2018,3,true,108,-128
Toronto Raptors,2018,4,true,-417,332
Toronto Raptors,2018,5,true,-400,316
Toronto Raptors,2018,6,true,-909,636
Toronto Raptors,2018,7,false,-135,114
Toronto Raptors,2018,8,true,-250,206
Toronto Raptors,2018,9,true,-667,476
Toronto Raptors,2018,10,true,106,-125
Toronto Raptors,2018,11,true,127,-152
Toronto Raptors,2018,12,true,-476,367
Toronto Raptors,2018,13,true,-1667,993
Toronto Raptors,2018,14,false,-556,423
Toronto Raptors,2018,15,false,-526,408
Toronto Raptors,2018,16,false,108,-128
Toronto Raptors,2018,17,true,-526,395
Toronto Raptors,2018,18,true,-294,239
Toronto Raptors,2018,19,true,-345,277
Toronto Raptors,2018,20,true,-588,430
Toronto Raptors,2018,21,true,-909,635
Toronto Raptors,2018,22,true,-227,187
Toronto Raptors,2018,23,true,-455,346
Toronto Raptors,2018,24,true,-909,611
Toronto Raptors,2018,25,false,-294,239
Toronto Raptors,2018,26,true,-278,227
Toronto Raptors,2018,27,false,-435,334
Toronto Raptors,2018,28,false,-192,163
Toronto Raptors,2018,29,true,-156,131
Toronto Raptors,2018,30,true,270,-333
Toronto Raptors,2018,31,false,-123,104
Toronto Raptors,2018,32,false,125,-147
Toronto Raptors,2018,33,true,-189,158
Toronto Raptors,2018,34,true,-769,557
Toronto Raptors,2018,35,false,257,-312
Toronto Raptors,2018,36,true,-141,120
Toronto Raptors,2018,37,false,-204,170
Toronto Raptors,2018,38,true,-667,480
Toronto Raptors,2018,39,true,-119,100
Toronto Raptors,2018,40,false,137,-161
Toronto Raptors,2018,41,true,194,-238
Toronto Raptors,2018,42,true,-122,102
Toronto Raptors,2018,43,true,-1250,771
Toronto Raptors,2018,44,true,-588,426
Toronto Raptors,2018,45,true,-208,174
Toronto Raptors,2018,46,false,125,-147
Toronto Raptors,2018,47,true,-455,351
Toronto Raptors,2018,48,true,-667,479
Toronto Raptors,2018,49,true,-667,486
Toronto Raptors,2018,50,false,204,-250
Toronto Raptors,2018,51,false,-161,136
Toronto Raptors,2018,52,true,-192,161
Toronto Raptors,2018,53,false,-141,120
Toronto Raptors,2018,54,true,-476,365
Toronto Raptors,2018,55,true,114,-135
Toronto Raptors,2018,56,true,-286,231
Toronto Raptors,2018,57,true,-1250,813
Toronto Raptors,2018,58,true,-588,434
Toronto Raptors,2018,59,true,-500,372
Toronto Raptors,2018,60,true,-370,291
Toronto Raptors,2018,61,false,-312,248
Toronto Raptors,2018,62,true,-161,136
Toronto Raptors,2018,63,true,-200,169
Toronto Raptors,2018,64,false,-128,108
Toronto Raptors,2018,65,false,-159,134
Toronto Raptors,2018,66,true,-400,308
Toronto Raptors,2018,67,true,106,-127
Toronto Raptors,2018,68,false,-435,337
Toronto Raptors,2018,69,true,-303,247
Toronto Raptors,2018,70,false,102,-122
Toronto Raptors,2018,71,true,-1000,633
Toronto Raptors,2018,72,true,168,-200
Toronto Raptors,2018,73,false,-130,110
Toronto Raptors,2018,74,false,-769,542
Toronto Raptors,2018,75,true,-1667,950
Toronto Raptors,2018,76,true,-625,451
Toronto Raptors,2018,77,true,-625,469
Toronto Raptors,2018,78,true,-278,227
Toronto Raptors,2018,79,true,-133,112
Toronto Raptors,2018,80,false,-250,204
Toronto Raptors,2018,81,true,-238,200
Toronto Raptors,2018,82,true,-345,277
Toronto Raptors,2019,1,true,-278,225
Toronto Raptors,2019,2,false,120,-141
Toronto Raptors,2019,3,true,-141,114
Toronto Raptors,2019,4,true,-196,166
Toronto Raptors,2019,5,true,-455,357
Toronto Raptors,2019,6,false,212,-256
Toronto Raptors,2019,7,true,-357,287
Toronto Raptors,2019,8,true,-133,114
Toronto Raptors,2019,9,true,421,-556
Toronto Raptors,2019,10,false,355,-455
Toronto Raptors,2019,11,true,124,-145
Toronto Raptors,2019,12,false,156,-185
Toronto Raptors,2019,13,true,-385,303
Toronto Raptors,2019,14,true,-152,129
Toronto Raptors,2019,15,true,-312,246
Toronto Raptors,2019,16,true,108,-128
Toronto Raptors,2019,17,true,-526,391
Toronto Raptors,2019,18,true,-156,131
Toronto Raptors,2019,19,true,-128,108
Toronto Raptors,2019,20,false,-217,181
Toronto Raptors,2019,21,false,-127,106
Toronto Raptors,2019,22,false,125,-149
Toronto Raptors,2019,23,true,-250,209
Toronto Raptors,2019,24,false,127,-152
Toronto Raptors,2019,25,true,-323,256
Toronto Raptors,2019,26,true,-909,611
Toronto Raptors,2019,27,true,-139,116
Toronto Raptors,2019,28,true,-278,225
Toronto Raptors,2019,29,true,-120,100
Toronto Raptors,2019,30,false,187,-227
Toronto Raptors,2019,31,false,150,-175
Toronto Raptors,2019,32,true,243,-303
Toronto Raptors,2019,33,false,-200,169
Toronto Raptors,2019,34,true,-385,311
Toronto Raptors,2019,35,false,175,-213
Toronto Raptors,2019,36,true,104,-125
Toronto Raptors,2019,37,false,-139,117
Toronto Raptors,2019,38,true,-141,119
Toronto Raptors,2019,39,false,-200,168
Toronto Raptors,2019,40,true,-104,-114
Toronto Raptors,2019,41,true,-625,447
Toronto Raptors,2019,42,true,-179,152
Toronto Raptors,2019,43,true,-435,333
Toronto Raptors,2019,44,true,-263,216
Toronto Raptors,2019,45,true,-417,326
Toronto Raptors,2019,46,true,-159,134
Toronto Raptors,2019,47,true,-1000,665
Toronto Raptors,2019,48,true,-556,409
Toronto Raptors,2019,49,true,-175,149
Toronto Raptors,2019,50,true,-526,401
Toronto Raptors,2019,51,true,-238,196
Toronto Raptors,2019,52,true,-104,-114
Toronto Raptors,2019,53,true,-263,213
Toronto Raptors,2019,54,true,-385,308
Toronto Raptors,2019,55,false,-169,144
Toronto Raptors,2019,56,true,-357,284
Toronto Raptors,2019,57,true,-204,170
Toronto Raptors,2019,58,false,-110,-108
Toronto Raptors,2019,59,false,-1250,748
Toronto Raptors,2019,60,false,125,-145
Toronto Raptors,2019,61,true,-164,139
Toronto Raptors,2019,62,true,-417,336
Toronto Raptors,2019,63,true,-200,169
Toronto Raptors,2019,64,true,191,-227
Toronto Raptors,2019,65,true,122,-139
Toronto Raptors,2019,66,true,-145,127
Toronto Raptors,2019,67,true,-312,263
Toronto Raptors,2019,68,false,-120,104
Toronto Raptors,2019,69,true,-294,248
Toronto Raptors,2019,70,true,183,-213
Toronto Raptors,2019,71,true,-238,200
Toronto Raptors,2019,72,true,116,-132
Toronto Raptors,2020,1,false,-167,142
Toronto Raptors,2020,2,false,-137,117
Toronto Raptors,2020,3,false,100,-119
Toronto Raptors,2020,4,true,-370,293
Toronto Raptors,2020,5,false,-114,-104
Toronto Raptors,2020,6,false,-238,197
Toronto Raptors,2020,7,false,127,-152
Toronto Raptors,2020,8,true,-112,-106
Toronto Raptors,2020,9,false,-139,119
Toronto Raptors,2020,10,false,161,-189
Toronto Raptors,2020,11,true,-455,355
Toronto Raptors,2020,12,true,-263,221
Toronto Raptors,2020,13,true,-161,140
Toronto Raptors,2020,14,false,-182,156
Toronto Raptors,2020,15,true,-135,114
Toronto Raptors,2020,16,true,156,-179
Toronto Raptors,2020,17,false,114,-133
Toronto Raptors,2020,18,false,215,-256
Toronto Raptors,2020,19,false,-179,154
Toronto Raptors,2020,20,true,-222,189
Toronto Raptors,2020,21,true,-250,210
Toronto Raptors,2020,22,true,188,-222
Toronto Raptors,2020,23,false,-114,-103
Toronto Raptors,2020,24,true,-145,123
Toronto Raptors,2020,25,true,-213,177
Toronto Raptors,2020,26,false,118,-137
Toronto Raptors,2020,27,false,-345,277
Toronto Raptors,2020,28,true,200,-238
Toronto Raptors,2020,29,true,247,-303
Toronto Raptors,2020,30,true,-147,125
Toronto Raptors,2020,31,true,131,-154
Toronto Raptors,2020,32,false,118,-137
Toronto Raptors,2020,33,false,110,-127
Toronto Raptors,2020,34,true,-270,224
Toronto Raptors,2020,35,false,-312,254
Toronto Raptors,2020,36,false,286,-345
Toronto Raptors,2020,37,false,133,-156
Toronto Raptors,2020,38,false,118,-137
Toronto Raptors,2020,39,false,137,-161
Toronto Raptors,2020,40,false,-244,204
Toronto Raptors,2020,41,false,163,-189
Toronto Raptors,2020,42,false,-303,245
Toronto Raptors,2020,43,false,-385,303
Toronto Raptors,2020,44,true,104,-123
Toronto Raptors,2020,45,false,138,-159
Toronto Raptors,2020,46,false,117,-137
Toronto Raptors,2020,47,false,-213,177
Toronto Raptors,2020,48,false,-312,254
Toronto Raptors,2020,49,true,-200,173
Toronto Raptors,2020,50,true,-217,184
Toronto Raptors,2020,51,false,100,-118
Toronto Raptors,2020,52,false,148,-169
Toronto Raptors,2020,53,true,127,-149
Toronto Raptors,2020,54,false,137,-159
Toronto Raptors,2020,55,false,-119,102
Toronto Raptors,2020,56,true,185,-222
Toronto Raptors,2020,57,true,-154,131
Toronto Raptors,2020,58,true,-217,183
Toronto Raptors,2020,59,true,-179,154
Toronto Raptors,2020,60,false,-111,-105
Toronto Raptors,2020,61,true,-714,525
Toronto Raptors,2020,62,false,167,-200
Toronto Raptors,2020,63,false,162,-189
Toronto Raptors,2020,64,false,227,-270
Toronto Raptors,2020,65,true,376,-476
Toronto Raptors,2020,66,false,500,-667
Toronto Raptors,2020,67,false,110,-128
Toronto Raptors,2020,68,false,211,-250
Toronto Raptors,2020,69,false,703,-1000
Toronto Raptors,2020,70,false,401,-526
Toronto Raptors,2020,71,false,911,-1429
Toronto Raptors,2020,72,false,197,-238
Toronto Raptors,2021,1,false,-141,122
Toronto Raptors,2021,2,true,233,-278
Toronto Raptors,2021,3,false,158,-182
Toronto Raptors,2021,4,false,112,-132
Toronto Raptors,2021,5,true,-115,-101
Toronto Raptors,2021,6,true,-435,346
Toronto Raptors,2021,7,true,127,-147
Toronto Raptors,2021,8,true,240,-286
Toronto Raptors,2021,9,true,140,-164
Toronto Raptors,2021,10,false,-227,194
Toronto Raptors,2021,11,false,136,-156
Toronto Raptors,2021,12,false,129,-152
Toronto Raptors,2021,13,true,147,-169
Toronto Raptors,2021,14,false,-370,300
Toronto Raptors,2021,15,false,133,-156
Toronto Raptors,2021,16,false,408,-526
Toronto Raptors,2021,17,true,135,-156
Toronto Raptors,2021,18,false,316,-400
Toronto Raptors,2021,19,true,137,-161
Toronto Raptors,2021,20,false,170,-200
Toronto Raptors,2021,21,false,106,-122
Toronto Raptors,2021,22,false,-145,125
Toronto Raptors,2021,23,true,141,-149
Toronto Raptors,2021,24,true,-116,100
Toronto Raptors,2021,25,false,-333,273
Toronto Raptors,2021,26,true,-123,106
Toronto Raptors,2021,27,true,-185,160
Toronto Raptors,2021,28,false,140,-164
Toronto Raptors,2021,29,true,-345,280
Toronto Raptors,2021,30,false,315,-385
Toronto Raptors,2021,31,false,202,-238
Toronto Raptors,2021,32,true,-263,219
Toronto Raptors,2021,33,true,-370,297
Toronto Raptors,2021,34,true,-270,227
Toronto Raptors,2021,35,true,114,-133
Toronto Raptors,2021,36,true,-1000,665
Toronto Raptors,2021,37,true,-294,244
Toronto Raptors,2021,38,false,159,-185
Toronto Raptors,2021,39,false,-400,324
Toronto Raptors,2021,40,true,252,-303
Toronto Raptors,2021,41,false,150,-175
Toronto Raptors,2021,42,false,156,-185
Toronto Raptors,2021,43,true,-135,116
Toronto Raptors,2021,44,false,-323,266
Toronto Raptors,2021,45,true,100,-118
Toronto Raptors,2021,46,false,156,-182
Toronto Raptors,2021,47,true,119,-139
Toronto Raptors,2021,48,true,-130,112
Toronto Raptors,2021,49,true,-125,108
Toronto Raptors,2021,50,true,-189,163
Toronto Raptors,2021,51,true,-133,114
Toronto Raptors,2021,52,true,-114,-103
Toronto Raptors,2021,53,true,-526,421
Toronto Raptors,2021,54,true,-294,247
Toronto Raptors,2021,55,false,-208,175
Toronto Raptors,2021,56,false,-161,139
Toronto Raptors,2021,57,true,-106,-109
Toronto Raptors,2021,58,false,-127,110
Toronto Raptors,2021,59,false,150,-175
Toronto Raptors,2021,60,true,-152,131
Toronto Raptors,2021,61,true,-323,269
Toronto Raptors,2021,62,false,-357,288
Toronto Raptors,2021,63,false,-312,261
Toronto Raptors,2021,64,false,163,-189
Toronto Raptors,2021,65,true,-115,-102
Toronto Raptors,2021,66,true,168,-200
Toronto Raptors,2021,67,true,233,-278
Toronto Raptors,2021,68,true,-189,161
Toronto Raptors,2021,69,true,-135,117
Toronto Raptors,2021,70,false,-357,293
Toronto Raptors,2021,71,true,266,-323
Toronto Raptors,2021,72,false,143,-167
Toronto Raptors,2021,73,true,-208,179
Toronto Raptors,2021,74,true,-714,527
Toronto Raptors,2021,75,true,-370,294
Toronto Raptors,2021,76,true,-141,121
Toronto Raptors,2021,77,true,-667,494
Toronto Raptors,2021,78,false,-192,166
Toronto Raptors,2021,79,true,-179,154
Toronto Raptors,2021,80,true,133,-154
Toronto Raptors,2021,81,true,-769,554
Toronto Raptors,2021,82,false,-112,-104
Toronto Raptors,2022,1,true,-139,118
Toronto Raptors,2022,2,false,122,-147
Toronto Raptors,2022,3,false,134,-159
Toronto Raptors,2022,4,true,141,-167
Toronto Raptors,2022,5,true,-106,-111
Toronto Raptors,2022,6,false,-154,131
Toronto Raptors,2022,7,true,-130,110
Toronto Raptors,2022,8,true,-263,212
Toronto Raptors,2022,9,false,150,-179
Toronto Raptors,2022,10,true,-175,146
Toronto Raptors,2022,11,false,110,-132
Toronto Raptors,2022,12,true,-476,359
Toronto Raptors,2022,13,false,-208,171
Toronto Raptors,2022,14,false,119,-141
Toronto Raptors,2022,15,true,-189,156
Toronto Raptors,2022,16,true,-152,127
Toronto Raptors,2022,17,false,172,-213
Toronto Raptors,2022,18,false,119,-141
Toronto Raptors,2022,19,true,121,-145
Toronto Raptors,2022,20,true,-200,164
Toronto Raptors,2022,21,false,-139,117
Toronto Raptors,2022,22,false,106,-125
Toronto Raptors,2022,23,true,-625,450
Toronto Raptors,2022,24,false,-122,104
Toronto Raptors,2022,25,true,-833,562
Toronto Raptors,2022,26,false,-357,282
Toronto Raptors,2022,27,false,-256,209
Toronto Raptors,2022,28,false,-192,160
Toronto Raptors,2022,29,false,-102,-118
Toronto Raptors,2022,30,false,-238,193
Toronto Raptors,2022,31,false,216,-263
Toronto Raptors,2022,32,true,110,-132
Toronto Raptors,2022,33,true,162,-192
Toronto Raptors,2022,34,false,-161,138
Toronto Raptors,2022,35,false,148,-175
Toronto Raptors,2022,36,true,-132,110
Toronto Raptors,2022,37,false,-128,108
Toronto Raptors,2022,38,false,-213,174
Toronto Raptors,2022,39,false,-172,144
Toronto Raptors,2022,40,true,-152,127
Toronto Raptors,2022,41,true,-303,241
Toronto Raptors,2022,42,true,-303,241
Toronto Raptors,2022,43,false,-294,238
Toronto Raptors,2022,44,true,106,-127
Toronto Raptors,2022,45,false,102,-122
Toronto Raptors,2022,46,false,-182,152
Toronto Raptors,2022,47,false,129,-154
Toronto Raptors,2022,48,true,-135,114
Toronto Raptors,2022,49,true,127,-152
Toronto Raptors,2022,50,false,146,-175
Toronto Raptors,2022,51,true,124,-147
Toronto Raptors,2022,52,false,104,-125
Toronto Raptors,2022,53,false,114,-139
Toronto Raptors,2022,54,true,-294,235
Toronto Raptors,2022,55,true,108,-125
Toronto Raptors,2022,56,true,-526,392
Toronto Raptors,2022,57,false,-357,286
Toronto Raptors,2022,58,true,-625,451
Toronto Raptors,2022,59,true,-303,244
Toronto Raptors,2022,60,true,-185,158
Toronto Raptors,2022,61,true,-312,250
Toronto Raptors,2022,62,false,242,-303
Toronto Raptors,2022,63,true,-185,159
Toronto Raptors,2022,64,false,-127,106
Toronto Raptors,2022,65,true,-137,114
Toronto Raptors,2022,66,false,197,-244
Toronto Raptors,2022,67,false,119,-143
Toronto Raptors,2022,68,false,-143,121
Toronto Raptors,2022,69,true,102,-122
Toronto Raptors,2022,70,true,-256,206
Toronto Raptors,2022,71,true,-435,326
Toronto Raptors,2022,72,false,236,-294
Toronto Raptors,2022,73,false,-417,320
Toronto Raptors,2022,74,true,-909,599
Toronto Raptors,2022,75,true,-476,351
Toronto Raptors,2022,76,true,-227,188
Toronto Raptors,2022,77,false,149,-175
Toronto Raptors,2022,78,true,-1429,780
Toronto Raptors,2022,79,true,-1429,861
Toronto Raptors,2022,80,false,-108,-108
Toronto Raptors,2022,81,false,-130,110
Toronto Raptors,2022,82,true,-161,140
Toronto Raptors,2023,1,true,-114,-104
Toronto Raptors,2023,2,false,114,-133
Toronto Raptors,2023,3,false,160,-189
Toronto Raptors,2023,4,false,-476,358
Toronto Raptors,2023,5,true,152,-179
Toronto Raptors,2023,6,false,241,-303
Toronto Raptors,2023,7,true,-164,143
Toronto Raptors,2023,8,true,147,-172
Toronto Raptors,2023,9,false,304,-385
Toronto Raptors,2023,10,true,-357,281
Toronto Raptors,2023,11,false,-103,-114
Toronto Raptors,2023,12,false,297,-370
Toronto Raptors,2023,13,true,-435,325
Toronto Raptors,2023,14,false,104,-123
Toronto Raptors,2023,15,true,121,-141
Toronto Raptors,2023,16,true,-196,170
Toronto Raptors,2023,17,false,129,-149
Toronto Raptors,2023,18,false,104,-123
Toronto Raptors,2023,19,true,133,-154
Toronto Raptors,2023,20,false,-125,106
Toronto Raptors,2023,21,false,-172,145
Toronto Raptors,2023,22,false,-204,173
Toronto Raptors,2023,23,false,144,-169
Toronto Raptors,2023,24,true,-133,114
Toronto Raptors,2023,25,false,-123,106
Toronto Raptors,2023,26,true,-769,551
Toronto Raptors,2023,27,false,141,-167
Toronto Raptors,2023,28,false,254,-312
Toronto Raptors,2023,29,false,-217,179
Toronto Raptors,2023,30,true,-263,216
Toronto Raptors,2023,31,false,163,-192
Toronto Raptors,2023,32,false,-169,143
Toronto Raptors,2023,33,true,-141,121
Toronto Raptors,2023,34,true,-102,-114
Toronto Raptors,2023,35,false,156,-182
Toronto Raptors,2023,36,true,110,-132
Toronto Raptors,2023,37,false,161,-192
Toronto Raptors,2023,38,false,455,-625
Toronto Raptors,2023,39,false,104,-122
Toronto Raptors,2023,40,false,216,-263
Toronto Raptors,2023,41,true,127,-152
Toronto Raptors,2023,42,false,108,-127
Toronto Raptors,2023,43,false,236,-294
Toronto Raptors,2023,44,false,-263,216
Toronto Raptors,2023,45,false,262,-323
Toronto Raptors,2023,46,false,192,-233
Toronto Raptors,2023,47,true,229,-286
Toronto Raptors,2023,48,false,150,-179
Toronto Raptors,2023,49,false,285,-357
Toronto Raptors,2023,50,false,393,-526
Toronto Raptors,2023,51,true,-270,224
Toronto Raptors,2023,52,true,-143,122
Toronto Raptors,2023,53,false,295,-370
Toronto Raptors,2023,54,false,-238,195
Toronto Raptors,2023,55,false,122,-143
Toronto Raptors,2023,56,true,-116,-101
Toronto Raptors,2023,57,true,238,-294
Toronto Raptors,2023,58,true,188,-233
Toronto Raptors,2023,59,false,140,-164
Toronto Raptors,2023,60,false,124,-145
Toronto Raptors,2023,61,true,-303,241
Toronto Raptors,2023,62,false,348,-455
Toronto Raptors,2023,63,false,407,-556
Toronto Raptors,2023,64,false,-137,119
Toronto Raptors,2023,65,false,1003,-2000
Toronto Raptors,2023,66,false,136,-159
Toronto Raptors,2023,67,false,252,-312
Toronto Raptors,2023,68,false,457,-667
Toronto Raptors,2023,69,false,449,-625
Toronto Raptors,2023,70,false,894,-1667
Toronto Raptors,2023,71,false,184,-233
Toronto Raptors,2023,72,false,206,-256
Toronto Raptors,2023,73,false,644,-1000
Toronto Raptors,2023,74,false,323,-417
Toronto Raptors,2023,75,false,641,-1000
Toronto Raptors,2023,76,false,1168,-2500
Toronto Raptors,2023,77,true,685,-1111
Toronto Raptors,2023,78,true,-192,160
Toronto Raptors,2023,79,false,635,-909
Toronto Raptors,2023,80,false,470,-714
Toronto Raptors,2023,81,false,649,-1000
Toronto Raptors,2023,82,false,963,-1667
Toronto Raptors,2024,1,false,204,-250
Toronto Raptors,2024,2,true,179,-217
Toronto Raptors,2024,3,false,700,-1667
Toronto Raptors,2024,4,false,286,-370
Toronto Raptors,2024,5,false,204,-250
Toronto Raptors,2024,6,false,311,-417
Toronto Raptors,2024,7,true,313,-400
Toronto Raptors,2024,8,false,403,-556
Toronto Raptors,2024,9,false,469,-667
Toronto Raptors,2024,10,false,202,-250
Toronto Raptors,2024,11,false,401,-556
Toronto Raptors,2024,12,false,303,-400
Toronto Raptors,2024,13,false,118,-141
Toronto Raptors,2024,14,false,894,-1667
Toronto Raptors,2024,15,true,133,-159
Toronto Raptors,2024,16,true,225,-278
Toronto Raptors,2024,17,false,482,-667
Toronto Raptors,2024,18,false,141,-167
Toronto Raptors,2024,19,true,-103,-115
Toronto Raptors,2024,20,false,267,-345
Toronto Raptors,2024,21,true,164,-196
Toronto Raptors,2024,22,true,129,-154
Toronto Raptors,2024,23,false,393,-526
Toronto Raptors,2024,24,false,270,-345
Toronto Raptors,2024,25,false,254,-323
Toronto Raptors,2024,26,false,373,-500
Toronto Raptors,2024,27,false,-101,-118
Toronto Raptors,2024,28,false,-135,114
Toronto Raptors,2024,29,false,303,-385
Toronto Raptors,2024,30,false,615,-909
Toronto Raptors,2024,31,false,428,-588
Toronto Raptors,2024,32,false,-111,-109
Toronto Raptors,2024,33,false,911,-1667
Toronto Raptors,2024,34,true,-120,100
Toronto Raptors,2024,35,false,108,-130
Toronto Raptors,2024,36,false,196,-238
Toronto Raptors,2024,37,false,522,-769
Toronto Raptors,2024,38,false,644,-1000
Toronto Raptors,2024,39,false,173,-208
Toronto Raptors,2024,40,true,177,-217
Toronto Raptors,2024,41,true,670,-1111
Toronto Raptors,2024,42,false,434,-588
Toronto Raptors,2024,43,true,-104,-114
Toronto Raptors,2024,44,true,174,-208
Toronto Raptors,2024,45,true,185,-222
Toronto Raptors,2024,46,true,-109,-111
Toronto Raptors,2024,47,true,-227,187
Toronto Raptors,2024,48,false,-175,147
Toronto Raptors,2024,49,true,177,-217
Toronto Raptors,2024,50,false,181,-227
Toronto Raptors,2024,51,false,368,-500
Toronto Raptors,2024,52,false,1057,-2000
Toronto Raptors,2024,53,false,269,-345
Toronto Raptors,2024,54,true,396,-556
Toronto Raptors,2024,55,false,553,-833
Toronto Raptors,2024,56,false,137,-161
Toronto Raptors,2024,57,true,124,-147
Toronto Raptors,2024,58,false,425,-588
Toronto Raptors,2024,59,false,459,-625
Toronto Raptors,2024,60,false,-102,-116
Toronto Raptors,2024,61,true,220,-270
Toronto Raptors,2024,62,true,202,-244
Toronto Raptors,2024,63,true,-222,181
Toronto Raptors,2024,64,false,-182,152
Toronto Raptors,2024,65,true,-263,220
Toronto Raptors,2024,66,true,-141,121
Toronto Raptors,2024,67,true,106,-125
Toronto Raptors,2024,68,false,234,-286
Toronto Raptors,2024,69,false,313,-400
Toronto Raptors,2024,70,false,692,-1111
Toronto Raptors,2024,71,false,-109,-111
Toronto Raptors,2024,72,true,110,-133
Toronto Raptors,2024,73,true,117,-139
Toronto Raptors,2024,74,true,-233,190
Toronto Raptors,2024,75,true,-244,199
Toronto Raptors,2024,76,false,145,-172
Toronto Raptors,2024,77,false,160,-200
Toronto Raptors,2024,78,false,359,-476
Toronto Raptors,2024,79,true,-137,114
Toronto Raptors,2024,80,true,-588,409
Toronto Raptors,2024,81,false,420,-588
Toronto Raptors,2024,82,false,150,-182
Toronto Raptors,2025,1,true,185,-222
Toronto Raptors,2025,2,false,-128,110
Toronto Raptors,2025,3,false,-115,-102
Toronto Raptors,2025,4,false,150,-179
Toronto Raptors,2025,5,false,185,-227
Toronto Raptors,2025,6,true,160,-189
Toronto Raptors,2025,7,true,-182,154
Toronto Raptors,2025,8,true,-130,110
Toronto Raptors,2025,9,true,114,-133
Toronto Raptors,2025,10,false,165,-200
Toronto Raptors,2025,11,true,-455,350
Toronto Raptors,2025,12,true,240,-294
Toronto Raptors,2025,13,true,-250,204
Toronto Raptors,2025,14,true,-357,280
Toronto Raptors,2025,15,true,-141,120
Toronto Raptors,2025,16,true,-909,675
Toronto Raptors,2025,17,true,-588,450
Toronto Raptors,2025,18,true,-120,100
Toronto Raptors,2025,19,true,-455,350
Toronto Raptors,2025,20,false,-294,235
Toronto Raptors,2025,21,false,275,-323
Toronto Raptors,2025,22,true,-200,179
Toronto Raptors,2025,23,false,-139,120
Toronto Raptors,2025,24,false,-278,225
Toronto Raptors,2025,25,false,129,-154
Toronto Raptors,2025,26,true,162,-185
Toronto Raptors,2025,27,true,-179,158
Toronto Raptors,2025,28,false,-120,108
Toronto Raptors,2025,29,false,-154,135
Toronto Raptors,2025,30,true,188,-208
Toronto Raptors,2025,31,false,-333,270
Toronto Raptors,2025,32,true,154,-179
Toronto Raptors,2025,33,true,100,-118
Toronto Raptors,2025,34,false,-250,210
Toronto Raptors,2025,35,true,-200,172
Toronto Raptors,2025,36,true,-141,120
Toronto Raptors,2025,37,true,-141,124
Toronto Raptors,2025,38,false,290,-357
Toronto Raptors,2025,39,true,110,-116
Toronto Raptors,2025,40,false,135,-154
Toronto Raptors,2025,41,true,100,-115
Toronto Raptors,2025,42,false,-135,120
Toronto Raptors,2025,43,false,122,-135
Toronto Raptors,2025,44,true,150,-167
Toronto Raptors,2025,45,true,-189,170
Toronto Raptors,2025,46,true,-156,140
Toronto Raptors,2025,47,true,400,-500
Toronto Raptors,2025,48,false,-125,108
Toronto Raptors,2025,49,false,120,-133
Toronto Raptors,2025,50,true,-370,300
Toronto Raptors,2025,51,false,120,-141
Toronto Raptors,2025,52,true,-303,245
Toronto Raptors,2025,53,true,-333,280
Toronto Raptors,2025,54,false,-112,-104
Toronto Raptors,2025,55,true,-227,194
Toronto Raptors,2025,56,true,-164,152
Toronto Raptors,2025,57,false,-105,100
Toronto Raptors,2025,58,false,194,-222
Toronto Raptors,2025,59,true,-833,610
Toronto Raptors,2025,60,false,125,-143
Toronto Raptors,2025,61,false,179,-208
Toronto Raptors,2025,62,true,-385,320
Toronto Raptors,2025,63,false,166,-189
Toronto Raptors,2025,64,false,-141,120
Toronto Raptors,2025,65,true,-208,175
Toronto Raptors,2025,66,true,129,-149
Toronto Raptors,2025,67,true,-303,250
Toronto Raptors,2025,68,false,220,-270
Toronto Raptors,2025,69,false,-172,154
Toronto Raptors,2025,70,true,-500,390
Toronto Raptors,2025,71,false,150,-175
Toronto Raptors,2025,72,true,-333,275
Toronto Raptors,2025,73,true,-112,100
Toronto Raptors,2025,74,false,135,-154
Toronto Raptors,2025,75,false,-714,530
Toronto Raptors,2025,76,true,-1000,730
Toronto Raptors,2025,77,false,340,-400
Toronto Raptors,2025,78,true,-135,120
Toronto Raptors,2025,79,true,-169,150
Toronto Raptors,2025,80,false,220,-250
Toronto Raptors,2025,81,true,-10000,3000
Utah Jazz,2016,1,false,208,-256
Utah Jazz,2016,2,true,-476,359
Utah Jazz,2016,3,false,260,-323
Utah Jazz,2016,4,true,430,-588
Utah Jazz,2016,5,true,-161,137
Utah Jazz,2016,6,false,147,-172
Utah Jazz,2016,7,true,-141,118
Utah Jazz,2016,8,true,-233,191
Utah Jazz,2016,9,false,127,-149
Utah Jazz,2016,10,true,-217,183
Utah Jazz,2016,11,true,-122,102
Utah Jazz,2016,12,false,-256,213
Utah Jazz,2016,13,false,-147,124
Utah Jazz,2016,14,false,243,-303
Utah Jazz,2016,15,false,143,-167
Utah Jazz,2016,16,true,-357,276
Utah Jazz,2016,17,true,-161,138
Utah Jazz,2016,18,true,-149,127
Utah Jazz,2016,19,true,-101,-118
Utah Jazz,2016,20,false,-323,259
Utah Jazz,2016,21,true,-312,248
Utah Jazz,2016,22,true,-185,159
Utah Jazz,2016,23,true,-303,243
Utah Jazz,2016,24,false,559,-833
Utah Jazz,2016,25,true,-238,200
Utah Jazz,2016,26,true,-333,264
Utah Jazz,2016,27,true,-714,513
Utah Jazz,2016,28,true,-122,102
Utah Jazz,2016,29,false,663,-1000
Utah Jazz,2016,30,false,-357,282
Utah Jazz,2016,31,false,-109,-109
Utah Jazz,2016,32,true,-217,177
Utah Jazz,2016,33,true,-1667,999
Utah Jazz,2016,34,true,-833,563
Utah Jazz,2016,35,true,-294,240
Utah Jazz,2016,36,false,187,-227
Utah Jazz,2016,37,false,172,-208
Utah Jazz,2016,38,true,-196,165
Utah Jazz,2016,39,false,120,-141
Utah Jazz,2016,40,true,106,-125
Utah Jazz,2016,41,true,-667,491
Utah Jazz,2016,42,true,-833,601
Utah Jazz,2016,43,true,-250,211
Utah Jazz,2016,44,true,-227,187
Utah Jazz,2016,45,true,-294,239
Utah Jazz,2016,46,false,-196,166
Utah Jazz,2016,47,false,110,-132
Utah Jazz,2016,48,true,-1250,783
Utah Jazz,2016,49,false,-357,283
Utah Jazz,2016,50,true,-345,280
Utah Jazz,2016,51,true,-333,272
Utah Jazz,2016,52,true,-104,-114
Utah Jazz,2016,53,true,-169,143
Utah Jazz,2016,54,false,-132,112
Utah Jazz,2016,55,false,-263,219
Utah Jazz,2016,56,false,-400,312
Utah Jazz,2016,57,true,-400,319
Utah Jazz,2016,58,true,-159,136
Utah Jazz,2016,59,true,112,-133
Utah Jazz,2016,60,false,-128,108
Utah Jazz,2016,61,false,-278,229
Utah Jazz,2016,62,true,-1250,785
Utah Jazz,2016,63,true,-556,415
Utah Jazz,2016,64,true,-204,173
Utah Jazz,2016,65,true,318,-417
Utah Jazz,2016,66,false,162,-192
Utah Jazz,2016,67,true,-122,102
Utah Jazz,2016,68,true,-143,121
Utah Jazz,2016,69,false,295,-370
Utah Jazz,2016,70,false,-256,210
Utah Jazz,2016,71,false,-128,108
Utah Jazz,2016,72,true,-833,587
Utah Jazz,2016,73,false,172,-204
Utah Jazz,2016,74,true,-244,204
Utah Jazz,2016,75,true,-345,273
Utah Jazz,2016,76,true,-143,122
Utah Jazz,2016,77,false,193,-227
Utah Jazz,2016,78,true,-244,202
Utah Jazz,2016,79,true,-769,520
Utah Jazz,2016,80,false,118,-139
Utah Jazz,2016,81,true,438,-588
Utah Jazz,2016,82,true,-172,146
Utah Jazz,2017,1,true,-139,118
Utah Jazz,2017,2,false,159,-189
Utah Jazz,2017,3,true,159,-189
Utah Jazz,2017,4,false,167,-200
Utah Jazz,2017,5,false,-312,249
Utah Jazz,2017,6,true,-588,458
Utah Jazz,2017,7,true,-357,286
Utah Jazz,2017,8,true,-167,142
Utah Jazz,2017,9,false,-123,104
Utah Jazz,2017,10,false,204,-244
Utah Jazz,2017,11,false,-263,216
Utah Jazz,2017,12,false,-149,127
Utah Jazz,2017,13,true,-294,238
Utah Jazz,2017,14,false,127,-149
Utah Jazz,2017,15,false,146,-172
Utah Jazz,2017,16,false,108,-128
Utah Jazz,2017,17,true,208,-250
Utah Jazz,2017,18,false,188,-222
Utah Jazz,2017,19,true,-400,321
Utah Jazz,2017,20,true,-112,-105
Utah Jazz,2017,21,true,-106,-111
Utah Jazz,2017,22,true,-109,-108
Utah Jazz,2017,23,true,133,-156
Utah Jazz,2017,24,true,-169,145
Utah Jazz,2017,25,false,279,-357
Utah Jazz,2017,26,false,213,-256
Utah Jazz,2017,27,false,102,-120
Utah Jazz,2017,28,false,-227,186
Utah Jazz,2017,29,true,168,-200
Utah Jazz,2017,30,false,400,-526
Utah Jazz,2017,31,false,596,-909
Utah Jazz,2017,32,false,276,-345
Utah Jazz,2017,33,true,117,-133
Utah Jazz,2017,34,false,-119,100
Utah Jazz,2017,35,false,200,-238
Utah Jazz,2017,36,false,525,-714
Utah Jazz,2017,37,true,131,-156
Utah Jazz,2017,38,false,-112,-105
Utah Jazz,2017,39,false,224,-270
Utah Jazz,2017,40,false,144,-169
Utah Jazz,2017,41,true,281,-357
Utah Jazz,2017,42,false,158,-185
Utah Jazz,2017,43,false,-196,167
Utah Jazz,2017,44,true,-175,149
Utah Jazz,2017,45,false,-227,186
Utah Jazz,2017,46,true,-143,120
Utah Jazz,2017,47,false,-147,124
Utah Jazz,2017,48,true,118,-139
Utah Jazz,2017,49,true,307,-400
Utah Jazz,2017,50,true,287,-370
Utah Jazz,2017,51,true,-238,200
Utah Jazz,2017,52,true,220,-263
Utah Jazz,2017,53,true,-109,-110
Utah Jazz,2017,54,true,-270,222
Utah Jazz,2017,55,true,-244,202
Utah Jazz,2017,56,true,143,-167
Utah Jazz,2017,57,true,-179,152
Utah Jazz,2017,58,true,-714,515
Utah Jazz,2017,59,false,-192,161
Utah Jazz,2017,60,true,-556,405
Utah Jazz,2017,61,false,-102,-116
Utah Jazz,2017,62,true,-303,250
Utah Jazz,2017,63,true,-312,249
Utah Jazz,2017,64,true,-526,394
Utah Jazz,2017,65,true,-120,102
Utah Jazz,2017,66,true,-588,438
Utah Jazz,2017,67,true,-125,104
Utah Jazz,2017,68,true,-417,325
Utah Jazz,2017,69,true,-1667,942
Utah Jazz,2017,70,true,-2500,1185
Utah Jazz,2017,71,false,-1667,965
Utah Jazz,2017,72,true,-400,313
Utah Jazz,2017,73,false,136,-159
Utah Jazz,2017,74,true,-500,376
Utah Jazz,2017,75,false,-556,422
Utah Jazz,2017,76,true,-2500,1204
Utah Jazz,2017,77,true,-145,124
Utah Jazz,2017,78,true,-833,585
Utah Jazz,2017,79,true,-345,272
Utah Jazz,2017,80,true,-500,394
Utah Jazz,2017,81,true,-345,278
Utah Jazz,2017,82,false,112,-133
Utah Jazz,2018,1,true,-400,321
Utah Jazz,2018,2,false,117,-139
Utah Jazz,2018,3,false,-588,443
Utah Jazz,2018,4,true,-102,-115
Utah Jazz,2018,5,true,-227,192
Utah Jazz,2018,6,true,-192,162
Utah Jazz,2018,7,false,-303,248
Utah Jazz,2018,8,false,-333,271
Utah Jazz,2018,9,false,164,-196
Utah Jazz,2018,10,false,-152,127
Utah Jazz,2018,11,true,-500,386
Utah Jazz,2018,12,true,-238,197
Utah Jazz,2018,13,true,-175,150
Utah Jazz,2018,14,false,-208,175
Utah Jazz,2018,15,false,124,-147
Utah Jazz,2018,16,true,148,-175
Utah Jazz,2018,17,false,-169,143
Utah Jazz,2018,18,false,-500,376
Utah Jazz,2018,19,false,121,-145
Utah Jazz,2018,20,true,-169,143
Utah Jazz,2018,21,false,-196,164
Utah Jazz,2018,22,true,-159,134
Utah Jazz,2018,23,true,114,-137
Utah Jazz,2018,24,false,-172,146
Utah Jazz,2018,25,true,-333,269
Utah Jazz,2018,26,true,-116,-102
Utah Jazz,2018,27,false,-179,149
Utah Jazz,2018,28,false,172,-204
Utah Jazz,2018,29,true,-385,311
Utah Jazz,2018,30,false,-244,202
Utah Jazz,2018,31,false,171,-208
Utah Jazz,2018,32,true,110,-130
Utah Jazz,2018,33,true,108,-128
Utah Jazz,2018,34,false,-132,110
Utah Jazz,2018,35,true,-286,231
Utah Jazz,2018,36,false,-192,163
Utah Jazz,2018,37,true,-833,588
Utah Jazz,2018,38,false,100,-119
Utah Jazz,2018,39,true,-526,395
Utah Jazz,2018,40,true,-175,148
Utah Jazz,2018,41,false,181,-217
Utah Jazz,2018,42,true,-476,369
Utah Jazz,2018,43,true,-370,299
Utah Jazz,2018,44,true,-833,576
Utah Jazz,2018,45,true,-345,272
Utah Jazz,2018,46,true,-105,-112
Utah Jazz,2018,47,true,-2500,1138
Utah Jazz,2018,48,false,-217,179
Utah Jazz,2018,49,true,-182,152
Utah Jazz,2018,50,true,-625,454
Utah Jazz,2018,51,true,-222,183
Utah Jazz,2018,52,false,-141,120
Utah Jazz,2018,53,true,-909,615
Utah Jazz,2018,54,false,-294,237
Utah Jazz,2018,55,true,-1667,969
Utah Jazz,2018,56,true,-357,278
Utah Jazz,2018,57,false,344,-435
Utah Jazz,2018,58,false,150,-179
Utah Jazz,2018,59,true,-833,575
Utah Jazz,2018,60,true,-526,404
Utah Jazz,2018,61,true,252,-312
Utah Jazz,2018,62,true,-189,158
Utah Jazz,2018,63,false,-556,408
Utah Jazz,2018,64,true,-200,167
Utah Jazz,2018,65,false,-204,170
Utah Jazz,2018,66,false,-161,138
Utah Jazz,2018,67,true,-400,322
Utah Jazz,2018,68,true,-435,333
Utah Jazz,2018,69,true,-435,329
Utah Jazz,2018,70,true,-222,184
Utah Jazz,2018,71,true,-1111,711
Utah Jazz,2018,72,false,-312,257
Utah Jazz,2018,73,true,-714,531
Utah Jazz,2018,74,true,-1429,902
Utah Jazz,2018,75,true,-2000,1089
Utah Jazz,2018,76,true,-1250,750
Utah Jazz,2018,77,true,-714,512
Utah Jazz,2018,78,true,-667,471
Utah Jazz,2018,79,true,-556,416
Utah Jazz,2018,80,false,-909,605
Utah Jazz,2018,81,true,-127,106
Utah Jazz,2018,82,false,264,-323
Utah Jazz,2019,1,true,-435,330
Utah Jazz,2019,2,false,133,-159
Utah Jazz,2019,3,true,-526,393
Utah Jazz,2019,4,true,-196,164
Utah Jazz,2019,5,true,-270,224
Utah Jazz,2019,6,false,-189,160
Utah Jazz,2019,7,false,160,-192
Utah Jazz,2019,8,true,-135,114
Utah Jazz,2019,9,true,112,-133
Utah Jazz,2019,10,true,-345,276
Utah Jazz,2019,11,true,-278,229
Utah Jazz,2019,12,false,-323,261
Utah Jazz,2019,13,false,-455,354
Utah Jazz,2019,14,true,-152,129
Utah Jazz,2019,15,true,-2000,1036
Utah Jazz,2019,16,true,-227,189
Utah Jazz,2019,17,false,343,-455
Utah Jazz,2019,18,false,-101,-118
Utah Jazz,2019,19,true,-312,254
Utah Jazz,2019,20,false,108,-128
Utah Jazz,2019,21,false,179,-217
Utah Jazz,2019,22,false,-130,110
Utah Jazz,2019,23,true,-769,539
Utah Jazz,2019,24,false,-400,308
Utah Jazz,2019,25,true,-108,-110
Utah Jazz,2019,26,true,-1250,764
Utah Jazz,2019,27,true,-270,219
Utah Jazz,2019,28,true,-270,223
Utah Jazz,2019,29,true,-286,231
Utah Jazz,2019,30,false,154,-182
Utah Jazz,2019,31,true,-222,183
Utah Jazz,2019,32,true,274,-345
Utah Jazz,2019,33,true,-500,375
Utah Jazz,2019,34,true,-156,133
Utah Jazz,2019,35,true,-164,139
Utah Jazz,2019,36,true,-172,145
Utah Jazz,2019,37,true,-1250,813
Utah Jazz,2019,38,true,-909,603
Utah Jazz,2019,39,true,-244,200
Utah Jazz,2019,40,true,-149,125
Utah Jazz,2019,41,false,-227,187
Utah Jazz,2019,42,true,-455,354
Utah Jazz,2019,43,true,-323,262
Utah Jazz,2019,44,true,-417,332
Utah Jazz,2019,45,true,-204,170
Utah Jazz,2019,46,false,-1429,823
Utah Jazz,2019,47,false,-233,193
Utah Jazz,2019,48,false,-143,121
Utah Jazz,2019,49,false,-250,206
Utah Jazz,2019,50,false,-500,382
Utah Jazz,2019,51,true,-625,463
Utah Jazz,2019,52,true,121,-143
Utah Jazz,2019,53,true,-108,-110
Utah Jazz,2019,54,true,-200,168
Utah Jazz,2019,55,false,-294,239
Utah Jazz,2019,56,false,-125,106
Utah Jazz,2019,57,false,-370,296
Utah Jazz,2019,58,false,-204,171
Utah Jazz,2019,59,true,-556,420
Utah Jazz,2019,60,true,-556,429
Utah Jazz,2019,61,true,-385,307
Utah Jazz,2019,62,true,100,-118
Utah Jazz,2019,63,true,-357,292
Utah Jazz,2019,64,false,-227,191
Utah Jazz,2019,65,true,117,-137
Utah Jazz,2019,66,false,-104,-111
Utah Jazz,2019,67,false,210,-250
Utah Jazz,2019,68,true,-204,177
Utah Jazz,2019,69,false,328,-400
Utah Jazz,2019,70,false,-102,-112
Utah Jazz,2019,71,false,-227,191
Utah Jazz,2019,72,true,231,-278
Utah Jazz,2020,1,true,-123,104
Utah Jazz,2020,2,false,-417,340
Utah Jazz,2020,3,true,-400,317
Utah Jazz,2020,4,false,-167,145
Utah Jazz,2020,5,true,137,-161
Utah Jazz,2020,6,true,-217,183
Utah Jazz,2020,7,false,-185,156
Utah Jazz,2020,8,false,-323,258
Utah Jazz,2020,9,true,200,-238
Utah Jazz,2020,10,true,-385,311
Utah Jazz,2020,11,true,-909,616
Utah Jazz,2020,12,true,-250,206
Utah Jazz,2020,13,true,-119,102
Utah Jazz,2020,14,true,-256,216
Utah Jazz,2020,15,true,-278,233
Utah Jazz,2020,16,true,-286,237
Utah Jazz,2020,17,true,-625,475
Utah Jazz,2020,18,true,-128,110
Utah Jazz,2020,19,true,-167,145
Utah Jazz,2020,20,false,-152,129
Utah Jazz,2020,21,true,-833,582
Utah Jazz,2020,22,true,-500,388
Utah Jazz,2020,23,true,-345,281
Utah Jazz,2020,24,true,-200,171
Utah Jazz,2020,25,true,-217,185
Utah Jazz,2020,26,true,-135,117
Utah Jazz,2020,27,true,-286,236
Utah Jazz,2020,28,true,-400,299
Utah Jazz,2020,29,true,-270,227
Utah Jazz,2020,30,false,-110,-106
Utah Jazz,2020,31,true,-909,605
Utah Jazz,2020,32,true,-370,299
Utah Jazz,2020,33,false,-233,202
Utah Jazz,2020,34,true,-476,365
Utah Jazz,2020,35,false,-270,227
Utah Jazz,2020,36,false,-161,140
Utah Jazz,2020,37,true,-3333,1354
Utah Jazz,2020,38,false,-312,254
Utah Jazz,2020,39,true,-159,138
Utah Jazz,2020,40,false,-588,450
Utah Jazz,2020,41,true,-189,163
Utah Jazz,2020,42,true,-455,359
Utah Jazz,2020,43,true,-1000,674
Utah Jazz,2020,44,true,-526,413
Utah Jazz,2020,45,true,-417,330
Utah Jazz,2020,46,true,-2000,1109
Utah Jazz,2020,47,true,-233,194
Utah Jazz,2020,48,true,-667,505
Utah Jazz,2020,49,true,-1429,911
Utah Jazz,2020,50,false,-222,188
Utah Jazz,2020,51,false,-137,117
Utah Jazz,2020,52,true,-222,185
Utah Jazz,2020,53,true,-769,535
Utah Jazz,2020,54,false,-625,466
Utah Jazz,2020,55,true,-2000,1032
Utah Jazz,2020,56,true,-526,409
Utah Jazz,2020,57,false,100,-118
Utah Jazz,2020,58,true,-256,217
Utah Jazz,2020,59,true,-667,498
Utah Jazz,2020,60,false,-909,604
Utah Jazz,2020,61,false,-500,396
Utah Jazz,2020,62,true,-400,319
Utah Jazz,2020,63,false,143,-164
Utah Jazz,2020,64,true,-270,227
Utah Jazz,2020,65,true,-323,260
Utah Jazz,2020,66,true,-263,222
Utah Jazz,2020,67,true,-175,150
Utah Jazz,2020,68,true,-2000,1038
Utah Jazz,2020,69,false,-125,108
Utah Jazz,2020,70,false,-110,-105
Utah Jazz,2020,71,true,-1667,942
Utah Jazz,2020,72,true,-769,551
Utah Jazz,2021,1,true,-1000,699
Utah Jazz,2021,2,true,-244,206
Utah Jazz,2021,3,true,-303,254
Utah Jazz,2021,4,true,-435,354
Utah Jazz,2021,5,false,-159,135
Utah Jazz,2021,6,true,-196,172
Utah Jazz,2021,7,true,-435,347
Utah Jazz,2021,8,true,-114,-102
Utah Jazz,2021,9,false,-110,-106
Utah Jazz,2021,10,false,-625,480
Utah Jazz,2021,11,true,-400,316
Utah Jazz,2021,12,false,-556,419
Utah Jazz,2021,13,false,-333,279
Utah Jazz,2021,14,true,-556,424
Utah Jazz,2021,15,true,-526,408
Utah Jazz,2021,16,true,-323,267
Utah Jazz,2021,17,false,-556,418
Utah Jazz,2021,18,true,-1250,773
Utah Jazz,2021,19,false,-1000,669
Utah Jazz,2021,20,true,-909,635
Utah Jazz,2021,21,true,-286,237
Utah Jazz,2021,22,true,-345,285
Utah Jazz,2021,23,true,-208,177
Utah Jazz,2021,24,true,-270,224
Utah Jazz,2021,25,true,-143,124
Utah Jazz,2021,26,true,-278,227
Utah Jazz,2021,27,true,-714,516
Utah Jazz,2021,28,false,-714,528
Utah Jazz,2021,29,false,-455,359
Utah Jazz,2021,30,true,-909,615
Utah Jazz,2021,31,true,-1429,857
Utah Jazz,2021,32,true,-1000,676
Utah Jazz,2021,33,true,-278,229
Utah Jazz,2021,34,true,-323,267
Utah Jazz,2021,35,true,-833,591
Utah Jazz,2021,36,false,-196,167
Utah Jazz,2021,37,true,-417,338
Utah Jazz,2021,38,true,-105,-110
Utah Jazz,2021,39,false,665,-1000
Utah Jazz,2021,40,false,-192,166
Utah Jazz,2021,41,false,-667,488
Utah Jazz,2021,42,false,-196,169
Utah Jazz,2021,43,true,-208,177
Utah Jazz,2021,44,false,-213,179
Utah Jazz,2021,45,false,-1111,713
Utah Jazz,2021,46,true,-1250,767
Utah Jazz,2021,47,false,110,-127
Utah Jazz,2021,48,false,547,-769
Utah Jazz,2021,49,false,-105,-110
Utah Jazz,2021,50,false,163,-189
Utah Jazz,2021,51,false,108,-125
Utah Jazz,2021,52,true,-244,208
Utah Jazz,2021,53,true,-217,186
Utah Jazz,2021,54,true,-278,233
Utah Jazz,2021,55,true,-114,-102
Utah Jazz,2021,56,true,-769,569
Utah Jazz,2021,57,true,-1429,911
Utah Jazz,2021,58,false,-172,149
Utah Jazz,2021,59,true,-238,200
Utah Jazz,2021,60,true,-145,127
Utah Jazz,2021,61,true,-1429,858
Utah Jazz,2021,62,false,-192,166
Utah Jazz,2021,63,true,-1111,711
Utah Jazz,2021,64,false,-114,-103
Utah Jazz,2021,65,true,-3333,1514
Utah Jazz,2021,66,false,-217,185
Utah Jazz,2021,67,true,-417,338
Utah Jazz,2021,68,false,-132,114
Utah Jazz,2021,69,true,-270,225
Utah Jazz,2021,70,true,-213,181
Utah Jazz,2021,71,true,-159,137
Utah Jazz,2021,72,false,-130,112
Utah Jazz,2021,73,false,162,-189
Utah Jazz,2021,74,false,-169,145
Utah Jazz,2021,75,false,118,-135
Utah Jazz,2021,76,false,-135,117
Utah Jazz,2021,77,true,-1111,727
Utah Jazz,2021,78,false,-137,119
Utah Jazz,2021,79,true,-244,204
Utah Jazz,2021,80,true,-1250,823
Utah Jazz,2021,81,false,-149,129
Utah Jazz,2021,82,true,-1667,992
Utah Jazz,2022,1,true,216,-263
Utah Jazz,2022,2,true,276,-345
Utah Jazz,2022,3,true,270,-345
Utah Jazz,2022,4,false,-139,118
Utah Jazz,2022,5,true,-357,273
Utah Jazz,2022,6,false,258,-323
Utah Jazz,2022,7,true,131,-159
Utah Jazz,2022,8,true,123,-147
Utah Jazz,2022,9,false,206,-250
Utah Jazz,2022,10,true,137,-164
Utah Jazz,2022,11,true,140,-167
Utah Jazz,2022,12,true,-278,227
Utah Jazz,2022,13,true,152,-182
Utah Jazz,2022,14,false,-172,145
Utah Jazz,2022,15,false,139,-167
Utah Jazz,2022,16,false,-185,154
Utah Jazz,2022,17,true,-109,-110
Utah Jazz,2022,18,true,148,-175
Utah Jazz,2022,19,false,114,-137
Utah Jazz,2022,20,false,-714,501
Utah Jazz,2022,21,false,258,-333
Utah Jazz,2022,22,false,200,-244
Utah Jazz,2022,23,false,-128,108
Utah Jazz,2022,24,true,-294,235
Utah Jazz,2022,25,true,-175,146
Utah Jazz,2022,26,false,-204,168
Utah Jazz,2022,27,true,-227,183
Utah Jazz,2022,28,false,-109,-110
Utah Jazz,2022,29,false,450,-667
Utah Jazz,2022,30,true,108,-130
Utah Jazz,2022,31,true,-104,-115
Utah Jazz,2022,32,false,110,-132
Utah Jazz,2022,33,false,213,-256
Utah Jazz,2022,34,true,-143,120
Utah Jazz,2022,35,true,-278,225
Utah Jazz,2022,36,false,-192,161
Utah Jazz,2022,37,false,-182,152
Utah Jazz,2022,38,false,129,-156
Utah Jazz,2022,39,false,-179,150
Utah Jazz,2022,40,false,-156,131
Utah Jazz,2022,41,true,-270,221
Utah Jazz,2022,42,false,-139,116
Utah Jazz,2022,43,false,181,-222
Utah Jazz,2022,44,true,118,-141
Utah Jazz,2022,45,true,-217,177
Utah Jazz,2022,46,false,224,-278
Utah Jazz,2022,47,true,140,-167
Utah Jazz,2022,48,true,-357,277
Utah Jazz,2022,49,false,-192,163
Utah Jazz,2022,50,true,-385,299
Utah Jazz,2022,51,false,137,-161
Utah Jazz,2022,52,true,-294,234
Utah Jazz,2022,53,true,-139,114
Utah Jazz,2022,54,false,-120,102
Utah Jazz,2022,55,false,-455,344
Utah Jazz,2022,56,false,-333,263
Utah Jazz,2022,57,true,286,-357
Utah Jazz,2022,58,false,183,-217
Utah Jazz,2022,59,true,-109,-109
Utah Jazz,2022,60,false,451,-625
Utah Jazz,2022,61,true,-118,100
Utah Jazz,2022,62,true,-500,378
Utah Jazz,2022,63,false,-455,343
Utah Jazz,2022,64,false,100,-119
Utah Jazz,2022,65,false,199,-244
Utah Jazz,2022,66,false,430,-588
Utah Jazz,2022,67,true,147,-175
Utah Jazz,2022,68,true,-115,-104
Utah Jazz,2022,69,false,280,-357
Utah Jazz,2022,70,true,163,-192
Utah Jazz,2022,71,true,219,-263
Utah Jazz,2022,72,false,-204,170
Utah Jazz,2022,73,false,343,-455
Utah Jazz,2022,74,false,319,-417
Utah Jazz,2022,75,false,170,-200
Utah Jazz,2022,76,true,-133,114
Utah Jazz,2022,77,false,571,-833
Utah Jazz,2022,78,false,239,-303
Utah Jazz,2022,79,false,404,-556
Utah Jazz,2022,80,false,235,-294
Utah Jazz,2022,81,true,332,-435
Utah Jazz,2022,82,false,886,-1429
Utah Jazz,2023,1,false,104,-122
Utah Jazz,2023,2,true,148,-175
Utah Jazz,2023,3,false,177,-213
Utah Jazz,2023,4,false,305,-385
Utah Jazz,2023,5,true,-128,110
Utah Jazz,2023,6,false,104,-120
Utah Jazz,2023,7,false,249,-312
Utah Jazz,2023,8,false,150,-175
Utah Jazz,2023,9,false,189,-233
Utah Jazz,2023,10,true,166,-196
Utah Jazz,2023,11,true,-256,214
Utah Jazz,2023,12,false,170,-204
Utah Jazz,2023,13,false,160,-189
Utah Jazz,2023,14,false,243,-303
Utah Jazz,2023,15,false,-154,138
Utah Jazz,2023,16,true,127,-152
Utah Jazz,2023,17,true,199,-244
Utah Jazz,2023,18,false,140,-161
Utah Jazz,2023,19,false,459,-667
Utah Jazz,2023,20,true,-120,102
Utah Jazz,2023,21,false,444,-625
Utah Jazz,2023,22,false,265,-323
Utah Jazz,2023,23,false,565,-833
Utah Jazz,2023,24,true,186,-227
Utah Jazz,2023,25,true,164,-196
Utah Jazz,2023,26,false,270,-333
Utah Jazz,2023,27,true,133,-156
Utah Jazz,2023,28,false,133,-156
Utah Jazz,2023,29,true,112,-132
Utah Jazz,2023,30,true,179,-217
Utah Jazz,2023,31,true,-147,125
Utah Jazz,2023,32,false,300,-385
Utah Jazz,2023,33,true,129,-152
Utah Jazz,2023,34,true,152,-179
Utah Jazz,2023,35,true,-357,284
Utah Jazz,2023,36,false,694,-1111
Utah Jazz,2023,37,true,221,-263
Utah Jazz,2023,38,true,288,-370
Utah Jazz,2023,39,true,216,-263
Utah Jazz,2023,40,true,-122,104
Utah Jazz,2023,41,true,-143,123
Utah Jazz,2023,42,true,-263,216
Utah Jazz,2023,43,false,127,-149
Utah Jazz,2023,44,false,108,-128
Utah Jazz,2023,45,false,215,-263
Utah Jazz,2023,46,true,-270,220
Utah Jazz,2023,47,true,-476,362
Utah Jazz,2023,48,false,-109,-108
Utah Jazz,2023,49,false,125,-149
Utah Jazz,2023,50,false,-189,161
Utah Jazz,2023,51,true,-139,120
Utah Jazz,2023,52,true,129,-152
Utah Jazz,2023,53,false,174,-208
Utah Jazz,2023,54,false,-105,-112
Utah Jazz,2023,55,false,-189,160
Utah Jazz,2023,56,false,118,-135
Utah Jazz,2023,57,false,-455,334
Utah Jazz,2023,58,true,-270,219
Utah Jazz,2023,59,false,106,-125
Utah Jazz,2023,60,false,218,-270
Utah Jazz,2023,61,false,311,-400
Utah Jazz,2023,62,true,-208,172
Utah Jazz,2023,63,false,144,-172
Utah Jazz,2023,64,false,545,-769
Utah Jazz,2023,65,false,214,-263
Utah Jazz,2023,66,true,-102,-115
Utah Jazz,2023,67,false,247,-303
Utah Jazz,2023,68,false,150,-179
Utah Jazz,2023,69,false,796,-1429
Utah Jazz,2023,70,false,691,-1111
Utah Jazz,2023,71,false,397,-526
Utah Jazz,2023,72,false,266,-323
Utah Jazz,2023,73,false,-175,147
Utah Jazz,2023,74,false,260,-323
Utah Jazz,2023,75,false,613,-909
Utah Jazz,2023,76,false,357,-476
Utah Jazz,2023,77,false,557,-769
Utah Jazz,2023,78,false,547,-769
Utah Jazz,2023,79,false,927,-1667
Utah Jazz,2023,80,true,409,-556
Utah Jazz,2023,81,true,832,-1429
Utah Jazz,2023,82,false,416,-556
Utah Jazz,2024,1,false,116,-139
Utah Jazz,2024,2,false,206,-256
Utah Jazz,2024,3,false,498,-714
Utah Jazz,2024,4,false,206,-263
Utah Jazz,2024,5,false,116,-137
Utah Jazz,2024,6,false,426,-588
Utah Jazz,2024,7,true,241,-312
Utah Jazz,2024,8,false,355,-476
Utah Jazz,2024,9,true,209,-263
Utah Jazz,2024,10,false,170,-208
Utah Jazz,2024,11,true,258,-333
Utah Jazz,2024,12,false,224,-286
Utah Jazz,2024,13,false,353,-476
Utah Jazz,2024,14,false,401,-556
Utah Jazz,2024,15,false,125,-149
Utah Jazz,2024,16,true,276,-345
Utah Jazz,2024,17,false,108,-128
Utah Jazz,2024,18,false,400,-556
Utah Jazz,2024,19,false,197,-244
Utah Jazz,2024,20,false,173,-208
Utah Jazz,2024,21,false,649,-1000
Utah Jazz,2024,22,true,139,-167
Utah Jazz,2024,23,false,438,-625
Utah Jazz,2024,24,false,220,-278
Utah Jazz,2024,25,false,250,-312
Utah Jazz,2024,26,true,154,-185
Utah Jazz,2024,27,true,102,-123
Utah Jazz,2024,28,false,697,-1111
Utah Jazz,2024,29,false,136,-161
Utah Jazz,2024,30,false,225,-286
Utah Jazz,2024,31,false,242,-303
Utah Jazz,2024,32,false,513,-714
Utah Jazz,2024,33,true,287,-370
Utah Jazz,2024,34,true,293,-370
Utah Jazz,2024,35,false,175,-213
Utah Jazz,2024,36,false,179,-222
Utah Jazz,2024,37,false,438,-588
Utah Jazz,2024,38,true,-154,127
Utah Jazz,2024,39,false,183,-222
Utah Jazz,2024,40,false,459,-625
Utah Jazz,2024,41,false,425,-588
Utah Jazz,2024,42,false,865,-1667
Utah Jazz,2024,43,false,393,-526
Utah Jazz,2024,44,false,301,-400
Utah Jazz,2024,45,false,380,-526
Utah Jazz,2024,46,false,196,-244
Utah Jazz,2024,47,true,147,-175
Utah Jazz,2024,48,false,204,-256
Utah Jazz,2024,49,true,209,-256
Utah Jazz,2024,50,false,229,-286
Utah Jazz,2024,51,false,936,-1667
Utah Jazz,2024,52,false,521,-769
Utah Jazz,2024,53,true,313,-385
Utah Jazz,2024,54,false,336,-435
Utah Jazz,2024,55,false,750,-1250
Utah Jazz,2024,56,true,263,-323
Utah Jazz,2024,57,false,227,-294
Utah Jazz,2024,58,false,311,-400
Utah Jazz,2024,59,true,140,-164
Utah Jazz,2024,60,false,237,-294
Utah Jazz,2024,61,false,371,-476
Utah Jazz,2024,62,false,172,-208
Utah Jazz,2024,63,false,181,-222
Utah Jazz,2024,64,false,202,-244
Utah Jazz,2024,65,false,803,-1250
Utah Jazz,2024,66,false,374,-500
Utah Jazz,2024,67,false,-125,106
Utah Jazz,2024,68,false,632,-909
Utah Jazz,2024,69,false,158,-189
Utah Jazz,2024,70,true,-141,118
Utah Jazz,2024,71,false,714,-1250
Utah Jazz,2024,72,false,902,-1667
Utah Jazz,2024,73,false,417,-556
Utah Jazz,2024,74,false,600,-909
Utah Jazz,2024,75,false,1141,-2500
Utah Jazz,2024,76,false,154,-185
Utah Jazz,2024,77,false,809,-1429
Utah Jazz,2024,78,false,984,-2000
Utah Jazz,2024,79,false,621,-1000
Utah Jazz,2024,80,true,206,-263
Utah Jazz,2024,81,false,307,-400
Utah Jazz,2024,82,false,1769,-5000
Utah Jazz,2025,1,true,340,-417
Utah Jazz,2025,2,false,179,-222
Utah Jazz,2025,3,true,-125,104
Utah Jazz,2025,4,false,125,-149
Utah Jazz,2025,5,false,129,-149
Utah Jazz,2025,6,false,-118,100
Utah Jazz,2025,7,true,375,-455
Utah Jazz,2025,8,false,350,-455
Utah Jazz,2025,9,false,500,-667
Utah Jazz,2025,10,false,240,-303
Utah Jazz,2025,11,true,120,-139
Utah Jazz,2025,12,false,104,-125
Utah Jazz,2025,13,true,165,-189
Utah Jazz,2025,14,false,575,-714
Utah Jazz,2025,15,false,950,-1667
Utah Jazz,2025,16,false,320,-400
Utah Jazz,2025,17,false,600,-769
Utah Jazz,2025,18,true,-135,124
Utah Jazz,2025,19,false,450,-588
Utah Jazz,2025,20,true,450,-588
Utah Jazz,2025,21,true,-196,166
Utah Jazz,2025,22,false,900,-1250
Utah Jazz,2025,23,false,425,-556
Utah Jazz,2025,24,true,225,-270
Utah Jazz,2025,25,true,100,-112
Utah Jazz,2025,26,false,309,-385
Utah Jazz,2025,27,false,240,-294
Utah Jazz,2025,28,false,560,-714
Utah Jazz,2025,29,false,148,-169
Utah Jazz,2025,30,true,325,-385
Utah Jazz,2025,31,true,570,-769
Utah Jazz,2025,32,false,245,-278
Utah Jazz,2025,33,false,600,-833
Utah Jazz,2025,34,false,440,-588
Utah Jazz,2025,35,false,188,-227
Utah Jazz,2025,36,false,950,-1111
Utah Jazz,2025,37,true,160,-189
Utah Jazz,2025,38,false,185,-208
Utah Jazz,2025,39,true,450,-556
Utah Jazz,2025,40,false,185,-213
Utah Jazz,2025,41,false,120,-139
Utah Jazz,2025,42,false,129,-152
Utah Jazz,2025,43,false,750,-1000
Utah Jazz,2025,44,true,475,-625
Utah Jazz,2025,45,false,450,-526
Utah Jazz,2025,46,false,210,-244
Utah Jazz,2025,47,false,280,-333
Utah Jazz,2025,48,false,260,-303
Utah Jazz,2025,49,false,-159,140
Utah Jazz,2025,50,false,300,-370
Utah Jazz,2025,51,true,-147,125
Utah Jazz,2025,52,false,250,-294
Utah Jazz,2025,53,false,240,-278
Utah Jazz,2025,54,true,220,-238
Utah Jazz,2025,55,true,-204,184
Utah Jazz,2025,56,false,200,-238
Utah Jazz,2025,57,false,120,-135
Utah Jazz,2025,58,false,600,-833
Utah Jazz,2025,59,false,200,-233
Utah Jazz,2025,60,false,185,-213
Utah Jazz,2025,61,false,459,-588
Utah Jazz,2025,62,false,270,-323
Utah Jazz,2025,63,true,142,-164
Utah Jazz,2025,64,false,350,-417
Utah Jazz,2025,65,true,220,-263
Utah Jazz,2025,66,false,650,-909
Utah Jazz,2025,67,false,830,-1250
Utah Jazz,2025,68,false,135,-152
Utah Jazz,2025,69,false,570,-769
Utah Jazz,2025,70,true,204,-238
Utah Jazz,2025,71,false,194,-227
Utah Jazz,2025,72,false,390,-500
Utah Jazz,2025,73,false,-154,134
Utah Jazz,2025,74,false,1200,-2000
Utah Jazz,2025,75,false,1040,-1667
Utah Jazz,2025,76,false,900,-1667
Utah Jazz,2025,77,false,1040,-2000
Utah Jazz,2025,78,false,1100,-2000
Utah Jazz,2025,79,false,2500,-10000
Utah Jazz,2025,80,false,225,-270
Utah Jazz,2025,81,true,-182,164
Utah Jazz,2025,82,false,725,-909
Washington Wizards,2016,1,false,154,-182
Washington Wizards,2016,2,false,-159,134
Washington Wizards,2016,3,false,-106,-112
Washington Wizards,2016,4,true,-114,-103
Washington Wizards,2016,5,false,214,-263
Washington Wizards,2016,6,false,-115,-103
Washington Wizards,2016,7,true,-122,102
Washington Wizards,2016,8,false,276,-345
Washington Wizards,2016,9,false,432,-588
Washington Wizards,2016,10,false,-278,227
Washington Wizards,2016,11,true,-213,175
Washington Wizards,2016,12,false,-200,168
Washington Wizards,2016,13,true,-345,274
Washington Wizards,2016,14,true,-130,110
Washington Wizards,2016,15,false,222,-270
Washington Wizards,2016,16,true,-200,167
Washington Wizards,2016,17,false,184,-222
Washington Wizards,2016,18,false,361,-476
Washington Wizards,2016,19,true,-270,222
Washington Wizards,2016,20,false,-147,124
Washington Wizards,2016,21,true,-227,189
Washington Wizards,2016,22,true,-182,154
Washington Wizards,2016,23,false,-120,102
Washington Wizards,2016,24,true,110,-132
Washington Wizards,2016,25,true,102,-122
Washington Wizards,2016,26,true,188,-227
Washington Wizards,2016,27,false,179,-217
Washington Wizards,2016,28,true,150,-179
Washington Wizards,2016,29,false,134,-156
Washington Wizards,2016,30,true,-156,134
Washington Wizards,2016,31,true,-196,165
Washington Wizards,2016,32,true,-357,281
Washington Wizards,2016,33,false,280,-357
Washington Wizards,2016,34,false,100,-119
Washington Wizards,2016,35,true,-204,171
Washington Wizards,2016,36,true,-108,-109
Washington Wizards,2016,37,true,-833,573
Washington Wizards,2016,38,false,195,-233
Washington Wizards,2016,39,true,-556,420
Washington Wizards,2016,40,true,-167,143
Washington Wizards,2016,41,true,-128,108
Washington Wizards,2016,42,true,-122,102
Washington Wizards,2016,43,false,110,-130
Washington Wizards,2016,44,true,192,-227
Washington Wizards,2016,45,true,-103,-115
Washington Wizards,2016,46,true,131,-154
Washington Wizards,2016,47,true,-110,-109
Washington Wizards,2016,48,true,-370,288
Washington Wizards,2016,49,true,-667,451
Washington Wizards,2016,50,true,-278,225
Washington Wizards,2016,51,false,100,-119
Washington Wizards,2016,52,true,-500,391
Washington Wizards,2016,53,true,-238,197
Washington Wizards,2016,54,true,-238,195
Washington Wizards,2016,55,true,-141,119
Washington Wizards,2016,56,false,-417,320
Washington Wizards,2016,57,false,-133,112
Washington Wizards,2016,58,true,250,-312
Washington Wizards,2016,59,true,160,-189
Washington Wizards,2016,60,false,-213,175
Washington Wizards,2016,61,true,-833,604
Washington Wizards,2016,62,true,-227,187
Washington Wizards,2016,63,true,-127,108
Washington Wizards,2016,64,true,-385,305
Washington Wizards,2016,65,true,158,-185
Washington Wizards,2016,66,false,110,-130
Washington Wizards,2016,67,false,-345,272
Washington Wizards,2016,68,true,-323,260
Washington Wizards,2016,69,false,143,-167
Washington Wizards,2016,70,false,146,-169
Washington Wizards,2016,71,true,-333,266
Washington Wizards,2016,72,true,-714,500
Washington Wizards,2016,73,true,200,-244
Washington Wizards,2016,74,true,-476,363
Washington Wizards,2016,75,false,216,-256
Washington Wizards,2016,76,false,122,-143
Washington Wizards,2016,77,false,400,-526
Washington Wizards,2016,78,true,-152,129
Washington Wizards,2016,79,true,-263,215
Washington Wizards,2016,80,false,-167,143
Washington Wizards,2016,81,true,187,-227
Washington Wizards,2016,82,false,433,-588
Washington Wizards,2017,1,true,-278,227
Washington Wizards,2017,2,true,-263,216
Washington Wizards,2017,3,true,167,-200
Washington Wizards,2017,4,false,-213,177
Washington Wizards,2017,5,false,522,-714
Washington Wizards,2017,6,true,-294,239
Washington Wizards,2017,7,false,-714,508
Washington Wizards,2017,8,false,-149,127
Washington Wizards,2017,9,true,219,-263
Washington Wizards,2017,10,false,-526,401
Washington Wizards,2017,11,true,-526,397
Washington Wizards,2017,12,true,-526,395
Washington Wizards,2017,13,true,-714,511
Washington Wizards,2017,14,true,106,-125
Washington Wizards,2017,15,false,-192,161
Washington Wizards,2017,16,false,221,-263
Washington Wizards,2017,17,true,135,-159
Washington Wizards,2017,18,false,121,-143
Washington Wizards,2017,19,false,-182,156
Washington Wizards,2017,20,true,179,-217
Washington Wizards,2017,21,false,236,-286
Washington Wizards,2017,22,true,-109,-110
Washington Wizards,2017,23,false,145,-169
Washington Wizards,2017,24,true,194,-233
Washington Wizards,2017,25,true,-263,219
Washington Wizards,2017,26,false,-127,108
Washington Wizards,2017,27,false,-156,131
Washington Wizards,2017,28,true,-323,261
Washington Wizards,2017,29,true,-526,408
Washington Wizards,2017,30,false,-128,108
Washington Wizards,2017,31,true,-137,116
Washington Wizards,2017,32,false,-244,200
Washington Wizards,2017,33,true,-909,607
Washington Wizards,2017,34,true,154,-182
Washington Wizards,2017,35,false,-244,200
Washington Wizards,2017,36,true,110,-133
Washington Wizards,2017,37,true,-345,277
Washington Wizards,2017,38,true,-476,362
Washington Wizards,2017,39,true,-192,161
Washington Wizards,2017,40,false,-159,136
Washington Wizards,2017,41,false,-357,281
Washington Wizards,2017,42,true,-714,501
Washington Wizards,2017,43,true,-476,368
Washington Wizards,2017,44,false,-217,179
Washington Wizards,2017,45,false,108,-128
Washington Wizards,2017,46,true,-106,-112
Washington Wizards,2017,47,false,-130,110
Washington Wizards,2017,48,false,177,-217
Washington Wizards,2017,49,true,-164,139
Washington Wizards,2017,50,true,138,-164
Washington Wizards,2017,51,true,148,-175
Washington Wizards,2017,52,true,-182,152
Washington Wizards,2017,53,true,-152,127
Washington Wizards,2017,54,false,217,-263
Washington Wizards,2017,55,false,110,-132
Washington Wizards,2017,56,true,-217,181
Washington Wizards,2017,57,true,-189,159
Washington Wizards,2017,58,true,217,-263
Washington Wizards,2017,59,false,-164,140
Washington Wizards,2017,60,true,-122,102
Washington Wizards,2017,61,true,125,-147
Washington Wizards,2017,62,false,330,-435
Washington Wizards,2017,63,false,141,-167
Washington Wizards,2017,64,false,-175,149
Washington Wizards,2017,65,true,-172,147
Washington Wizards,2017,66,true,-161,136
Washington Wizards,2017,67,false,146,-172
Washington Wizards,2017,68,false,-156,131
Washington Wizards,2017,69,true,-182,150
Washington Wizards,2017,70,true,-189,160
Washington Wizards,2017,71,false,186,-222
Washington Wizards,2017,72,false,-122,102
Washington Wizards,2017,73,false,-667,490
Washington Wizards,2017,74,true,112,-132
Washington Wizards,2017,75,false,-139,118
Washington Wizards,2017,76,true,-256,213
Washington Wizards,2017,77,false,-333,272
Washington Wizards,2017,78,false,319,-400
Washington Wizards,2017,79,false,199,-238
Washington Wizards,2017,80,false,-714,509
Washington Wizards,2017,81,true,-333,267
Washington Wizards,2017,82,false,-263,214
Washington Wizards,2018,1,false,-250,204
Washington Wizards,2018,2,false,-128,108
Washington Wizards,2018,3,true,166,-196
Washington Wizards,2018,4,false,430,-556
Washington Wizards,2018,5,false,-213,175
Washington Wizards,2018,6,false,140,-164
Washington Wizards,2018,7,false,-101,-116
Washington Wizards,2018,8,false,-161,138
Washington Wizards,2018,9,true,-270,222
Washington Wizards,2018,10,false,-127,106
Washington Wizards,2018,11,false,-169,144
Washington Wizards,2018,12,true,142,-167
Washington Wizards,2018,13,true,-312,259
Washington Wizards,2018,14,true,-909,612
Washington Wizards,2018,15,false,-256,211
Washington Wizards,2018,16,false,-104,-114
Washington Wizards,2018,17,true,-106,-111
Washington Wizards,2018,18,false,430,-588
Washington Wizards,2018,19,true,-156,134
Washington Wizards,2018,20,true,-127,106
Washington Wizards,2018,21,false,215,-263
Washington Wizards,2018,22,false,328,-417
Washington Wizards,2018,23,true,-270,222
Washington Wizards,2018,24,true,-135,114
Washington Wizards,2018,25,true,-161,136
Washington Wizards,2018,26,false,-312,256
Washington Wizards,2018,27,false,206,-244
Washington Wizards,2018,28,false,144,-172
Washington Wizards,2018,29,false,124,-147
Washington Wizards,2018,30,true,136,-161
Washington Wizards,2018,31,false,-156,131
Washington Wizards,2018,32,false,501,-714
Washington Wizards,2018,33,true,-196,167
Washington Wizards,2018,34,false,462,-625
Washington Wizards,2018,35,false,159,-189
Washington Wizards,2018,36,false,-192,161
Washington Wizards,2018,37,true,137,-161
Washington Wizards,2018,38,true,-263,213
Washington Wizards,2018,39,false,234,-286
Washington Wizards,2018,40,true,429,-588
Washington Wizards,2018,41,false,281,-357
Washington Wizards,2018,42,true,139,-164
Washington Wizards,2018,43,true,106,-127
Washington Wizards,2018,44,false,174,-208
Washington Wizards,2018,45,true,-312,252
Washington Wizards,2018,46,true,-233,191
Washington Wizards,2018,47,false,363,-476
Washington Wizards,2018,48,true,134,-159
Washington Wizards,2018,49,false,144,-169
Washington Wizards,2018,50,false,-345,274
Washington Wizards,2018,51,true,-114,-105
Washington Wizards,2018,52,false,208,-250
Washington Wizards,2018,53,false,-286,231
Washington Wizards,2018,54,false,561,-833
Washington Wizards,2018,55,true,-526,403
Washington Wizards,2018,56,true,-132,110
Washington Wizards,2018,57,false,204,-250
Washington Wizards,2018,58,false,372,-500
Washington Wizards,2018,59,false,175,-213
Washington Wizards,2018,60,false,-111,-106
Washington Wizards,2018,61,true,177,-213
Washington Wizards,2018,62,false,413,-556
Washington Wizards,2018,63,true,-111,-108
Washington Wizards,2018,64,true,-227,187
Washington Wizards,2018,65,false,154,-182
Washington Wizards,2018,66,false,237,-294
Washington Wizards,2018,67,true,-133,112
Washington Wizards,2018,68,true,-123,104
Washington Wizards,2018,69,false,-154,129
Washington Wizards,2018,70,true,-122,104
Washington Wizards,2018,71,false,184,-222
Washington Wizards,2018,72,false,-182,154
Washington Wizards,2018,73,false,309,-400
Washington Wizards,2018,74,false,-120,102
Washington Wizards,2018,75,false,120,-141
Washington Wizards,2018,76,true,-116,-101
Washington Wizards,2018,77,false,750,-1250
Washington Wizards,2018,78,true,470,-667
Washington Wizards,2018,79,false,-526,398
Washington Wizards,2018,80,false,223,-270
Washington Wizards,2018,81,false,-169,145
Washington Wizards,2018,82,false,-200,167
Washington Wizards,2019,1,false,344,-435
Washington Wizards,2019,2,true,309,-385
Washington Wizards,2019,3,false,544,-909
Washington Wizards,2019,4,false,277,-345
Washington Wizards,2019,5,false,-149,125
Washington Wizards,2019,6,true,-169,143
Washington Wizards,2019,7,false,127,-149
Washington Wizards,2019,8,false,-200,167
Washington Wizards,2019,9,false,252,-312
Washington Wizards,2019,10,true,194,-233
Washington Wizards,2019,11,false,198,-238
Washington Wizards,2019,12,true,110,-132
Washington Wizards,2019,13,true,-233,192
Washington Wizards,2019,14,false,-133,114
Washington Wizards,2019,15,false,407,-526
Washington Wizards,2019,16,true,235,-286
Washington Wizards,2019,17,false,544,-769
Washington Wizards,2019,18,false,623,-909
Washington Wizards,2019,19,false,-110,-109
Washington Wizards,2019,20,true,280,-357
Washington Wizards,2019,21,false,384,-500
Washington Wizards,2019,22,false,348,-455
Washington Wizards,2019,23,false,-125,104
Washington Wizards,2019,24,false,100,-119
Washington Wizards,2019,25,true,119,-141
Washington Wizards,2019,26,false,-114,-105
Washington Wizards,2019,27,false,225,-278
Washington Wizards,2019,28,false,642,-1000
Washington Wizards,2019,29,true,136,-161
Washington Wizards,2019,30,false,220,-270
Washington Wizards,2019,31,false,137,-161
Washington Wizards,2019,32,true,507,-714
Washington Wizards,2019,33,false,129,-154
Washington Wizards,2019,34,false,254,-312
Washington Wizards,2019,35,true,652,-1000
Washington Wizards,2019,36,true,318,-400
Washington Wizards,2019,37,false,387,-526
Washington Wizards,2019,38,true,-101,-118
Washington Wizards,2019,39,false,200,-244
Washington Wizards,2019,40,false,159,-189
Washington Wizards,2019,41,false,447,-625
Washington Wizards,2019,42,true,-110,-108
Washington Wizards,2019,43,false,426,-556
Washington Wizards,2019,44,true,117,-137
Washington Wizards,2019,45,false,-103,-115
Washington Wizards,2019,46,false,561,-833
Washington Wizards,2019,47,true,-164,139
Washington Wizards,2019,48,true,110,-130
Washington Wizards,2019,49,false,-263,215
Washington Wizards,2019,50,true,131,-154
Washington Wizards,2019,51,false,120,-143
Washington Wizards,2019,52,true,-161,136
Washington Wizards,2019,53,true,124,-147
Washington Wizards,2019,54,false,-244,200
Washington Wizards,2019,55,false,-161,135
Washington Wizards,2019,56,false,652,-1000
Washington Wizards,2019,57,true,104,-123
Washington Wizards,2019,58,false,420,-556
Washington Wizards,2019,59,true,-312,252
Washington Wizards,2019,60,false,198,-238
Washington Wizards,2019,61,false,269,-333
Washington Wizards,2019,62,true,-217,181
Washington Wizards,2019,63,false,177,-213
Washington Wizards,2019,64,true,-204,173
Washington Wizards,2019,65,false,254,-303
Washington Wizards,2019,66,false,146,-167
Washington Wizards,2019,67,false,323,-400
Washington Wizards,2019,68,false,438,-556
Washington Wizards,2019,69,false,293,-357
Washington Wizards,2019,70,false,349,-435
Washington Wizards,2019,71,false,315,-385
Washington Wizards,2019,72,true,-123,108
Washington Wizards,2020,1,false,246,-303
Washington Wizards,2020,2,false,-128,108
Washington Wizards,2020,3,false,108,-127
Washington Wizards,2020,4,false,-256,209
Washington Wizards,2020,5,false,-294,242
Washington Wizards,2020,6,true,-111,-106
Washington Wizards,2020,7,true,259,-323
Washington Wizards,2020,8,false,218,-263
Washington Wizards,2020,9,false,143,-167
Washington Wizards,2020,10,false,422,-556
Washington Wizards,2020,11,true,210,-256
Washington Wizards,2020,12,false,195,-233
Washington Wizards,2020,13,false,136,-156
Washington Wizards,2020,14,false,281,-345
Washington Wizards,2020,15,false,138,-161
Washington Wizards,2020,16,true,214,-256
Washington Wizards,2020,17,false,-149,127
Washington Wizards,2020,18,true,330,-417
Washington Wizards,2020,19,false,227,-270
Washington Wizards,2020,20,false,-116,100
Washington Wizards,2020,21,true,156,-182
Washington Wizards,2020,22,false,177,-213
Washington Wizards,2020,23,false,135,-156
Washington Wizards,2020,24,true,237,-286
Washington Wizards,2020,25,true,-125,106
Washington Wizards,2020,26,true,162,-189
Washington Wizards,2020,27,true,161,-189
Washington Wizards,2020,28,true,224,-270
Washington Wizards,2020,29,false,548,-769
Washington Wizards,2020,30,true,281,-345
Washington Wizards,2020,31,true,-172,148
Washington Wizards,2020,32,false,217,-256
Washington Wizards,2020,33,false,-111,-104
Washington Wizards,2020,34,true,300,-370
Washington Wizards,2020,35,false,131,-154
Washington Wizards,2020,36,false,141,-164
Washington Wizards,2020,37,false,652,-1000
Washington Wizards,2020,38,false,315,-400
Washington Wizards,2020,39,false,-112,-104
Washington Wizards,2020,40,true,450,-588
Washington Wizards,2020,41,false,316,-400
Washington Wizards,2020,42,false,124,-145
Washington Wizards,2020,43,false,123,-143
Washington Wizards,2020,44,true,-222,185
Washington Wizards,2020,45,true,240,-294
Washington Wizards,2020,46,false,158,-185
Washington Wizards,2020,47,false,-112,-105
Washington Wizards,2020,48,false,194,-233
Washington Wizards,2020,49,false,184,-217
Washington Wizards,2020,50,true,-189,162
Washington Wizards,2020,51,true,159,-185
Washington Wizards,2020,52,false,719,-1111
Washington Wizards,2020,53,true,466,-625
Washington Wizards,2020,54,true,-127,108
Washington Wizards,2020,55,true,129,-149
Washington Wizards,2020,56,true,-185,159
Washington Wizards,2020,57,true,-833,597
Washington Wizards,2020,58,true,108,-127
Washington Wizards,2020,59,true,-455,357
Washington Wizards,2020,60,true,-294,239
Washington Wizards,2020,61,false,114,-133
Washington Wizards,2020,62,true,-104,-112
Washington Wizards,2020,63,true,-263,217
Washington Wizards,2020,64,false,162,-189
Washington Wizards,2020,65,true,-185,160
Washington Wizards,2020,66,false,148,-172
Washington Wizards,2020,67,true,-128,110
Washington Wizards,2020,68,true,-179,152
Washington Wizards,2020,69,false,286,-345
Washington Wizards,2020,70,false,229,-278
Washington Wizards,2020,71,true,-417,338
Washington Wizards,2020,72,true,-278,227
Washington Wizards,2021,1,true,122,-141
Washington Wizards,2021,2,true,108,-125
Washington Wizards,2021,3,false,198,-233
Washington Wizards,2021,4,true,152,-175
Washington Wizards,2021,5,true,147,-169
Washington Wizards,2021,6,true,-130,112
Washington Wizards,2021,7,false,175,-204
Washington Wizards,2021,8,false,-164,140
Washington Wizards,2021,9,true,-135,117
Washington Wizards,2021,10,true,-104,-112
Washington Wizards,2021,11,true,-159,136
Washington Wizards,2021,12,true,-185,160
Washington Wizards,2021,13,true,-185,156
Washington Wizards,2021,14,false,-105,-112
Washington Wizards,2021,15,false,220,-263
Washington Wizards,2021,16,true,118,-139
Washington Wizards,2021,17,false,-189,161
Washington Wizards,2021,18,false,-167,143
Washington Wizards,2021,19,true,-256,214
Washington Wizards,2021,20,true,215,-256
Washington Wizards,2021,21,false,-154,133
Washington Wizards,2021,22,true,-167,142
Washington Wizards,2021,23,false,-145,125
Washington Wizards,2021,24,false,100,-116
Washington Wizards,2021,25,false,191,-227
Washington Wizards,2021,26,true,-208,175
Washington Wizards,2021,27,false,227,-278
Washington Wizards,2021,28,false,140,-164
Washington Wizards,2021,29,false,-127,108
Washington Wizards,2021,30,false,326,-400
Washington Wizards,2021,31,true,359,-455
Washington Wizards,2021,32,true,119,-139
Washington Wizards,2021,33,false,146,-169
Washington Wizards,2021,34,false,260,-323
Washington Wizards,2021,35,true,-175,150
Washington Wizards,2021,36,false,110,-130
Washington Wizards,2021,37,true,-127,108
Washington Wizards,2021,38,false,-312,254
Washington Wizards,2021,39,false,187,-222
Washington Wizards,2021,40,true,-294,245
Washington Wizards,2021,41,true,-286,239
Washington Wizards,2021,42,true,-250,208
Washington Wizards,2021,43,false,-294,243
Washington Wizards,2021,44,true,110,-128
Washington Wizards,2021,45,false,-112,-106
Washington Wizards,2021,46,false,116,-135
Washington Wizards,2021,47,false,116,-135
Washington Wizards,2021,48,false,-200,170
Washington Wizards,2021,49,false,196,-233
Washington Wizards,2021,50,false,509,-667
Washington Wizards,2021,51,true,392,-500
Washington Wizards,2021,52,false,281,-345
Washington Wizards,2021,53,false,231,-278
Washington Wizards,2021,54,true,-112,-104
Washington Wizards,2021,55,false,125,-145
Washington Wizards,2021,56,true,-159,136
Washington Wizards,2021,57,false,-104,-112
Washington Wizards,2021,58,true,165,-192
Washington Wizards,2021,59,false,141,-164
Washington Wizards,2021,60,false,297,-370
Washington Wizards,2021,61,true,-156,134
Washington Wizards,2021,62,false,187,-222
Washington Wizards,2021,63,true,-133,114
Washington Wizards,2021,64,false,141,-164
Washington Wizards,2021,65,false,159,-185
Washington Wizards,2021,66,false,-263,217
Washington Wizards,2021,67,false,518,-714
Washington Wizards,2021,68,false,217,-256
Washington Wizards,2021,69,false,204,-244
Washington Wizards,2021,70,true,110,-127
Washington Wizards,2021,71,false,-161,139
Washington Wizards,2021,72,false,313,-385
Washington Wizards,2021,73,true,150,-172
Washington Wizards,2021,74,true,234,-278
Washington Wizards,2021,75,false,152,-179
Washington Wizards,2021,76,true,-167,144
Washington Wizards,2021,77,true,265,-323
Washington Wizards,2021,78,false,680,-1000
Washington Wizards,2021,79,true,538,-714
Washington Wizards,2021,80,false,416,-526
Washington Wizards,2021,81,false,137,-159
Washington Wizards,2021,82,false,604,-833
Washington Wizards,2022,1,true,-137,117
Washington Wizards,2022,2,true,-130,108
Washington Wizards,2022,3,false,137,-164
Washington Wizards,2022,4,true,-222,181
Washington Wizards,2022,5,false,-200,165
Washington Wizards,2022,6,false,337,-455
Washington Wizards,2022,7,false,121,-145
Washington Wizards,2022,8,true,184,-222
Washington Wizards,2022,9,false,-152,127
Washington Wizards,2022,10,false,326,-435
Washington Wizards,2022,11,true,108,-128
Washington Wizards,2022,12,true,191,-233
Washington Wizards,2022,13,true,145,-172
Washington Wizards,2022,14,true,-122,102
Washington Wizards,2022,15,false,-196,164
Washington Wizards,2022,16,true,-312,247
Washington Wizards,2022,17,true,-196,165
Washington Wizards,2022,18,false,154,-182
Washington Wizards,2022,19,false,123,-147
Washington Wizards,2022,20,false,264,-333
Washington Wizards,2022,21,true,-116,-103
Washington Wizards,2022,22,false,183,-222
Washington Wizards,2022,23,false,-172,143
Washington Wizards,2022,24,false,-123,104
Washington Wizards,2022,25,false,166,-200
Washington Wizards,2022,26,false,142,-169
Washington Wizards,2022,27,false,166,-200
Washington Wizards,2022,28,false,179,-217
Washington Wizards,2022,29,false,470,-667
Washington Wizards,2022,30,false,165,-200
Washington Wizards,2022,31,false,127,-152
Washington Wizards,2022,32,true,231,-286
Washington Wizards,2022,33,false,225,-278
Washington Wizards,2022,34,true,254,-323
Washington Wizards,2022,35,true,161,-192
Washington Wizards,2022,36,true,114,-137
Washington Wizards,2022,37,true,-182,152
Washington Wizards,2022,38,true,117,-139
Washington Wizards,2022,39,false,240,-303
Washington Wizards,2022,40,false,-109,-110
Washington Wizards,2022,41,false,-123,104
Washington Wizards,2022,42,true,102,-123
Washington Wizards,2022,43,false,138,-164
Washington Wizards,2022,44,false,124,-147
Washington Wizards,2022,45,true,174,-208
Washington Wizards,2022,46,true,-263,213
Washington Wizards,2022,47,true,220,-270
Washington Wizards,2022,48,true,-132,110
Washington Wizards,2022,49,true,174,-213
Washington Wizards,2022,50,true,-208,170
Washington Wizards,2022,51,false,-179,152
Washington Wizards,2022,52,false,-115,-101
Washington Wizards,2022,53,false,143,-167
Washington Wizards,2022,54,true,-172,148
Washington Wizards,2022,55,true,-213,177
Washington Wizards,2022,56,false,144,-167
Washington Wizards,2022,57,true,-120,102
Washington Wizards,2022,58,true,138,-161
Washington Wizards,2022,59,false,-115,-102
Washington Wizards,2022,60,false,175,-208
Washington Wizards,2022,61,true,234,-286
Washington Wizards,2022,62,true,106,-127
Washington Wizards,2022,63,false,114,-137
Washington Wizards,2022,64,false,188,-233
Washington Wizards,2022,65,true,-526,384
Washington Wizards,2022,66,false,124,-147
Washington Wizards,2022,67,false,100,-119
Washington Wizards,2022,68,false,242,-312
Washington Wizards,2022,69,true,-909,601
Washington Wizards,2022,70,false,177,-217
Washington Wizards,2022,71,false,159,-189
Washington Wizards,2022,72,false,-105,-111
Washington Wizards,2022,73,false,297,-385
Washington Wizards,2022,74,true,-385,307
Washington Wizards,2022,75,false,351,-476
Washington Wizards,2022,76,true,438,-625
Washington Wizards,2022,77,false,158,-189
Washington Wizards,2022,78,false,443,-625
Washington Wizards,2022,79,false,640,-1000
Washington Wizards,2022,80,false,519,-769
Washington Wizards,2022,81,true,150,-175
Washington Wizards,2022,82,false,146,-172
Washington Wizards,2023,1,false,164,-192
Washington Wizards,2023,2,true,-106,-109
Washington Wizards,2023,3,false,380,-500
Washington Wizards,2023,4,false,345,-455
Washington Wizards,2023,5,false,309,-400
Washington Wizards,2023,6,false,415,-556
Washington Wizards,2023,7,true,112,-133
Washington Wizards,2023,8,false,-149,129
Washington Wizards,2023,9,false,223,-278
Washington Wizards,2023,10,false,281,-357
Washington Wizards,2023,11,false,150,-175
Washington Wizards,2023,12,false,229,-278
Washington Wizards,2023,13,false,351,-476
Washington Wizards,2023,14,false,143,-167
Washington Wizards,2023,15,false,596,-833
Washington Wizards,2023,16,false,271,-333
Washington Wizards,2023,17,true,114,-133
Washington Wizards,2023,18,false,334,-455
Washington Wizards,2023,19,false,363,-476
Washington Wizards,2023,20,false,370,-476
Washington Wizards,2023,21,false,315,-417
Washington Wizards,2023,22,false,555,-769
Washington Wizards,2023,23,false,214,-263
Washington Wizards,2023,24,true,269,-333
Washington Wizards,2023,25,false,552,-769
Washington Wizards,2023,26,false,657,-1000
Washington Wizards,2023,27,true,148,-175
Washington Wizards,2023,28,false,405,-556
Washington Wizards,2023,29,false,229,-286
Washington Wizards,2023,30,false,216,-263
Washington Wizards,2023,31,true,194,-238
Washington Wizards,2023,32,false,204,-250
Washington Wizards,2023,33,false,321,-417
Washington Wizards,2023,34,false,391,-526
Washington Wizards,2023,35,false,317,-400
Washington Wizards,2023,36,false,448,-625
Washington Wizards,2023,37,false,261,-323
Washington Wizards,2023,38,true,248,-312
Washington Wizards,2023,39,false,-227,186
Washington Wizards,2023,40,false,497,-714
Washington Wizards,2023,41,false,-130,112
Washington Wizards,2023,42,false,522,-714
Washington Wizards,2023,43,false,399,-526
Washington Wizards,2023,44,false,220,-270
Washington Wizards,2023,45,true,134,-156
Washington Wizards,2023,46,true,137,-159
Washington Wizards,2023,47,false,337,-435
Washington Wizards,2023,48,false,258,-312
Washington Wizards,2023,49,false,411,-588
Washington Wizards,2023,50,false,493,-714
Washington Wizards,2023,51,false,1247,-2500
Washington Wizards,2023,52,false,179,-213
Washington Wizards,2023,53,false,514,-714
Washington Wizards,2023,54,false,698,-1111
Washington Wizards,2023,55,false,816,-1429
Washington Wizards,2023,56,false,893,-1667
Washington Wizards,2023,57,false,639,-909
Washington Wizards,2023,58,false,415,-556
Washington Wizards,2023,59,false,405,-556
Washington Wizards,2023,60,false,802,-1429
Washington Wizards,2023,61,false,172,-208
Washington Wizards,2023,62,false,222,-270
Washington Wizards,2023,63,true,-137,120
Washington Wizards,2023,64,true,461,-625
Washington Wizards,2023,65,false,-130,112
Washington Wizards,2023,66,false,288,-357
Washington Wizards,2023,67,false,333,-435
Washington Wizards,2023,68,false,784,-1429
Washington Wizards,2023,69,false,395,-526
Washington Wizards,2023,70,true,448,-625
Washington Wizards,2023,71,true,-233,184
Washington Wizards,2023,72,true,551,-769
Washington Wizards,2023,73,false,142,-167
Washington Wizards,2023,74,false,-154,133
Washington Wizards,2023,75,false,478,-667
Washington Wizards,2023,76,true,614,-909
Washington Wizards,2023,77,false,581,-833
Washington Wizards,2023,78,false,-143,121
Washington Wizards,2023,79,false,160,-192
Washington Wizards,2023,80,false,1070,-2000
Washington Wizards,2023,81,false,-127,106
Washington Wizards,2023,82,false,355,-455
Washington Wizards,2024,1,false,677,-1111
Washington Wizards,2024,2,false,345,-455
Washington Wizards,2024,3,true,242,-312
Washington Wizards,2024,4,true,175,-213
Washington Wizards,2024,5,false,351,-476
Washington Wizards,2024,6,false,422,-588
Washington Wizards,2024,7,false,244,-312
Washington Wizards,2024,8,false,441,-625
Washington Wizards,2024,9,false,488,-714
Washington Wizards,2024,10,false,345,-476
Washington Wizards,2024,11,false,320,-417
Washington Wizards,2024,12,false,172,-208
Washington Wizards,2024,13,false,681,-1111
Washington Wizards,2024,14,false,819,-1429
Washington Wizards,2024,15,false,513,-769
Washington Wizards,2024,16,false,177,-217
Washington Wizards,2024,17,false,322,-417
Washington Wizards,2024,18,false,713,-1250
Washington Wizards,2024,19,false,842,-1429
Washington Wizards,2024,20,false,649,-1000
Washington Wizards,2024,21,true,526,-769
Washington Wizards,2024,22,false,343,-476
Washington Wizards,2024,23,false,959,-1667
Washington Wizards,2024,24,false,1024,-2000
Washington Wizards,2024,25,true,142,-169
Washington Wizards,2024,26,false,293,-385
Washington Wizards,2024,27,false,973,-2000
Washington Wizards,2024,28,true,159,-196
Washington Wizards,2024,29,false,593,-909
Washington Wizards,2024,30,false,534,-769
Washington Wizards,2024,31,true,192,-238
Washington Wizards,2024,32,false,246,-312
Washington Wizards,2024,33,false,195,-244
Washington Wizards,2024,34,false,614,-909
Washington Wizards,2024,35,false,369,-500
Washington Wizards,2024,36,false,372,-500
Washington Wizards,2024,37,false,850,-1429
Washington Wizards,2024,38,false,693,-1111
Washington Wizards,2024,39,false,480,-667
Washington Wizards,2024,40,false,626,-909
Washington Wizards,2024,41,false,994,-2000
Washington Wizards,2024,42,false,598,-909
Washington Wizards,2024,43,false,705,-1111
Washington Wizards,2024,44,false,657,-1111
Washington Wizards,2024,45,false,571,-833
Washington Wizards,2024,46,false,187,-227
Washington Wizards,2024,47,false,283,-357
Washington Wizards,2024,48,true,476,-667
Washington Wizards,2024,49,true,156,-189
Washington Wizards,2024,50,true,179,-217
Washington Wizards,2024,51,false,968,-2000
Washington Wizards,2024,52,false,225,-286
Washington Wizards,2024,53,false,441,-625
Washington Wizards,2024,54,false,338,-435
Washington Wizards,2024,55,false,170,-208
Washington Wizards,2024,56,false,569,-833
Washington Wizards,2024,57,true,123,-147
Washington Wizards,2024,58,false,194,-238
Washington Wizards,2024,59,true,145,-172
Washington Wizards,2024,60,false,286,-357
Washington Wizards,2024,61,true,-208,172
Washington Wizards,2024,62,true,152,-182
Washington Wizards,2024,63,false,220,-263
Washington Wizards,2024,64,false,682,-1111
Washington Wizards,2024,65,true,558,-769
Washington Wizards,2024,66,true,527,-769
Washington Wizards,2024,67,false,195,-238
Washington Wizards,2024,68,false,118,-141
Washington Wizards,2024,69,false,276,-357
Washington Wizards,2024,70,false,761,-1250
Washington Wizards,2024,71,false,-133,110
Washington Wizards,2024,72,true,125,-149
Washington Wizards,2024,73,false,531,-769
Washington Wizards,2024,74,false,-132,112
Washington Wizards,2024,75,false,334,-435
Washington Wizards,2024,76,true,578,-833
Washington Wizards,2024,77,false,817,-1429
Washington Wizards,2024,78,false,1134,-2500
Washington Wizards,2024,79,false,1148,-2500
Washington Wizards,2024,80,false,123,-152
Washington Wizards,2024,81,false,625,-1000
Washington Wizards,2024,82,true,276,-357
Washington Wizards,2025,1,false,350,-455
Washington Wizards,2025,2,true,340,-417
Washington Wizards,2025,3,false,-125,104
Washington Wizards,2025,4,false,160,-189
Washington Wizards,2025,5,false,775,-1250
Washington Wizards,2025,6,false,300,-385
Washington Wizards,2025,7,false,550,-667
Washington Wizards,2025,8,false,525,-667
Washington Wizards,2025,9,false,650,-833
Washington Wizards,2025,10,false,150,-179
Washington Wizards,2025,11,false,425,-588
Washington Wizards,2025,12,false,900,-1667
Washington Wizards,2025,13,false,-141,120
Washington Wizards,2025,14,false,950,-1250
Washington Wizards,2025,15,false,675,-909
Washington Wizards,2025,16,false,525,-667
Washington Wizards,2025,17,true,400,-556
Washington Wizards,2025,18,false,220,-238
Washington Wizards,2025,19,true,359,-400
Washington Wizards,2025,20,false,610,-833
Washington Wizards,2025,21,false,375,-455
Washington Wizards,2025,22,false,340,-400
Washington Wizards,2025,23,false,830,-1250
Washington Wizards,2025,24,true,350,-435
Washington Wizards,2025,25,false,810,-1250
Washington Wizards,2025,26,true,500,-667
Washington Wizards,2025,27,false,800,-1111
Washington Wizards,2025,28,false,220,-244
Washington Wizards,2025,29,true,270,-333
Washington Wizards,2025,30,true,240,-286
Washington Wizards,2025,31,false,359,-455
Washington Wizards,2025,32,true,400,-500
Washington Wizards,2025,33,true,-147,125
Washington Wizards,2025,34,false,380,-417
Washington Wizards,2025,35,true,240,-294
Washington Wizards,2025,36,false,675,-833
Washington Wizards,2025,37,false,125,-147
Washington Wizards,2025,38,false,610,-909
Washington Wizards,2025,39,false,400,-500
Washington Wizards,2025,40,false,225,-270
Washington Wizards,2025,41,false,380,-500
Washington Wizards,2025,42,false,235,-250
Washington Wizards,2025,43,false,215,-250
Washington Wizards,2025,44,false,390,-500
Washington Wizards,2025,45,true,210,-238
Washington Wizards,2025,46,true,110,-123
Washington Wizards,2025,47,false,384,-455
Washington Wizards,2025,48,true,104,-120
Washington Wizards,2025,49,false,520,-588
Washington Wizards,2025,50,true,810,-1250
Washington Wizards,2025,51,false,245,-294
Washington Wizards,2025,52,false,500,-588
Washington Wizards,2025,53,false,850,-1250
Washington Wizards,2025,54,true,110,-123
Washington Wizards,2025,55,true,-112,100
Washington Wizards,2025,56,false,380,-500
Washington Wizards,2025,57,false,490,-667
Washington Wizards,2025,58,false,390,-500
Washington Wizards,2025,59,false,610,-833
Washington Wizards,2025,60,false,700,-1000
Washington Wizards,2025,61,false,810,-1250
Washington Wizards,2025,62,false,-164,142
Washington Wizards,2025,63,false,400,-526
Washington Wizards,2025,64,false,750,-1111
Washington Wizards,2025,65,false,660,-909
Washington Wizards,2025,66,false,1500,-2500
Washington Wizards,2025,67,false,250,-303
Washington Wizards,2025,68,false,1300,-2000
Washington Wizards,2025,69,false,725,-1000
Washington Wizards,2025,70,false,1400,-3333
Washington Wizards,2025,71,false,1500,-3333
Washington Wizards,2025,72,true,134,-154
Washington Wizards,2025,73,false,550,-714
Washington Wizards,2025,74,false,950,-1667
Washington Wizards,2025,75,false,850,-1429
Washington Wizards,2025,76,false,750,-1111
Washington Wizards,2025,77,false,1100,-2000
Washington Wizards,2025,78,false,142,-159
Washington Wizards,2025,79,false,190,-222
Washington Wizards,2025,80,false,220,-256
Washington Wizards,2025,81,false,900,-1667
Washington Wizards,2025,82,false,390,-500
